path,label,split,name
D:\Flower-Classification\data\flowers-102\jpg\image_06895.jpg,30,test,carnation
D:\Flower-Classification\data\flowers-102\jpg\image_03440.jpg,22,train,fritillary
D:\Flower-Classification\data\flowers-102\jpg\image_03789.jpg,36,val,cape flower
D:\Flower-Classification\data\flowers-102\jpg\image_01904.jpg,77,train,lotus
D:\Flower-Classification\data\flowers-102\jpg\image_02528.jpg,75,test,morning glory
D:\Flower-Classification\data\flowers-102\jpg\image_02204.jpg,40,val,barbeton daisy
D:\Flower-Classification\data\flowers-102\jpg\image_07697.jpg,96,test,mallow
D:\Flower-Classification\data\flowers-102\jpg\image_08078.jpg,66,train,spring crocus
D:\Flower-Classification\data\flowers-102\jpg\image_08004.jpg,101,train,blackberry lily
D:\Flower-Classification\data\flowers-102\jpg\image_03890.jpg,16,test,purple coneflower
D:\Flower-Classification\data\flowers-102\jpg\image_05271.jpg,27,test,stemless gentian
D:\Flower-Classification\data\flowers-102\jpg\image_00881.jpg,80,val,frangipani
D:\Flower-Classification\data\flowers-102\jpg\image_07701.jpg,96,val,mallow
D:\Flower-Classification\data\flowers-102\jpg\image_05876.jpg,62,train,black-eyed susan
D:\Flower-Classification\data\flowers-102\jpg\image_03252.jpg,64,test,californian poppy
D:\Flower-Classification\data\flowers-102\jpg\image_07968.jpg,100,test,trumpet creeper
D:\Flower-Classification\data\flowers-102\jpg\image_03123.jpg,10,test,snapdragon
D:\Flower-Classification\data\flowers-102\jpg\image_05603.jpg,31,val,garden phlox
D:\Flower-Classification\data\flowers-102\jpg\image_00469.jpg,87,test,cyclamen
D:\Flower-Classification\data\flowers-102\jpg\image_00865.jpg,80,test,frangipani
D:\Flower-Classification\data\flowers-102\jpg\image_03466.jpg,29,test,sweet william
D:\Flower-Classification\data\flowers-102\jpg\image_01001.jpg,45,test,wallflower
D:\Flower-Classification\data\flowers-102\jpg\image_00830.jpg,80,test,frangipani
D:\Flower-Classification\data\flowers-102\jpg\image_08127.jpg,56,test,gaura
D:\Flower-Classification\data\flowers-102\jpg\image_07376.jpg,93,test,foxglove
D:\Flower-Classification\data\flowers-102\jpg\image_04547.jpg,70,test,gazania
D:\Flower-Classification\data\flowers-102\jpg\image_05687.jpg,41,test,daffodil
D:\Flower-Classification\data\flowers-102\jpg\image_07801.jpg,97,test,mexican petunia
D:\Flower-Classification\data\flowers-102\jpg\image_05846.jpg,37,test,great masterwort
D:\Flower-Classification\data\flowers-102\jpg\image_06846.jpg,23,test,red ginger
D:\Flower-Classification\data\flowers-102\jpg\image_07592.jpg,94,test,bougainvillea
D:\Flower-Classification\data\flowers-102\jpg\image_04332.jpg,35,test,ruby-lipped cattleya
D:\Flower-Classification\data\flowers-102\jpg\image_02164.jpg,74,test,thorn apple
D:\Flower-Classification\data\flowers-102\jpg\image_00732.jpg,88,test,watercress
D:\Flower-Classification\data\flowers-102\jpg\image_00236.jpg,76,test,passion flower
D:\Flower-Classification\data\flowers-102\jpg\image_03085.jpg,91,test,bee balm
D:\Flower-Classification\data\flowers-102\jpg\image_03182.jpg,64,test,californian poppy
D:\Flower-Classification\data\flowers-102\jpg\image_03272.jpg,64,val,californian poppy
D:\Flower-Classification\data\flowers-102\jpg\image_07321.jpg,93,test,foxglove
D:\Flower-Classification\data\flowers-102\jpg\image_00992.jpg,45,test,wallflower
D:\Flower-Classification\data\flowers-102\jpg\image_03284.jpg,7,test,bird of paradise
D:\Flower-Classification\data\flowers-102\jpg\image_00600.jpg,88,test,watercress
D:\Flower-Classification\data\flowers-102\jpg\image_01574.jpg,43,test,poinsettia
D:\Flower-Classification\data\flowers-102\jpg\image_05076.jpg,58,test,orange dahlia
D:\Flower-Classification\data\flowers-102\jpg\image_06134.jpg,63,test,silverbush
D:\Flower-Classification\data\flowers-102\jpg\image_05550.jpg,65,val,osteospermum
D:\Flower-Classification\data\flowers-102\jpg\image_02180.jpg,74,test,thorn apple
D:\Flower-Classification\data\flowers-102\jpg\image_08029.jpg,101,test,blackberry lily
D:\Flower-Classification\data\flowers-102\jpg\image_05902.jpg,62,val,black-eyed susan
D:\Flower-Classification\data\flowers-102\jpg\image_01779.jpg,82,train,hibiscus
D:\Flower-Classification\data\flowers-102\jpg\image_03823.jpg,36,test,cape flower
D:\Flower-Classification\data\flowers-102\jpg\image_00032.jpg,76,test,passion flower
D:\Flower-Classification\data\flowers-102\jpg\image_06835.jpg,23,test,red ginger
D:\Flower-Classification\data\flowers-102\jpg\image_04813.jpg,84,test,desert-rose
D:\Flower-Classification\data\flowers-102\jpg\image_03583.jpg,71,val,azalea
D:\Flower-Classification\data\flowers-102\jpg\image_05347.jpg,21,test,pincushion flower
D:\Flower-Classification\data\flowers-102\jpg\image_04412.jpg,89,test,canna lily
D:\Flower-Classification\data\flowers-102\jpg\image_03159.jpg,10,test,snapdragon
D:\Flower-Classification\data\flowers-102\jpg\image_05530.jpg,65,val,osteospermum
D:\Flower-Classification\data\flowers-102\jpg\image_06943.jpg,33,val,mexican aster
D:\Flower-Classification\data\flowers-102\jpg\image_04967.jpg,46,test,marigold
D:\Flower-Classification\data\flowers-102\jpg\image_03569.jpg,71,test,azalea
D:\Flower-Classification\data\flowers-102\jpg\image_04762.jpg,54,test,pelargonium
D:\Flower-Classification\data\flowers-102\jpg\image_07368.jpg,93,test,foxglove
D:\Flower-Classification\data\flowers-102\jpg\image_04788.jpg,84,test,desert-rose
D:\Flower-Classification\data\flowers-102\jpg\image_04039.jpg,11,test,colt's foot
D:\Flower-Classification\data\flowers-102\jpg\image_01846.jpg,77,test,lotus
D:\Flower-Classification\data\flowers-102\jpg\image_00986.jpg,45,train,wallflower
D:\Flower-Classification\data\flowers-102\jpg\image_01630.jpg,81,test,clematis
D:\Flower-Classification\data\flowers-102\jpg\image_00149.jpg,76,test,passion flower
D:\Flower-Classification\data\flowers-102\jpg\image_05559.jpg,65,test,osteospermum
D:\Flower-Classification\data\flowers-102\jpg\image_04472.jpg,89,test,canna lily
D:\Flower-Classification\data\flowers-102\jpg\image_00232.jpg,76,test,passion flower
D:\Flower-Classification\data\flowers-102\jpg\image_05283.jpg,69,test,tree poppy
D:\Flower-Classification\data\flowers-102\jpg\image_04133.jpg,28,test,artichoke
D:\Flower-Classification\data\flowers-102\jpg\image_03117.jpg,10,train,snapdragon
D:\Flower-Classification\data\flowers-102\jpg\image_07517.jpg,94,test,bougainvillea
D:\Flower-Classification\data\flowers-102\jpg\image_01240.jpg,73,test,rose
D:\Flower-Classification\data\flowers-102\jpg\image_05058.jpg,58,test,orange dahlia
D:\Flower-Classification\data\flowers-102\jpg\image_02458.jpg,75,train,morning glory
D:\Flower-Classification\data\flowers-102\jpg\image_05401.jpg,53,test,sunflower
D:\Flower-Classification\data\flowers-102\jpg\image_01477.jpg,50,test,petunia
D:\Flower-Classification\data\flowers-102\jpg\image_03449.jpg,22,val,fritillary
D:\Flower-Classification\data\flowers-102\jpg\image_00303.jpg,72,test,water lily
D:\Flower-Classification\data\flowers-102\jpg\image_07084.jpg,66,test,spring crocus
D:\Flower-Classification\data\flowers-102\jpg\image_05928.jpg,67,test,bearded iris
D:\Flower-Classification\data\flowers-102\jpg\image_05869.jpg,62,test,black-eyed susan
D:\Flower-Classification\data\flowers-102\jpg\image_00425.jpg,72,test,water lily
D:\Flower-Classification\data\flowers-102\jpg\image_08071.jpg,30,test,carnation
D:\Flower-Classification\data\flowers-102\jpg\image_07377.jpg,93,test,foxglove
D:\Flower-Classification\data\flowers-102\jpg\image_02706.jpg,57,train,geranium
D:\Flower-Classification\data\flowers-102\jpg\image_04132.jpg,28,test,artichoke
D:\Flower-Classification\data\flowers-102\jpg\image_05956.jpg,67,val,bearded iris
D:\Flower-Classification\data\flowers-102\jpg\image_04090.jpg,28,test,artichoke
D:\Flower-Classification\data\flowers-102\jpg\image_02034.jpg,79,test,anthurium
D:\Flower-Classification\data\flowers-102\jpg\image_08016.jpg,101,val,blackberry lily
D:\Flower-Classification\data\flowers-102\jpg\image_07711.jpg,96,train,mallow
D:\Flower-Classification\data\flowers-102\jpg\image_02182.jpg,74,train,thorn apple
D:\Flower-Classification\data\flowers-102\jpg\image_06978.jpg,34,test,alpine sea holly
D:\Flower-Classification\data\flowers-102\jpg\image_04310.jpg,17,test,peruvian lily
D:\Flower-Classification\data\flowers-102\jpg\image_05941.jpg,67,test,bearded iris
D:\Flower-Classification\data\flowers-102\jpg\image_06851.jpg,26,test,prince of wales feathers
D:\Flower-Classification\data\flowers-102\jpg\image_06371.jpg,14,test,yellow iris
D:\Flower-Classification\data\flowers-102\jpg\image_02796.jpg,55,test,bishop of llandaff
D:\Flower-Classification\data\flowers-102\jpg\image_04790.jpg,84,test,desert-rose
D:\Flower-Classification\data\flowers-102\jpg\image_07779.jpg,97,test,mexican petunia
D:\Flower-Classification\data\flowers-102\jpg\image_00058.jpg,76,test,passion flower
D:\Flower-Classification\data\flowers-102\jpg\image_04982.jpg,46,test,marigold
D:\Flower-Classification\data\flowers-102\jpg\image_03643.jpg,52,test,primula
D:\Flower-Classification\data\flowers-102\jpg\image_02561.jpg,83,test,columbine
D:\Flower-Classification\data\flowers-102\jpg\image_02703.jpg,57,test,geranium
D:\Flower-Classification\data\flowers-102\jpg\image_02575.jpg,83,test,columbine
D:\Flower-Classification\data\flowers-102\jpg\image_03911.jpg,16,test,purple coneflower
D:\Flower-Classification\data\flowers-102\jpg\image_00905.jpg,80,test,frangipani
D:\Flower-Classification\data\flowers-102\jpg\image_04795.jpg,84,test,desert-rose
D:\Flower-Classification\data\flowers-102\jpg\image_01635.jpg,81,test,clematis
D:\Flower-Classification\data\flowers-102\jpg\image_06958.jpg,33,val,mexican aster
D:\Flower-Classification\data\flowers-102\jpg\image_00595.jpg,87,test,cyclamen
D:\Flower-Classification\data\flowers-102\jpg\image_05605.jpg,31,test,garden phlox
D:\Flower-Classification\data\flowers-102\jpg\image_06812.jpg,20,train,fire lily
D:\Flower-Classification\data\flowers-102\jpg\image_05374.jpg,21,train,pincushion flower
D:\Flower-Classification\data\flowers-102\jpg\image_02207.jpg,40,test,barbeton daisy
D:\Flower-Classification\data\flowers-102\jpg\image_02715.jpg,57,test,geranium
D:\Flower-Classification\data\flowers-102\jpg\image_07604.jpg,95,train,camellia
D:\Flower-Classification\data\flowers-102\jpg\image_01762.jpg,82,test,hibiscus
D:\Flower-Classification\data\flowers-102\jpg\image_04700.jpg,54,test,pelargonium
D:\Flower-Classification\data\flowers-102\jpg\image_06555.jpg,49,test,common dandelion
D:\Flower-Classification\data\flowers-102\jpg\image_01018.jpg,45,test,wallflower
D:\Flower-Classification\data\flowers-102\jpg\image_07178.jpg,5,train,tiger lily
D:\Flower-Classification\data\flowers-102\jpg\image_05515.jpg,86,test,magnolia
D:\Flower-Classification\data\flowers-102\jpg\image_01276.jpg,73,test,rose
D:\Flower-Classification\data\flowers-102\jpg\image_02302.jpg,40,test,barbeton daisy
D:\Flower-Classification\data\flowers-102\jpg\image_05638.jpg,3,train,sweet pea
D:\Flower-Classification\data\flowers-102\jpg\image_01432.jpg,50,test,petunia
D:\Flower-Classification\data\flowers-102\jpg\image_03693.jpg,52,test,primula
D:\Flower-Classification\data\flowers-102\jpg\image_07691.jpg,96,val,mallow
D:\Flower-Classification\data\flowers-102\jpg\image_06565.jpg,49,test,common dandelion
D:\Flower-Classification\data\flowers-102\jpg\image_07736.jpg,96,test,mallow
D:\Flower-Classification\data\flowers-102\jpg\image_03669.jpg,52,test,primula
D:\Flower-Classification\data\flowers-102\jpg\image_03270.jpg,64,train,californian poppy
D:\Flower-Classification\data\flowers-102\jpg\image_02364.jpg,42,test,sword lily
D:\Flower-Classification\data\flowers-102\jpg\image_00673.jpg,88,test,watercress
D:\Flower-Classification\data\flowers-102\jpg\image_00340.jpg,72,test,water lily
D:\Flower-Classification\data\flowers-102\jpg\image_04434.jpg,89,test,canna lily
D:\Flower-Classification\data\flowers-102\jpg\image_03686.jpg,52,test,primula
D:\Flower-Classification\data\flowers-102\jpg\image_06130.jpg,63,test,silverbush
D:\Flower-Classification\data\flowers-102\jpg\image_07484.jpg,94,test,bougainvillea
D:\Flower-Classification\data\flowers-102\jpg\image_05926.jpg,67,val,bearded iris
D:\Flower-Classification\data\flowers-102\jpg\image_08054.jpg,90,test,hippeastrum
D:\Flower-Classification\data\flowers-102\jpg\image_01100.jpg,45,test,wallflower
D:\Flower-Classification\data\flowers-102\jpg\image_05489.jpg,86,test,magnolia
D:\Flower-Classification\data\flowers-102\jpg\image_02619.jpg,83,test,columbine
D:\Flower-Classification\data\flowers-102\jpg\image_02092.jpg,74,test,thorn apple
D:\Flower-Classification\data\flowers-102\jpg\image_04844.jpg,90,test,hippeastrum
D:\Flower-Classification\data\flowers-102\jpg\image_02778.jpg,55,test,bishop of llandaff
D:\Flower-Classification\data\flowers-102\jpg\image_05839.jpg,37,train,great masterwort
D:\Flower-Classification\data\flowers-102\jpg\image_00756.jpg,88,test,watercress
D:\Flower-Classification\data\flowers-102\jpg\image_08171.jpg,61,test,japanese anemone
D:\Flower-Classification\data\flowers-102\jpg\image_00833.jpg,80,test,frangipani
D:\Flower-Classification\data\flowers-102\jpg\image_00628.jpg,88,val,watercress
D:\Flower-Classification\data\flowers-102\jpg\image_06527.jpg,25,test,corn poppy
D:\Flower-Classification\data\flowers-102\jpg\image_07714.jpg,96,test,mallow
D:\Flower-Classification\data\flowers-102\jpg\image_03920.jpg,50,test,petunia
D:\Flower-Classification\data\flowers-102\jpg\image_05190.jpg,4,test,english marigold
D:\Flower-Classification\data\flowers-102\jpg\image_06508.jpg,25,test,corn poppy
D:\Flower-Classification\data\flowers-102\jpg\image_07589.jpg,94,test,bougainvillea
D:\Flower-Classification\data\flowers-102\jpg\image_00685.jpg,88,val,watercress
D:\Flower-Classification\data\flowers-102\jpg\image_02261.jpg,40,test,barbeton daisy
D:\Flower-Classification\data\flowers-102\jpg\image_01669.jpg,81,test,clematis
D:\Flower-Classification\data\flowers-102\jpg\image_02527.jpg,75,test,morning glory
D:\Flower-Classification\data\flowers-102\jpg\image_01296.jpg,73,test,rose
D:\Flower-Classification\data\flowers-102\jpg\image_03674.jpg,52,test,primula
D:\Flower-Classification\data\flowers-102\jpg\image_07387.jpg,93,test,foxglove
D:\Flower-Classification\data\flowers-102\jpg\image_07208.jpg,6,test,moon orchid
D:\Flower-Classification\data\flowers-102\jpg\image_07115.jpg,9,test,globe thistle
D:\Flower-Classification\data\flowers-102\jpg\image_02343.jpg,42,test,sword lily
D:\Flower-Classification\data\flowers-102\jpg\image_06941.jpg,33,train,mexican aster
D:\Flower-Classification\data\flowers-102\jpg\image_07480.jpg,94,test,bougainvillea
D:\Flower-Classification\data\flowers-102\jpg\image_06308.jpg,49,train,common dandelion
D:\Flower-Classification\data\flowers-102\jpg\image_07288.jpg,36,val,cape flower
D:\Flower-Classification\data\flowers-102\jpg\image_03691.jpg,52,train,primula
D:\Flower-Classification\data\flowers-102\jpg\image_05751.jpg,12,test,king protea
D:\Flower-Classification\data\flowers-102\jpg\image_03415.jpg,22,test,fritillary
D:\Flower-Classification\data\flowers-102\jpg\image_02512.jpg,75,test,morning glory
D:\Flower-Classification\data\flowers-102\jpg\image_06837.jpg,23,test,red ginger
D:\Flower-Classification\data\flowers-102\jpg\image_06579.jpg,24,test,grape hyacinth
D:\Flower-Classification\data\flowers-102\jpg\image_04452.jpg,89,test,canna lily
D:\Flower-Classification\data\flowers-102\jpg\image_05249.jpg,27,test,stemless gentian
D:\Flower-Classification\data\flowers-102\jpg\image_06265.jpg,60,test,cautleya spicata
D:\Flower-Classification\data\flowers-102\jpg\image_08108.jpg,5,train,tiger lily
D:\Flower-Classification\data\flowers-102\jpg\image_01633.jpg,81,test,clematis
D:\Flower-Classification\data\flowers-102\jpg\image_00781.jpg,80,test,frangipani
D:\Flower-Classification\data\flowers-102\jpg\image_03206.jpg,64,test,californian poppy
D:\Flower-Classification\data\flowers-102\jpg\image_00512.jpg,87,test,cyclamen
D:\Flower-Classification\data\flowers-102\jpg\image_05750.jpg,12,test,king protea
D:\Flower-Classification\data\flowers-102\jpg\image_03684.jpg,52,test,primula
D:\Flower-Classification\data\flowers-102\jpg\image_06054.jpg,13,test,spear thistle
D:\Flower-Classification\data\flowers-102\jpg\image_06203.jpg,48,test,oxeye daisy
D:\Flower-Classification\data\flowers-102\jpg\image_00280.jpg,72,test,water lily
D:\Flower-Classification\data\flowers-102\jpg\image_02782.jpg,55,val,bishop of llandaff
D:\Flower-Classification\data\flowers-102\jpg\image_04366.jpg,35,val,ruby-lipped cattleya
D:\Flower-Classification\data\flowers-102\jpg\image_00901.jpg,80,test,frangipani
D:\Flower-Classification\data\flowers-102\jpg\image_04461.jpg,89,test,canna lily
D:\Flower-Classification\data\flowers-102\jpg\image_00856.jpg,80,test,frangipani
D:\Flower-Classification\data\flowers-102\jpg\image_04239.jpg,51,test,wild pansy
D:\Flower-Classification\data\flowers-102\jpg\image_06494.jpg,25,train,corn poppy
D:\Flower-Classification\data\flowers-102\jpg\image_04331.jpg,35,val,ruby-lipped cattleya
D:\Flower-Classification\data\flowers-102\jpg\image_00008.jpg,76,test,passion flower
D:\Flower-Classification\data\flowers-102\jpg\image_08028.jpg,101,val,blackberry lily
D:\Flower-Classification\data\flowers-102\jpg\image_05742.jpg,41,test,daffodil
D:\Flower-Classification\data\flowers-102\jpg\image_03326.jpg,7,test,bird of paradise
D:\Flower-Classification\data\flowers-102\jpg\image_04234.jpg,51,train,wild pansy
D:\Flower-Classification\data\flowers-102\jpg\image_03655.jpg,52,test,primula
D:\Flower-Classification\data\flowers-102\jpg\image_00104.jpg,76,test,passion flower
D:\Flower-Classification\data\flowers-102\jpg\image_02344.jpg,42,test,sword lily
D:\Flower-Classification\data\flowers-102\jpg\image_02804.jpg,55,test,bishop of llandaff
D:\Flower-Classification\data\flowers-102\jpg\image_03313.jpg,7,train,bird of paradise
D:\Flower-Classification\data\flowers-102\jpg\image_02642.jpg,57,val,geranium
D:\Flower-Classification\data\flowers-102\jpg\image_01215.jpg,73,test,rose
D:\Flower-Classification\data\flowers-102\jpg\image_00983.jpg,45,test,wallflower
D:\Flower-Classification\data\flowers-102\jpg\image_00325.jpg,72,test,water lily
D:\Flower-Classification\data\flowers-102\jpg\image_07693.jpg,96,test,mallow
D:\Flower-Classification\data\flowers-102\jpg\image_03671.jpg,52,test,primula
D:\Flower-Classification\data\flowers-102\jpg\image_04388.jpg,35,val,ruby-lipped cattleya
D:\Flower-Classification\data\flowers-102\jpg\image_04692.jpg,47,test,buttercup
D:\Flower-Classification\data\flowers-102\jpg\image_03109.jpg,10,test,snapdragon
D:\Flower-Classification\data\flowers-102\jpg\image_01379.jpg,50,test,petunia
D:\Flower-Classification\data\flowers-102\jpg\image_06405.jpg,8,val,monkshood
D:\Flower-Classification\data\flowers-102\jpg\image_04453.jpg,89,val,canna lily
D:\Flower-Classification\data\flowers-102\jpg\image_04186.jpg,51,val,wild pansy
D:\Flower-Classification\data\flowers-102\jpg\image_01380.jpg,50,test,petunia
D:\Flower-Classification\data\flowers-102\jpg\image_06872.jpg,26,train,prince of wales feathers
D:\Flower-Classification\data\flowers-102\jpg\image_00918.jpg,80,test,frangipani
D:\Flower-Classification\data\flowers-102\jpg\image_00984.jpg,45,test,wallflower
D:\Flower-Classification\data\flowers-102\jpg\image_07226.jpg,6,train,moon orchid
D:\Flower-Classification\data\flowers-102\jpg\image_02734.jpg,57,test,geranium
D:\Flower-Classification\data\flowers-102\jpg\image_03597.jpg,71,train,azalea
D:\Flower-Classification\data\flowers-102\jpg\image_06726.jpg,78,test,toad lily
D:\Flower-Classification\data\flowers-102\jpg\image_02827.jpg,55,test,bishop of llandaff
D:\Flower-Classification\data\flowers-102\jpg\image_07046.jpg,66,test,spring crocus
D:\Flower-Classification\data\flowers-102\jpg\image_05596.jpg,31,test,garden phlox
D:\Flower-Classification\data\flowers-102\jpg\image_05707.jpg,41,test,daffodil
D:\Flower-Classification\data\flowers-102\jpg\image_07797.jpg,97,train,mexican petunia
D:\Flower-Classification\data\flowers-102\jpg\image_06611.jpg,24,val,grape hyacinth
D:\Flower-Classification\data\flowers-102\jpg\image_06870.jpg,26,train,prince of wales feathers
D:\Flower-Classification\data\flowers-102\jpg\image_01325.jpg,50,test,petunia
D:\Flower-Classification\data\flowers-102\jpg\image_02537.jpg,75,test,morning glory
D:\Flower-Classification\data\flowers-102\jpg\image_05885.jpg,62,test,black-eyed susan
D:\Flower-Classification\data\flowers-102\jpg\image_05636.jpg,3,train,sweet pea
D:\Flower-Classification\data\flowers-102\jpg\image_00457.jpg,87,test,cyclamen
D:\Flower-Classification\data\flowers-102\jpg\image_05854.jpg,62,test,black-eyed susan
D:\Flower-Classification\data\flowers-102\jpg\image_07662.jpg,95,train,camellia
D:\Flower-Classification\data\flowers-102\jpg\image_04969.jpg,46,val,marigold
D:\Flower-Classification\data\flowers-102\jpg\image_05114.jpg,1,val,hard-leaved pocket orchid
D:\Flower-Classification\data\flowers-102\jpg\image_05582.jpg,65,val,osteospermum
D:\Flower-Classification\data\flowers-102\jpg\image_01973.jpg,79,train,anthurium
D:\Flower-Classification\data\flowers-102\jpg\image_02040.jpg,79,test,anthurium
D:\Flower-Classification\data\flowers-102\jpg\image_05913.jpg,67,val,bearded iris
D:\Flower-Classification\data\flowers-102\jpg\image_08132.jpg,56,test,gaura
D:\Flower-Classification\data\flowers-102\jpg\image_04820.jpg,84,test,desert-rose
D:\Flower-Classification\data\flowers-102\jpg\image_06911.jpg,30,train,carnation
D:\Flower-Classification\data\flowers-102\jpg\image_01795.jpg,82,test,hibiscus
D:\Flower-Classification\data\flowers-102\jpg\image_07582.jpg,94,test,bougainvillea
D:\Flower-Classification\data\flowers-102\jpg\image_05187.jpg,4,train,english marigold
D:\Flower-Classification\data\flowers-102\jpg\image_07513.jpg,94,val,bougainvillea
D:\Flower-Classification\data\flowers-102\jpg\image_02386.jpg,42,train,sword lily
D:\Flower-Classification\data\flowers-102\jpg\image_06744.jpg,0,train,pink primrose
D:\Flower-Classification\data\flowers-102\jpg\image_06904.jpg,30,val,carnation
D:\Flower-Classification\data\flowers-102\jpg\image_00147.jpg,76,test,passion flower
D:\Flower-Classification\data\flowers-102\jpg\image_05013.jpg,46,test,marigold
D:\Flower-Classification\data\flowers-102\jpg\image_00461.jpg,87,test,cyclamen
D:\Flower-Classification\data\flowers-102\jpg\image_07397.jpg,93,test,foxglove
D:\Flower-Classification\data\flowers-102\jpg\image_07073.jpg,66,val,spring crocus
D:\Flower-Classification\data\flowers-102\jpg\image_04111.jpg,28,test,artichoke
D:\Flower-Classification\data\flowers-102\jpg\image_03735.jpg,36,test,cape flower
D:\Flower-Classification\data\flowers-102\jpg\image_00582.jpg,87,test,cyclamen
D:\Flower-Classification\data\flowers-102\jpg\image_00630.jpg,88,test,watercress
D:\Flower-Classification\data\flowers-102\jpg\image_03515.jpg,29,test,sweet william
D:\Flower-Classification\data\flowers-102\jpg\image_02235.jpg,40,test,barbeton daisy
D:\Flower-Classification\data\flowers-102\jpg\image_02385.jpg,42,test,sword lily
D:\Flower-Classification\data\flowers-102\jpg\image_05652.jpg,3,test,sweet pea
D:\Flower-Classification\data\flowers-102\jpg\image_05758.jpg,12,test,king protea
D:\Flower-Classification\data\flowers-102\jpg\image_02998.jpg,59,test,pink-yellow dahlia?
D:\Flower-Classification\data\flowers-102\jpg\image_01513.jpg,43,test,poinsettia
D:\Flower-Classification\data\flowers-102\jpg\image_05553.jpg,65,test,osteospermum
D:\Flower-Classification\data\flowers-102\jpg\image_08081.jpg,38,test,siam tulip
D:\Flower-Classification\data\flowers-102\jpg\image_01942.jpg,77,train,lotus
D:\Flower-Classification\data\flowers-102\jpg\image_03498.jpg,29,test,sweet william
D:\Flower-Classification\data\flowers-102\jpg\image_05645.jpg,3,test,sweet pea
D:\Flower-Classification\data\flowers-102\jpg\image_05335.jpg,69,test,tree poppy
D:\Flower-Classification\data\flowers-102\jpg\image_06706.jpg,78,test,toad lily
D:\Flower-Classification\data\flowers-102\jpg\image_01950.jpg,77,test,lotus
D:\Flower-Classification\data\flowers-102\jpg\image_02996.jpg,59,train,pink-yellow dahlia?
D:\Flower-Classification\data\flowers-102\jpg\image_01116.jpg,45,test,wallflower
D:\Flower-Classification\data\flowers-102\jpg\image_04517.jpg,70,test,gazania
D:\Flower-Classification\data\flowers-102\jpg\image_03589.jpg,71,test,azalea
D:\Flower-Classification\data\flowers-102\jpg\image_00681.jpg,88,test,watercress
D:\Flower-Classification\data\flowers-102\jpg\image_04565.jpg,39,test,lenten rose
D:\Flower-Classification\data\flowers-102\jpg\image_00872.jpg,80,test,frangipani
D:\Flower-Classification\data\flowers-102\jpg\image_02668.jpg,57,test,geranium
D:\Flower-Classification\data\flowers-102\jpg\image_01603.jpg,81,test,clematis
D:\Flower-Classification\data\flowers-102\jpg\image_02983.jpg,59,test,pink-yellow dahlia?
D:\Flower-Classification\data\flowers-102\jpg\image_00531.jpg,87,test,cyclamen
D:\Flower-Classification\data\flowers-102\jpg\image_00974.jpg,45,val,wallflower
D:\Flower-Classification\data\flowers-102\jpg\image_04145.jpg,28,test,artichoke
D:\Flower-Classification\data\flowers-102\jpg\image_05566.jpg,65,test,osteospermum
D:\Flower-Classification\data\flowers-102\jpg\image_02398.jpg,42,val,sword lily
D:\Flower-Classification\data\flowers-102\jpg\image_03111.jpg,10,test,snapdragon
D:\Flower-Classification\data\flowers-102\jpg\image_02066.jpg,79,val,anthurium
D:\Flower-Classification\data\flowers-102\jpg\image_07839.jpg,98,test,bromelia
D:\Flower-Classification\data\flowers-102\jpg\image_00125.jpg,76,test,passion flower
D:\Flower-Classification\data\flowers-102\jpg\image_03774.jpg,36,test,cape flower
D:\Flower-Classification\data\flowers-102\jpg\image_07443.jpg,93,test,foxglove
D:\Flower-Classification\data\flowers-102\jpg\image_02423.jpg,42,test,sword lily
D:\Flower-Classification\data\flowers-102\jpg\image_00120.jpg,76,test,passion flower
D:\Flower-Classification\data\flowers-102\jpg\image_01637.jpg,81,val,clematis
D:\Flower-Classification\data\flowers-102\jpg\image_03375.jpg,22,test,fritillary
D:\Flower-Classification\data\flowers-102\jpg\image_06662.jpg,15,val,globe-flower
D:\Flower-Classification\data\flowers-102\jpg\image_05708.jpg,41,test,daffodil
D:\Flower-Classification\data\flowers-102\jpg\image_05619.jpg,31,train,garden phlox
D:\Flower-Classification\data\flowers-102\jpg\image_01423.jpg,50,test,petunia
D:\Flower-Classification\data\flowers-102\jpg\image_03905.jpg,16,test,purple coneflower
D:\Flower-Classification\data\flowers-102\jpg\image_05052.jpg,58,test,orange dahlia
D:\Flower-Classification\data\flowers-102\jpg\image_05676.jpg,3,test,sweet pea
D:\Flower-Classification\data\flowers-102\jpg\image_03195.jpg,64,test,californian poppy
D:\Flower-Classification\data\flowers-102\jpg\image_02393.jpg,42,test,sword lily
D:\Flower-Classification\data\flowers-102\jpg\image_07649.jpg,95,test,camellia
D:\Flower-Classification\data\flowers-102\jpg\image_03428.jpg,22,test,fritillary
D:\Flower-Classification\data\flowers-102\jpg\image_01953.jpg,77,test,lotus
D:\Flower-Classification\data\flowers-102\jpg\image_01263.jpg,73,test,rose
D:\Flower-Classification\data\flowers-102\jpg\image_06435.jpg,8,test,monkshood
D:\Flower-Classification\data\flowers-102\jpg\image_00181.jpg,76,test,passion flower
D:\Flower-Classification\data\flowers-102\jpg\image_02099.jpg,74,test,thorn apple
D:\Flower-Classification\data\flowers-102\jpg\image_05834.jpg,37,val,great masterwort
D:\Flower-Classification\data\flowers-102\jpg\image_00132.jpg,76,test,passion flower
D:\Flower-Classification\data\flowers-102\jpg\image_03718.jpg,52,test,primula
D:\Flower-Classification\data\flowers-102\jpg\image_08008.jpg,101,val,blackberry lily
D:\Flower-Classification\data\flowers-102\jpg\image_06125.jpg,63,test,silverbush
D:\Flower-Classification\data\flowers-102\jpg\image_03797.jpg,36,test,cape flower
D:\Flower-Classification\data\flowers-102\jpg\image_00682.jpg,88,test,watercress
D:\Flower-Classification\data\flowers-102\jpg\image_06096.jpg,13,test,spear thistle
D:\Flower-Classification\data\flowers-102\jpg\image_05808.jpg,37,test,great masterwort
D:\Flower-Classification\data\flowers-102\jpg\image_00748.jpg,88,test,watercress
D:\Flower-Classification\data\flowers-102\jpg\image_05964.jpg,68,train,windflower
D:\Flower-Classification\data\flowers-102\jpg\image_00922.jpg,80,train,frangipani
D:\Flower-Classification\data\flowers-102\jpg\image_00313.jpg,72,test,water lily
D:\Flower-Classification\data\flowers-102\jpg\image_04667.jpg,47,test,buttercup
D:\Flower-Classification\data\flowers-102\jpg\image_04811.jpg,84,test,desert-rose
D:\Flower-Classification\data\flowers-102\jpg\image_07043.jpg,38,train,siam tulip
D:\Flower-Classification\data\flowers-102\jpg\image_03869.jpg,16,test,purple coneflower
D:\Flower-Classification\data\flowers-102\jpg\image_03334.jpg,7,test,bird of paradise
D:\Flower-Classification\data\flowers-102\jpg\image_06948.jpg,33,val,mexican aster
D:\Flower-Classification\data\flowers-102\jpg\image_07720.jpg,96,test,mallow
D:\Flower-Classification\data\flowers-102\jpg\image_01071.jpg,45,test,wallflower
D:\Flower-Classification\data\flowers-102\jpg\image_01422.jpg,50,test,petunia
D:\Flower-Classification\data\flowers-102\jpg\image_07477.jpg,94,test,bougainvillea
D:\Flower-Classification\data\flowers-102\jpg\image_01505.jpg,43,test,poinsettia
D:\Flower-Classification\data\flowers-102\jpg\image_04426.jpg,89,test,canna lily
D:\Flower-Classification\data\flowers-102\jpg\image_00260.jpg,72,test,water lily
D:\Flower-Classification\data\flowers-102\jpg\image_07914.jpg,99,train,blanket flower
D:\Flower-Classification\data\flowers-102\jpg\image_04498.jpg,70,val,gazania
D:\Flower-Classification\data\flowers-102\jpg\image_02569.jpg,83,test,columbine
D:\Flower-Classification\data\flowers-102\jpg\image_03256.jpg,64,train,californian poppy
D:\Flower-Classification\data\flowers-102\jpg\image_02707.jpg,57,test,geranium
D:\Flower-Classification\data\flowers-102\jpg\image_06553.jpg,49,val,common dandelion
D:\Flower-Classification\data\flowers-102\jpg\image_00972.jpg,45,test,wallflower
D:\Flower-Classification\data\flowers-102\jpg\image_02202.jpg,40,test,barbeton daisy
D:\Flower-Classification\data\flowers-102\jpg\image_03990.jpg,50,test,petunia
D:\Flower-Classification\data\flowers-102\jpg\image_02479.jpg,75,test,morning glory
D:\Flower-Classification\data\flowers-102\jpg\image_01079.jpg,45,test,wallflower
D:\Flower-Classification\data\flowers-102\jpg\image_06925.jpg,30,test,carnation
D:\Flower-Classification\data\flowers-102\jpg\image_07179.jpg,5,test,tiger lily
D:\Flower-Classification\data\flowers-102\jpg\image_07870.jpg,98,test,bromelia
D:\Flower-Classification\data\flowers-102\jpg\image_01621.jpg,81,test,clematis
D:\Flower-Classification\data\flowers-102\jpg\image_05143.jpg,1,test,hard-leaved pocket orchid
D:\Flower-Classification\data\flowers-102\jpg\image_06073.jpg,13,val,spear thistle
D:\Flower-Classification\data\flowers-102\jpg\image_00894.jpg,80,test,frangipani
D:\Flower-Classification\data\flowers-102\jpg\image_02391.jpg,42,test,sword lily
D:\Flower-Classification\data\flowers-102\jpg\image_04429.jpg,89,val,canna lily
D:\Flower-Classification\data\flowers-102\jpg\image_06167.jpg,18,test,balloon flower
D:\Flower-Classification\data\flowers-102\jpg\image_01312.jpg,73,test,rose
D:\Flower-Classification\data\flowers-102\jpg\image_05479.jpg,86,train,magnolia
D:\Flower-Classification\data\flowers-102\jpg\image_05124.jpg,1,train,hard-leaved pocket orchid
D:\Flower-Classification\data\flowers-102\jpg\image_05654.jpg,3,val,sweet pea
D:\Flower-Classification\data\flowers-102\jpg\image_02636.jpg,83,test,columbine
D:\Flower-Classification\data\flowers-102\jpg\image_04802.jpg,84,test,desert-rose
D:\Flower-Classification\data\flowers-102\jpg\image_06977.jpg,34,test,alpine sea holly
D:\Flower-Classification\data\flowers-102\jpg\image_05014.jpg,46,test,marigold
D:\Flower-Classification\data\flowers-102\jpg\image_06191.jpg,18,val,balloon flower
D:\Flower-Classification\data\flowers-102\jpg\image_04260.jpg,17,val,peruvian lily
D:\Flower-Classification\data\flowers-102\jpg\image_01726.jpg,82,test,hibiscus
D:\Flower-Classification\data\flowers-102\jpg\image_07493.jpg,94,test,bougainvillea
D:\Flower-Classification\data\flowers-102\jpg\image_00956.jpg,45,test,wallflower
D:\Flower-Classification\data\flowers-102\jpg\image_00839.jpg,80,val,frangipani
D:\Flower-Classification\data\flowers-102\jpg\image_00558.jpg,87,test,cyclamen
D:\Flower-Classification\data\flowers-102\jpg\image_06732.jpg,78,val,toad lily
D:\Flower-Classification\data\flowers-102\jpg\image_06493.jpg,25,test,corn poppy
D:\Flower-Classification\data\flowers-102\jpg\image_01892.jpg,77,test,lotus
D:\Flower-Classification\data\flowers-102\jpg\image_04711.jpg,54,test,pelargonium
D:\Flower-Classification\data\flowers-102\jpg\image_07507.jpg,94,test,bougainvillea
D:\Flower-Classification\data\flowers-102\jpg\image_02054.jpg,79,test,anthurium
D:\Flower-Classification\data\flowers-102\jpg\image_02600.jpg,83,train,columbine
D:\Flower-Classification\data\flowers-102\jpg\image_07117.jpg,9,train,globe thistle
D:\Flower-Classification\data\flowers-102\jpg\image_07408.jpg,93,test,foxglove
D:\Flower-Classification\data\flowers-102\jpg\image_00966.jpg,45,test,wallflower
D:\Flower-Classification\data\flowers-102\jpg\image_06741.jpg,0,train,pink primrose
D:\Flower-Classification\data\flowers-102\jpg\image_03999.jpg,11,test,colt's foot
D:\Flower-Classification\data\flowers-102\jpg\image_05954.jpg,67,val,bearded iris
D:\Flower-Classification\data\flowers-102\jpg\image_07101.jpg,9,test,globe thistle
D:\Flower-Classification\data\flowers-102\jpg\image_00238.jpg,76,test,passion flower
D:\Flower-Classification\data\flowers-102\jpg\image_04161.jpg,51,test,wild pansy
D:\Flower-Classification\data\flowers-102\jpg\image_02995.jpg,59,val,pink-yellow dahlia?
D:\Flower-Classification\data\flowers-102\jpg\image_07775.jpg,97,test,mexican petunia
D:\Flower-Classification\data\flowers-102\jpg\image_02227.jpg,40,val,barbeton daisy
D:\Flower-Classification\data\flowers-102\jpg\image_02113.jpg,74,test,thorn apple
D:\Flower-Classification\data\flowers-102\jpg\image_05385.jpg,21,test,pincushion flower
D:\Flower-Classification\data\flowers-102\jpg\image_07365.jpg,93,test,foxglove
D:\Flower-Classification\data\flowers-102\jpg\image_01484.jpg,50,test,petunia
D:\Flower-Classification\data\flowers-102\jpg\image_03536.jpg,29,test,sweet william
D:\Flower-Classification\data\flowers-102\jpg\image_05102.jpg,1,test,hard-leaved pocket orchid
D:\Flower-Classification\data\flowers-102\jpg\image_06256.jpg,60,train,cautleya spicata
D:\Flower-Classification\data\flowers-102\jpg\image_01143.jpg,73,test,rose
D:\Flower-Classification\data\flowers-102\jpg\image_05009.jpg,46,val,marigold
D:\Flower-Classification\data\flowers-102\jpg\image_02015.jpg,79,test,anthurium
D:\Flower-Classification\data\flowers-102\jpg\image_01162.jpg,73,val,rose
D:\Flower-Classification\data\flowers-102\jpg\image_07234.jpg,56,test,gaura
D:\Flower-Classification\data\flowers-102\jpg\image_06178.jpg,18,test,balloon flower
D:\Flower-Classification\data\flowers-102\jpg\image_01937.jpg,77,val,lotus
D:\Flower-Classification\data\flowers-102\jpg\image_06618.jpg,2,train,canterbury bells
D:\Flower-Classification\data\flowers-102\jpg\image_03307.jpg,7,test,bird of paradise
D:\Flower-Classification\data\flowers-102\jpg\image_07102.jpg,9,val,globe thistle
D:\Flower-Classification\data\flowers-102\jpg\image_06298.jpg,49,test,common dandelion
D:\Flower-Classification\data\flowers-102\jpg\image_03090.jpg,91,test,bee balm
D:\Flower-Classification\data\flowers-102\jpg\image_06745.jpg,0,test,pink primrose
D:\Flower-Classification\data\flowers-102\jpg\image_04355.jpg,35,test,ruby-lipped cattleya
D:\Flower-Classification\data\flowers-102\jpg\image_04758.jpg,54,train,pelargonium
D:\Flower-Classification\data\flowers-102\jpg\image_01812.jpg,82,test,hibiscus
D:\Flower-Classification\data\flowers-102\jpg\image_07971.jpg,100,test,trumpet creeper
D:\Flower-Classification\data\flowers-102\jpg\image_07602.jpg,95,test,camellia
D:\Flower-Classification\data\flowers-102\jpg\image_02909.jpg,85,val,tree mallow
D:\Flower-Classification\data\flowers-102\jpg\image_04635.jpg,47,test,buttercup
D:\Flower-Classification\data\flowers-102\jpg\image_05077.jpg,58,val,orange dahlia
D:\Flower-Classification\data\flowers-102\jpg\image_04573.jpg,39,train,lenten rose
D:\Flower-Classification\data\flowers-102\jpg\image_03733.jpg,52,test,primula
D:\Flower-Classification\data\flowers-102\jpg\image_07787.jpg,97,test,mexican petunia
D:\Flower-Classification\data\flowers-102\jpg\image_00676.jpg,88,test,watercress
D:\Flower-Classification\data\flowers-102\jpg\image_06971.jpg,34,val,alpine sea holly
D:\Flower-Classification\data\flowers-102\jpg\image_06896.jpg,30,test,carnation
D:\Flower-Classification\data\flowers-102\jpg\image_07430.jpg,93,test,foxglove
D:\Flower-Classification\data\flowers-102\jpg\image_05204.jpg,4,val,english marigold
D:\Flower-Classification\data\flowers-102\jpg\image_03227.jpg,64,test,californian poppy
D:\Flower-Classification\data\flowers-102\jpg\image_02686.jpg,57,test,geranium
D:\Flower-Classification\data\flowers-102\jpg\image_03987.jpg,50,test,petunia
D:\Flower-Classification\data\flowers-102\jpg\image_03074.jpg,91,test,bee balm
D:\Flower-Classification\data\flowers-102\jpg\image_01910.jpg,77,test,lotus
D:\Flower-Classification\data\flowers-102\jpg\image_05715.jpg,41,test,daffodil
D:\Flower-Classification\data\flowers-102\jpg\image_01965.jpg,79,test,anthurium
D:\Flower-Classification\data\flowers-102\jpg\image_01901.jpg,77,test,lotus
D:\Flower-Classification\data\flowers-102\jpg\image_07221.jpg,6,train,moon orchid
D:\Flower-Classification\data\flowers-102\jpg\image_00252.jpg,72,test,water lily
D:\Flower-Classification\data\flowers-102\jpg\image_03598.jpg,71,test,azalea
D:\Flower-Classification\data\flowers-102\jpg\image_01366.jpg,50,test,petunia
D:\Flower-Classification\data\flowers-102\jpg\image_00623.jpg,88,test,watercress
D:\Flower-Classification\data\flowers-102\jpg\image_06121.jpg,63,test,silverbush
D:\Flower-Classification\data\flowers-102\jpg\image_05029.jpg,58,test,orange dahlia
D:\Flower-Classification\data\flowers-102\jpg\image_00381.jpg,72,val,water lily
D:\Flower-Classification\data\flowers-102\jpg\image_07067.jpg,66,test,spring crocus
D:\Flower-Classification\data\flowers-102\jpg\image_06920.jpg,30,test,carnation
D:\Flower-Classification\data\flowers-102\jpg\image_04050.jpg,11,test,colt's foot
D:\Flower-Classification\data\flowers-102\jpg\image_05601.jpg,31,train,garden phlox
D:\Flower-Classification\data\flowers-102\jpg\image_06513.jpg,25,val,corn poppy
D:\Flower-Classification\data\flowers-102\jpg\image_07113.jpg,9,train,globe thistle
D:\Flower-Classification\data\flowers-102\jpg\image_00633.jpg,88,test,watercress
D:\Flower-Classification\data\flowers-102\jpg\image_06862.jpg,26,test,prince of wales feathers
D:\Flower-Classification\data\flowers-102\jpg\image_05349.jpg,21,test,pincushion flower
D:\Flower-Classification\data\flowers-102\jpg\image_06761.jpg,0,val,pink primrose
D:\Flower-Classification\data\flowers-102\jpg\image_07252.jpg,56,val,gaura
D:\Flower-Classification\data\flowers-102\jpg\image_02291.jpg,40,test,barbeton daisy
D:\Flower-Classification\data\flowers-102\jpg\image_05692.jpg,41,test,daffodil
D:\Flower-Classification\data\flowers-102\jpg\image_05079.jpg,58,test,orange dahlia
D:\Flower-Classification\data\flowers-102\jpg\image_04943.jpg,19,test,giant white arum lily
D:\Flower-Classification\data\flowers-102\jpg\image_04031.jpg,11,test,colt's foot
D:\Flower-Classification\data\flowers-102\jpg\image_00929.jpg,80,test,frangipani
D:\Flower-Classification\data\flowers-102\jpg\image_06104.jpg,63,test,silverbush
D:\Flower-Classification\data\flowers-102\jpg\image_08034.jpg,101,val,blackberry lily
D:\Flower-Classification\data\flowers-102\jpg\image_04100.jpg,28,val,artichoke
D:\Flower-Classification\data\flowers-102\jpg\image_07621.jpg,95,test,camellia
D:\Flower-Classification\data\flowers-102\jpg\image_04877.jpg,90,test,hippeastrum
D:\Flower-Classification\data\flowers-102\jpg\image_00053.jpg,76,test,passion flower
D:\Flower-Classification\data\flowers-102\jpg\image_07694.jpg,96,val,mallow
D:\Flower-Classification\data\flowers-102\jpg\image_06972.jpg,34,train,alpine sea holly
D:\Flower-Classification\data\flowers-102\jpg\image_07148.jpg,44,test,bolero deep blue
D:\Flower-Classification\data\flowers-102\jpg\image_01362.jpg,50,test,petunia
D:\Flower-Classification\data\flowers-102\jpg\image_03341.jpg,7,test,bird of paradise
D:\Flower-Classification\data\flowers-102\jpg\image_01515.jpg,43,test,poinsettia
D:\Flower-Classification\data\flowers-102\jpg\image_01221.jpg,73,train,rose
D:\Flower-Classification\data\flowers-102\jpg\image_06249.jpg,60,val,cautleya spicata
D:\Flower-Classification\data\flowers-102\jpg\image_01517.jpg,43,test,poinsettia
D:\Flower-Classification\data\flowers-102\jpg\image_00061.jpg,76,test,passion flower
D:\Flower-Classification\data\flowers-102\jpg\image_00802.jpg,80,test,frangipani
D:\Flower-Classification\data\flowers-102\jpg\image_02174.jpg,74,test,thorn apple
D:\Flower-Classification\data\flowers-102\jpg\image_01278.jpg,73,test,rose
D:\Flower-Classification\data\flowers-102\jpg\image_00640.jpg,88,val,watercress
D:\Flower-Classification\data\flowers-102\jpg\image_00244.jpg,76,test,passion flower
D:\Flower-Classification\data\flowers-102\jpg\image_06623.jpg,2,train,canterbury bells
D:\Flower-Classification\data\flowers-102\jpg\image_07269.jpg,61,test,japanese anemone
D:\Flower-Classification\data\flowers-102\jpg\image_05417.jpg,53,test,sunflower
D:\Flower-Classification\data\flowers-102\jpg\image_05495.jpg,86,test,magnolia
D:\Flower-Classification\data\flowers-102\jpg\image_02231.jpg,40,train,barbeton daisy
D:\Flower-Classification\data\flowers-102\jpg\image_01571.jpg,43,val,poinsettia
D:\Flower-Classification\data\flowers-102\jpg\image_01262.jpg,73,test,rose
D:\Flower-Classification\data\flowers-102\jpg\image_05823.jpg,37,train,great masterwort
D:\Flower-Classification\data\flowers-102\jpg\image_05494.jpg,86,test,magnolia
D:\Flower-Classification\data\flowers-102\jpg\image_01969.jpg,79,test,anthurium
D:\Flower-Classification\data\flowers-102\jpg\image_04713.jpg,54,test,pelargonium
D:\Flower-Classification\data\flowers-102\jpg\image_07453.jpg,93,val,foxglove
D:\Flower-Classification\data\flowers-102\jpg\image_07623.jpg,95,test,camellia
D:\Flower-Classification\data\flowers-102\jpg\image_03352.jpg,7,test,bird of paradise
D:\Flower-Classification\data\flowers-102\jpg\image_04586.jpg,39,train,lenten rose
D:\Flower-Classification\data\flowers-102\jpg\image_07946.jpg,100,val,trumpet creeper
D:\Flower-Classification\data\flowers-102\jpg\image_06088.jpg,13,test,spear thistle
D:\Flower-Classification\data\flowers-102\jpg\image_01076.jpg,45,test,wallflower
D:\Flower-Classification\data\flowers-102\jpg\image_03582.jpg,71,train,azalea
D:\Flower-Classification\data\flowers-102\jpg\image_01361.jpg,50,test,petunia
D:\Flower-Classification\data\flowers-102\jpg\image_01589.jpg,81,test,clematis
D:\Flower-Classification\data\flowers-102\jpg\image_01113.jpg,45,test,wallflower
D:\Flower-Classification\data\flowers-102\jpg\image_03681.jpg,52,train,primula
D:\Flower-Classification\data\flowers-102\jpg\image_06037.jpg,92,test,ball moss
D:\Flower-Classification\data\flowers-102\jpg\image_06795.jpg,20,val,fire lily
D:\Flower-Classification\data\flowers-102\jpg\image_08185.jpg,61,val,japanese anemone
D:\Flower-Classification\data\flowers-102\jpg\image_00129.jpg,76,test,passion flower
D:\Flower-Classification\data\flowers-102\jpg\image_04447.jpg,89,test,canna lily
D:\Flower-Classification\data\flowers-102\jpg\image_05273.jpg,27,test,stemless gentian
D:\Flower-Classification\data\flowers-102\jpg\image_07500.jpg,94,test,bougainvillea
D:\Flower-Classification\data\flowers-102\jpg\image_07731.jpg,96,val,mallow
D:\Flower-Classification\data\flowers-102\jpg\image_05641.jpg,3,test,sweet pea
D:\Flower-Classification\data\flowers-102\jpg\image_05689.jpg,41,train,daffodil
D:\Flower-Classification\data\flowers-102\jpg\image_02743.jpg,57,test,geranium
D:\Flower-Classification\data\flowers-102\jpg\image_07426.jpg,93,test,foxglove
D:\Flower-Classification\data\flowers-102\jpg\image_06496.jpg,25,test,corn poppy
D:\Flower-Classification\data\flowers-102\jpg\image_01371.jpg,50,test,petunia
D:\Flower-Classification\data\flowers-102\jpg\image_00393.jpg,72,test,water lily
D:\Flower-Classification\data\flowers-102\jpg\image_01552.jpg,43,train,poinsettia
D:\Flower-Classification\data\flowers-102\jpg\image_06988.jpg,34,test,alpine sea holly
D:\Flower-Classification\data\flowers-102\jpg\image_00617.jpg,88,test,watercress
D:\Flower-Classification\data\flowers-102\jpg\image_08026.jpg,101,train,blackberry lily
D:\Flower-Classification\data\flowers-102\jpg\image_05685.jpg,41,train,daffodil
D:\Flower-Classification\data\flowers-102\jpg\image_03703.jpg,52,test,primula
D:\Flower-Classification\data\flowers-102\jpg\image_02981.jpg,59,train,pink-yellow dahlia?
D:\Flower-Classification\data\flowers-102\jpg\image_01721.jpg,82,test,hibiscus
D:\Flower-Classification\data\flowers-102\jpg\image_05279.jpg,69,train,tree poppy
D:\Flower-Classification\data\flowers-102\jpg\image_04320.jpg,17,test,peruvian lily
D:\Flower-Classification\data\flowers-102\jpg\image_06058.jpg,13,train,spear thistle
D:\Flower-Classification\data\flowers-102\jpg\image_04422.jpg,89,test,canna lily
D:\Flower-Classification\data\flowers-102\jpg\image_04207.jpg,51,val,wild pansy
D:\Flower-Classification\data\flowers-102\jpg\image_06757.jpg,0,test,pink primrose
D:\Flower-Classification\data\flowers-102\jpg\image_06433.jpg,8,test,monkshood
D:\Flower-Classification\data\flowers-102\jpg\image_00536.jpg,87,test,cyclamen
D:\Flower-Classification\data\flowers-102\jpg\image_00604.jpg,88,test,watercress
D:\Flower-Classification\data\flowers-102\jpg\image_06847.jpg,23,test,red ginger
D:\Flower-Classification\data\flowers-102\jpg\image_05804.jpg,37,test,great masterwort
D:\Flower-Classification\data\flowers-102\jpg\image_06735.jpg,0,test,pink primrose
D:\Flower-Classification\data\flowers-102\jpg\image_03635.jpg,71,test,azalea
D:\Flower-Classification\data\flowers-102\jpg\image_01364.jpg,50,test,petunia
D:\Flower-Classification\data\flowers-102\jpg\image_03062.jpg,91,test,bee balm
D:\Flower-Classification\data\flowers-102\jpg\image_04604.jpg,39,test,lenten rose
D:\Flower-Classification\data\flowers-102\jpg\image_03772.jpg,36,test,cape flower
D:\Flower-Classification\data\flowers-102\jpg\image_07025.jpg,38,train,siam tulip
D:\Flower-Classification\data\flowers-102\jpg\image_02989.jpg,59,test,pink-yellow dahlia?
D:\Flower-Classification\data\flowers-102\jpg\image_06410.jpg,8,test,monkshood
D:\Flower-Classification\data\flowers-102\jpg\image_07715.jpg,96,val,mallow
D:\Flower-Classification\data\flowers-102\jpg\image_04946.jpg,19,test,giant white arum lily
D:\Flower-Classification\data\flowers-102\jpg\image_01269.jpg,73,test,rose
D:\Flower-Classification\data\flowers-102\jpg\image_08131.jpg,56,test,gaura
D:\Flower-Classification\data\flowers-102\jpg\image_01068.jpg,45,test,wallflower
D:\Flower-Classification\data\flowers-102\jpg\image_02238.jpg,40,test,barbeton daisy
D:\Flower-Classification\data\flowers-102\jpg\image_07455.jpg,93,test,foxglove
D:\Flower-Classification\data\flowers-102\jpg\image_06284.jpg,60,test,cautleya spicata
D:\Flower-Classification\data\flowers-102\jpg\image_01090.jpg,45,test,wallflower
D:\Flower-Classification\data\flowers-102\jpg\image_07805.jpg,97,test,mexican petunia
D:\Flower-Classification\data\flowers-102\jpg\image_01572.jpg,43,test,poinsettia
D:\Flower-Classification\data\flowers-102\jpg\image_02105.jpg,74,test,thorn apple
D:\Flower-Classification\data\flowers-102\jpg\image_05867.jpg,62,test,black-eyed susan
D:\Flower-Classification\data\flowers-102\jpg\image_03294.jpg,7,train,bird of paradise
D:\Flower-Classification\data\flowers-102\jpg\image_05714.jpg,41,test,daffodil
D:\Flower-Classification\data\flowers-102\jpg\image_04936.jpg,19,val,giant white arum lily
D:\Flower-Classification\data\flowers-102\jpg\image_03836.jpg,16,val,purple coneflower
D:\Flower-Classification\data\flowers-102\jpg\image_05007.jpg,46,test,marigold
D:\Flower-Classification\data\flowers-102\jpg\image_00494.jpg,87,test,cyclamen
D:\Flower-Classification\data\flowers-102\jpg\image_03063.jpg,91,test,bee balm
D:\Flower-Classification\data\flowers-102\jpg\image_04072.jpg,11,test,colt's foot
D:\Flower-Classification\data\flowers-102\jpg\image_04533.jpg,70,test,gazania
D:\Flower-Classification\data\flowers-102\jpg\image_07926.jpg,99,test,blanket flower
D:\Flower-Classification\data\flowers-102\jpg\image_00815.jpg,80,test,frangipani
D:\Flower-Classification\data\flowers-102\jpg\image_04167.jpg,51,train,wild pansy
D:\Flower-Classification\data\flowers-102\jpg\image_04193.jpg,51,test,wild pansy
D:\Flower-Classification\data\flowers-102\jpg\image_07793.jpg,97,test,mexican petunia
D:\Flower-Classification\data\flowers-102\jpg\image_02130.jpg,74,test,thorn apple
D:\Flower-Classification\data\flowers-102\jpg\image_01810.jpg,82,test,hibiscus
D:\Flower-Classification\data\flowers-102\jpg\image_03051.jpg,91,train,bee balm
D:\Flower-Classification\data\flowers-102\jpg\image_00184.jpg,76,test,passion flower
D:\Flower-Classification\data\flowers-102\jpg\image_00119.jpg,76,test,passion flower
D:\Flower-Classification\data\flowers-102\jpg\image_03847.jpg,16,test,purple coneflower
D:\Flower-Classification\data\flowers-102\jpg\image_00783.jpg,80,test,frangipani
D:\Flower-Classification\data\flowers-102\jpg\image_05595.jpg,31,train,garden phlox
D:\Flower-Classification\data\flowers-102\jpg\image_02340.jpg,42,train,sword lily
D:\Flower-Classification\data\flowers-102\jpg\image_06624.jpg,2,train,canterbury bells
D:\Flower-Classification\data\flowers-102\jpg\image_03464.jpg,29,val,sweet william
D:\Flower-Classification\data\flowers-102\jpg\image_03443.jpg,22,val,fritillary
D:\Flower-Classification\data\flowers-102\jpg\image_05406.jpg,53,test,sunflower
D:\Flower-Classification\data\flowers-102\jpg\image_04988.jpg,46,val,marigold
D:\Flower-Classification\data\flowers-102\jpg\image_04652.jpg,47,val,buttercup
D:\Flower-Classification\data\flowers-102\jpg\image_01256.jpg,73,test,rose
D:\Flower-Classification\data\flowers-102\jpg\image_07764.jpg,97,test,mexican petunia
D:\Flower-Classification\data\flowers-102\jpg\image_07530.jpg,94,test,bougainvillea
D:\Flower-Classification\data\flowers-102\jpg\image_07638.jpg,95,val,camellia
D:\Flower-Classification\data\flowers-102\jpg\image_03874.jpg,16,val,purple coneflower
D:\Flower-Classification\data\flowers-102\jpg\image_03625.jpg,71,test,azalea
D:\Flower-Classification\data\flowers-102\jpg\image_04478.jpg,89,test,canna lily
D:\Flower-Classification\data\flowers-102\jpg\image_01235.jpg,73,test,rose
D:\Flower-Classification\data\flowers-102\jpg\image_04495.jpg,70,test,gazania
D:\Flower-Classification\data\flowers-102\jpg\image_06959.jpg,33,test,mexican aster
D:\Flower-Classification\data\flowers-102\jpg\image_00532.jpg,87,test,cyclamen
D:\Flower-Classification\data\flowers-102\jpg\image_03741.jpg,36,test,cape flower
D:\Flower-Classification\data\flowers-102\jpg\image_07990.jpg,100,val,trumpet creeper
D:\Flower-Classification\data\flowers-102\jpg\image_01301.jpg,73,test,rose
D:\Flower-Classification\data\flowers-102\jpg\image_00398.jpg,72,test,water lily
D:\Flower-Classification\data\flowers-102\jpg\image_07509.jpg,94,test,bougainvillea
D:\Flower-Classification\data\flowers-102\jpg\image_05672.jpg,3,val,sweet pea
D:\Flower-Classification\data\flowers-102\jpg\image_01685.jpg,81,test,clematis
D:\Flower-Classification\data\flowers-102\jpg\image_06215.jpg,48,test,oxeye daisy
D:\Flower-Classification\data\flowers-102\jpg\image_01293.jpg,73,test,rose
D:\Flower-Classification\data\flowers-102\jpg\image_08022.jpg,101,test,blackberry lily
D:\Flower-Classification\data\flowers-102\jpg\image_06613.jpg,2,test,canterbury bells
D:\Flower-Classification\data\flowers-102\jpg\image_07411.jpg,93,test,foxglove
D:\Flower-Classification\data\flowers-102\jpg\image_04230.jpg,51,test,wild pansy
D:\Flower-Classification\data\flowers-102\jpg\image_01322.jpg,50,test,petunia
D:\Flower-Classification\data\flowers-102\jpg\image_01778.jpg,82,test,hibiscus
D:\Flower-Classification\data\flowers-102\jpg\image_07201.jpg,6,test,moon orchid
D:\Flower-Classification\data\flowers-102\jpg\image_01691.jpg,81,train,clematis
D:\Flower-Classification\data\flowers-102\jpg\image_05126.jpg,1,test,hard-leaved pocket orchid
D:\Flower-Classification\data\flowers-102\jpg\image_00608.jpg,88,test,watercress
D:\Flower-Classification\data\flowers-102\jpg\image_05064.jpg,58,val,orange dahlia
D:\Flower-Classification\data\flowers-102\jpg\image_01440.jpg,50,test,petunia
D:\Flower-Classification\data\flowers-102\jpg\image_05609.jpg,31,train,garden phlox
D:\Flower-Classification\data\flowers-102\jpg\image_03739.jpg,36,test,cape flower
D:\Flower-Classification\data\flowers-102\jpg\image_06828.jpg,23,train,red ginger
D:\Flower-Classification\data\flowers-102\jpg\image_03041.jpg,91,test,bee balm
D:\Flower-Classification\data\flowers-102\jpg\image_00964.jpg,45,train,wallflower
D:\Flower-Classification\data\flowers-102\jpg\image_05247.jpg,27,test,stemless gentian
D:\Flower-Classification\data\flowers-102\jpg\image_02013.jpg,79,test,anthurium
D:\Flower-Classification\data\flowers-102\jpg\image_00720.jpg,88,test,watercress
D:\Flower-Classification\data\flowers-102\jpg\image_06697.jpg,78,train,toad lily
D:\Flower-Classification\data\flowers-102\jpg\image_05588.jpg,31,train,garden phlox
D:\Flower-Classification\data\flowers-102\jpg\image_06559.jpg,49,test,common dandelion
D:\Flower-Classification\data\flowers-102\jpg\image_01457.jpg,50,test,petunia
D:\Flower-Classification\data\flowers-102\jpg\image_03676.jpg,52,test,primula
D:\Flower-Classification\data\flowers-102\jpg\image_03980.jpg,50,test,petunia
D:\Flower-Classification\data\flowers-102\jpg\image_04291.jpg,17,test,peruvian lily
D:\Flower-Classification\data\flowers-102\jpg\image_02171.jpg,74,test,thorn apple
D:\Flower-Classification\data\flowers-102\jpg\image_05893.jpg,62,train,black-eyed susan
D:\Flower-Classification\data\flowers-102\jpg\image_00960.jpg,45,test,wallflower
D:\Flower-Classification\data\flowers-102\jpg\image_04632.jpg,47,test,buttercup
D:\Flower-Classification\data\flowers-102\jpg\image_06428.jpg,8,val,monkshood
D:\Flower-Classification\data\flowers-102\jpg\image_05965.jpg,68,test,windflower
D:\Flower-Classification\data\flowers-102\jpg\image_00562.jpg,87,test,cyclamen
D:\Flower-Classification\data\flowers-102\jpg\image_02245.jpg,40,test,barbeton daisy
D:\Flower-Classification\data\flowers-102\jpg\image_05008.jpg,46,test,marigold
D:\Flower-Classification\data\flowers-102\jpg\image_05999.jpg,68,test,windflower
D:\Flower-Classification\data\flowers-102\jpg\image_02515.jpg,75,test,morning glory
D:\Flower-Classification\data\flowers-102\jpg\image_03144.jpg,10,test,snapdragon
D:\Flower-Classification\data\flowers-102\jpg\image_05563.jpg,65,train,osteospermum
D:\Flower-Classification\data\flowers-102\jpg\image_01885.jpg,77,test,lotus
D:\Flower-Classification\data\flowers-102\jpg\image_03617.jpg,71,train,azalea
D:\Flower-Classification\data\flowers-102\jpg\image_01391.jpg,50,test,petunia
D:\Flower-Classification\data\flowers-102\jpg\image_06986.jpg,34,test,alpine sea holly
D:\Flower-Classification\data\flowers-102\jpg\image_06048.jpg,92,val,ball moss
D:\Flower-Classification\data\flowers-102\jpg\image_03894.jpg,16,test,purple coneflower
D:\Flower-Classification\data\flowers-102\jpg\image_02997.jpg,59,test,pink-yellow dahlia?
D:\Flower-Classification\data\flowers-102\jpg\image_06683.jpg,15,test,globe-flower
D:\Flower-Classification\data\flowers-102\jpg\image_05245.jpg,27,test,stemless gentian
D:\Flower-Classification\data\flowers-102\jpg\image_05923.jpg,67,test,bearded iris
D:\Flower-Classification\data\flowers-102\jpg\image_00693.jpg,88,test,watercress
D:\Flower-Classification\data\flowers-102\jpg\image_02466.jpg,75,val,morning glory
D:\Flower-Classification\data\flowers-102\jpg\image_02677.jpg,57,test,geranium
D:\Flower-Classification\data\flowers-102\jpg\image_06552.jpg,49,test,common dandelion
D:\Flower-Classification\data\flowers-102\jpg\image_07806.jpg,97,val,mexican petunia
D:\Flower-Classification\data\flowers-102\jpg\image_02653.jpg,57,test,geranium
D:\Flower-Classification\data\flowers-102\jpg\image_05120.jpg,1,val,hard-leaved pocket orchid
D:\Flower-Classification\data\flowers-102\jpg\image_00772.jpg,88,test,watercress
D:\Flower-Classification\data\flowers-102\jpg\image_01471.jpg,50,test,petunia
D:\Flower-Classification\data\flowers-102\jpg\image_01146.jpg,73,test,rose
D:\Flower-Classification\data\flowers-102\jpg\image_06689.jpg,15,train,globe-flower
D:\Flower-Classification\data\flowers-102\jpg\image_07470.jpg,94,test,bougainvillea
D:\Flower-Classification\data\flowers-102\jpg\image_04978.jpg,46,train,marigold
D:\Flower-Classification\data\flowers-102\jpg\image_06501.jpg,25,test,corn poppy
D:\Flower-Classification\data\flowers-102\jpg\image_05997.jpg,68,train,windflower
D:\Flower-Classification\data\flowers-102\jpg\image_06113.jpg,63,test,silverbush
D:\Flower-Classification\data\flowers-102\jpg\image_02047.jpg,79,test,anthurium
D:\Flower-Classification\data\flowers-102\jpg\image_07964.jpg,100,test,trumpet creeper
D:\Flower-Classification\data\flowers-102\jpg\image_04817.jpg,84,test,desert-rose
D:\Flower-Classification\data\flowers-102\jpg\image_06012.jpg,92,test,ball moss
D:\Flower-Classification\data\flowers-102\jpg\image_03003.jpg,59,test,pink-yellow dahlia?
D:\Flower-Classification\data\flowers-102\jpg\image_04633.jpg,47,test,buttercup
D:\Flower-Classification\data\flowers-102\jpg\image_03637.jpg,71,train,azalea
D:\Flower-Classification\data\flowers-102\jpg\image_07661.jpg,95,test,camellia
D:\Flower-Classification\data\flowers-102\jpg\image_00013.jpg,76,test,passion flower
D:\Flower-Classification\data\flowers-102\jpg\image_02918.jpg,85,test,tree mallow
D:\Flower-Classification\data\flowers-102\jpg\image_04545.jpg,70,test,gazania
D:\Flower-Classification\data\flowers-102\jpg\image_00085.jpg,76,test,passion flower
D:\Flower-Classification\data\flowers-102\jpg\image_00576.jpg,87,train,cyclamen
D:\Flower-Classification\data\flowers-102\jpg\image_06893.jpg,30,val,carnation
D:\Flower-Classification\data\flowers-102\jpg\image_03897.jpg,16,test,purple coneflower
D:\Flower-Classification\data\flowers-102\jpg\image_01581.jpg,43,test,poinsettia
D:\Flower-Classification\data\flowers-102\jpg\image_02328.jpg,42,test,sword lily
D:\Flower-Classification\data\flowers-102\jpg\image_08000.jpg,101,test,blackberry lily
D:\Flower-Classification\data\flowers-102\jpg\image_07683.jpg,95,test,camellia
D:\Flower-Classification\data\flowers-102\jpg\image_05640.jpg,3,train,sweet pea
D:\Flower-Classification\data\flowers-102\jpg\image_04212.jpg,51,test,wild pansy
D:\Flower-Classification\data\flowers-102\jpg\image_02217.jpg,40,test,barbeton daisy
D:\Flower-Classification\data\flowers-102\jpg\image_06907.jpg,30,val,carnation
D:\Flower-Classification\data\flowers-102\jpg\image_06177.jpg,18,test,balloon flower
D:\Flower-Classification\data\flowers-102\jpg\image_04675.jpg,47,test,buttercup
D:\Flower-Classification\data\flowers-102\jpg\image_03048.jpg,91,val,bee balm
D:\Flower-Classification\data\flowers-102\jpg\image_02151.jpg,74,test,thorn apple
D:\Flower-Classification\data\flowers-102\jpg\image_07783.jpg,97,test,mexican petunia
D:\Flower-Classification\data\flowers-102\jpg\image_06734.jpg,0,test,pink primrose
D:\Flower-Classification\data\flowers-102\jpg\image_03952.jpg,50,test,petunia
D:\Flower-Classification\data\flowers-102\jpg\image_04130.jpg,28,test,artichoke
D:\Flower-Classification\data\flowers-102\jpg\image_00364.jpg,72,val,water lily
D:\Flower-Classification\data\flowers-102\jpg\image_07812.jpg,97,test,mexican petunia
D:\Flower-Classification\data\flowers-102\jpg\image_06790.jpg,20,test,fire lily
D:\Flower-Classification\data\flowers-102\jpg\image_03486.jpg,29,test,sweet william
D:\Flower-Classification\data\flowers-102\jpg\image_00510.jpg,87,test,cyclamen
D:\Flower-Classification\data\flowers-102\jpg\image_01077.jpg,45,test,wallflower
D:\Flower-Classification\data\flowers-102\jpg\image_04908.jpg,19,test,giant white arum lily
D:\Flower-Classification\data\flowers-102\jpg\image_05812.jpg,37,test,great masterwort
D:\Flower-Classification\data\flowers-102\jpg\image_01883.jpg,77,test,lotus
D:\Flower-Classification\data\flowers-102\jpg\image_02082.jpg,74,test,thorn apple
D:\Flower-Classification\data\flowers-102\jpg\image_01108.jpg,45,test,wallflower
D:\Flower-Classification\data\flowers-102\jpg\image_03666.jpg,52,train,primula
D:\Flower-Classification\data\flowers-102\jpg\image_06561.jpg,49,test,common dandelion
D:\Flower-Classification\data\flowers-102\jpg\image_07991.jpg,100,val,trumpet creeper
D:\Flower-Classification\data\flowers-102\jpg\image_00133.jpg,76,test,passion flower
D:\Flower-Classification\data\flowers-102\jpg\image_01324.jpg,50,train,petunia
D:\Flower-Classification\data\flowers-102\jpg\image_01285.jpg,73,train,rose
D:\Flower-Classification\data\flowers-102\jpg\image_01045.jpg,45,test,wallflower
D:\Flower-Classification\data\flowers-102\jpg\image_04628.jpg,47,val,buttercup
D:\Flower-Classification\data\flowers-102\jpg\image_04516.jpg,70,val,gazania
D:\Flower-Classification\data\flowers-102\jpg\image_07428.jpg,93,test,foxglove
D:\Flower-Classification\data\flowers-102\jpg\image_02293.jpg,40,test,barbeton daisy
D:\Flower-Classification\data\flowers-102\jpg\image_07606.jpg,95,test,camellia
D:\Flower-Classification\data\flowers-102\jpg\image_00220.jpg,76,test,passion flower
D:\Flower-Classification\data\flowers-102\jpg\image_01455.jpg,50,train,petunia
D:\Flower-Classification\data\flowers-102\jpg\image_00695.jpg,88,train,watercress
D:\Flower-Classification\data\flowers-102\jpg\image_07865.jpg,98,test,bromelia
D:\Flower-Classification\data\flowers-102\jpg\image_01042.jpg,45,test,wallflower
D:\Flower-Classification\data\flowers-102\jpg\image_02562.jpg,83,test,columbine
D:\Flower-Classification\data\flowers-102\jpg\image_02809.jpg,55,test,bishop of llandaff
D:\Flower-Classification\data\flowers-102\jpg\image_02172.jpg,74,test,thorn apple
D:\Flower-Classification\data\flowers-102\jpg\image_01569.jpg,43,test,poinsettia
D:\Flower-Classification\data\flowers-102\jpg\image_06850.jpg,26,val,prince of wales feathers
D:\Flower-Classification\data\flowers-102\jpg\image_07187.jpg,5,test,tiger lily
D:\Flower-Classification\data\flowers-102\jpg\image_00470.jpg,87,test,cyclamen
D:\Flower-Classification\data\flowers-102\jpg\image_03178.jpg,10,test,snapdragon
D:\Flower-Classification\data\flowers-102\jpg\image_06074.jpg,13,test,spear thistle
D:\Flower-Classification\data\flowers-102\jpg\image_04724.jpg,54,test,pelargonium
D:\Flower-Classification\data\flowers-102\jpg\image_07410.jpg,93,test,foxglove
D:\Flower-Classification\data\flowers-102\jpg\image_01641.jpg,81,test,clematis
D:\Flower-Classification\data\flowers-102\jpg\image_05762.jpg,12,train,king protea
D:\Flower-Classification\data\flowers-102\jpg\image_03463.jpg,29,test,sweet william
D:\Flower-Classification\data\flowers-102\jpg\image_03752.jpg,36,test,cape flower
D:\Flower-Classification\data\flowers-102\jpg\image_07281.jpg,61,test,japanese anemone
D:\Flower-Classification\data\flowers-102\jpg\image_03424.jpg,22,train,fritillary
D:\Flower-Classification\data\flowers-102\jpg\image_01438.jpg,50,test,petunia
D:\Flower-Classification\data\flowers-102\jpg\image_08048.jpg,23,train,red ginger
D:\Flower-Classification\data\flowers-102\jpg\image_06969.jpg,34,test,alpine sea holly
D:\Flower-Classification\data\flowers-102\jpg\image_06278.jpg,60,test,cautleya spicata
D:\Flower-Classification\data\flowers-102\jpg\image_06572.jpg,24,test,grape hyacinth
D:\Flower-Classification\data\flowers-102\jpg\image_04019.jpg,11,train,colt's foot
D:\Flower-Classification\data\flowers-102\jpg\image_03049.jpg,91,test,bee balm
D:\Flower-Classification\data\flowers-102\jpg\image_04487.jpg,70,val,gazania
D:\Flower-Classification\data\flowers-102\jpg\image_02167.jpg,74,test,thorn apple
D:\Flower-Classification\data\flowers-102\jpg\image_04209.jpg,51,test,wild pansy
D:\Flower-Classification\data\flowers-102\jpg\image_06576.jpg,24,train,grape hyacinth
D:\Flower-Classification\data\flowers-102\jpg\image_05069.jpg,58,val,orange dahlia
D:\Flower-Classification\data\flowers-102\jpg\image_03656.jpg,52,test,primula
D:\Flower-Classification\data\flowers-102\jpg\image_05072.jpg,58,test,orange dahlia
D:\Flower-Classification\data\flowers-102\jpg\image_05234.jpg,27,train,stemless gentian
D:\Flower-Classification\data\flowers-102\jpg\image_02775.jpg,55,test,bishop of llandaff
D:\Flower-Classification\data\flowers-102\jpg\image_03931.jpg,50,test,petunia
D:\Flower-Classification\data\flowers-102\jpg\image_00074.jpg,76,test,passion flower
D:\Flower-Classification\data\flowers-102\jpg\image_05129.jpg,1,test,hard-leaved pocket orchid
D:\Flower-Classification\data\flowers-102\jpg\image_01271.jpg,73,val,rose
D:\Flower-Classification\data\flowers-102\jpg\image_06219.jpg,48,test,oxeye daisy
D:\Flower-Classification\data\flowers-102\jpg\image_01070.jpg,45,test,wallflower
D:\Flower-Classification\data\flowers-102\jpg\image_05155.jpg,4,test,english marigold
D:\Flower-Classification\data\flowers-102\jpg\image_01401.jpg,50,test,petunia
D:\Flower-Classification\data\flowers-102\jpg\image_04185.jpg,51,test,wild pansy
D:\Flower-Classification\data\flowers-102\jpg\image_07116.jpg,9,test,globe thistle
D:\Flower-Classification\data\flowers-102\jpg\image_00163.jpg,76,test,passion flower
D:\Flower-Classification\data\flowers-102\jpg\image_02929.jpg,59,test,pink-yellow dahlia?
D:\Flower-Classification\data\flowers-102\jpg\image_03147.jpg,10,test,snapdragon
D:\Flower-Classification\data\flowers-102\jpg\image_06360.jpg,14,test,yellow iris
D:\Flower-Classification\data\flowers-102\jpg\image_05274.jpg,27,test,stemless gentian
D:\Flower-Classification\data\flowers-102\jpg\image_01184.jpg,73,test,rose
D:\Flower-Classification\data\flowers-102\jpg\image_04752.jpg,54,test,pelargonium
D:\Flower-Classification\data\flowers-102\jpg\image_02043.jpg,79,test,anthurium
D:\Flower-Classification\data\flowers-102\jpg\image_02396.jpg,42,test,sword lily
D:\Flower-Classification\data\flowers-102\jpg\image_04323.jpg,17,val,peruvian lily
D:\Flower-Classification\data\flowers-102\jpg\image_03366.jpg,7,test,bird of paradise
D:\Flower-Classification\data\flowers-102\jpg\image_02914.jpg,85,test,tree mallow
D:\Flower-Classification\data\flowers-102\jpg\image_01104.jpg,45,test,wallflower
D:\Flower-Classification\data\flowers-102\jpg\image_06291.jpg,60,test,cautleya spicata
D:\Flower-Classification\data\flowers-102\jpg\image_05331.jpg,69,test,tree poppy
D:\Flower-Classification\data\flowers-102\jpg\image_03435.jpg,22,test,fritillary
D:\Flower-Classification\data\flowers-102\jpg\image_06609.jpg,24,test,grape hyacinth
D:\Flower-Classification\data\flowers-102\jpg\image_04592.jpg,39,test,lenten rose
D:\Flower-Classification\data\flowers-102\jpg\image_07305.jpg,93,test,foxglove
D:\Flower-Classification\data\flowers-102\jpg\image_06985.jpg,34,val,alpine sea holly
D:\Flower-Classification\data\flowers-102\jpg\image_07889.jpg,98,test,bromelia
D:\Flower-Classification\data\flowers-102\jpg\image_03865.jpg,16,test,purple coneflower
D:\Flower-Classification\data\flowers-102\jpg\image_02836.jpg,55,test,bishop of llandaff
D:\Flower-Classification\data\flowers-102\jpg\image_03385.jpg,22,test,fritillary
D:\Flower-Classification\data\flowers-102\jpg\image_03755.jpg,36,test,cape flower
D:\Flower-Classification\data\flowers-102\jpg\image_04832.jpg,90,test,hippeastrum
D:\Flower-Classification\data\flowers-102\jpg\image_07142.jpg,44,train,bolero deep blue
D:\Flower-Classification\data\flowers-102\jpg\image_00152.jpg,76,test,passion flower
D:\Flower-Classification\data\flowers-102\jpg\image_03167.jpg,10,test,snapdragon
D:\Flower-Classification\data\flowers-102\jpg\image_00506.jpg,87,test,cyclamen
D:\Flower-Classification\data\flowers-102\jpg\image_01842.jpg,77,test,lotus
D:\Flower-Classification\data\flowers-102\jpg\image_02472.jpg,75,test,morning glory
D:\Flower-Classification\data\flowers-102\jpg\image_07425.jpg,93,test,foxglove
D:\Flower-Classification\data\flowers-102\jpg\image_07664.jpg,95,test,camellia
D:\Flower-Classification\data\flowers-102\jpg\image_04038.jpg,11,test,colt's foot
D:\Flower-Classification\data\flowers-102\jpg\image_06536.jpg,49,test,common dandelion
D:\Flower-Classification\data\flowers-102\jpg\image_03636.jpg,71,test,azalea
D:\Flower-Classification\data\flowers-102\jpg\image_03650.jpg,52,test,primula
D:\Flower-Classification\data\flowers-102\jpg\image_02693.jpg,57,test,geranium
D:\Flower-Classification\data\flowers-102\jpg\image_06956.jpg,33,train,mexican aster
D:\Flower-Classification\data\flowers-102\jpg\image_07954.jpg,100,train,trumpet creeper
D:\Flower-Classification\data\flowers-102\jpg\image_00574.jpg,87,test,cyclamen
D:\Flower-Classification\data\flowers-102\jpg\image_01384.jpg,50,test,petunia
D:\Flower-Classification\data\flowers-102\jpg\image_06767.jpg,0,val,pink primrose
D:\Flower-Classification\data\flowers-102\jpg\image_03071.jpg,91,test,bee balm
D:\Flower-Classification\data\flowers-102\jpg\image_04887.jpg,90,test,hippeastrum
D:\Flower-Classification\data\flowers-102\jpg\image_07612.jpg,95,test,camellia
D:\Flower-Classification\data\flowers-102\jpg\image_03078.jpg,91,test,bee balm
D:\Flower-Classification\data\flowers-102\jpg\image_01773.jpg,82,test,hibiscus
D:\Flower-Classification\data\flowers-102\jpg\image_01576.jpg,43,test,poinsettia
D:\Flower-Classification\data\flowers-102\jpg\image_04990.jpg,46,test,marigold
D:\Flower-Classification\data\flowers-102\jpg\image_02621.jpg,83,test,columbine
D:\Flower-Classification\data\flowers-102\jpg\image_07236.jpg,56,test,gaura
D:\Flower-Classification\data\flowers-102\jpg\image_00434.jpg,72,test,water lily
D:\Flower-Classification\data\flowers-102\jpg\image_07721.jpg,96,test,mallow
D:\Flower-Classification\data\flowers-102\jpg\image_07651.jpg,95,test,camellia
D:\Flower-Classification\data\flowers-102\jpg\image_01608.jpg,81,val,clematis
D:\Flower-Classification\data\flowers-102\jpg\image_06802.jpg,20,val,fire lily
D:\Flower-Classification\data\flowers-102\jpg\image_04428.jpg,89,train,canna lily
D:\Flower-Classification\data\flowers-102\jpg\image_03815.jpg,36,test,cape flower
D:\Flower-Classification\data\flowers-102\jpg\image_01451.jpg,50,test,petunia
D:\Flower-Classification\data\flowers-102\jpg\image_06987.jpg,34,test,alpine sea holly
D:\Flower-Classification\data\flowers-102\jpg\image_06826.jpg,23,test,red ginger
D:\Flower-Classification\data\flowers-102\jpg\image_01375.jpg,50,test,petunia
D:\Flower-Classification\data\flowers-102\jpg\image_03483.jpg,29,val,sweet william
D:\Flower-Classification\data\flowers-102\jpg\image_02509.jpg,75,test,morning glory
D:\Flower-Classification\data\flowers-102\jpg\image_03971.jpg,50,test,petunia
D:\Flower-Classification\data\flowers-102\jpg\image_04672.jpg,47,train,buttercup
D:\Flower-Classification\data\flowers-102\jpg\image_00377.jpg,72,test,water lily
D:\Flower-Classification\data\flowers-102\jpg\image_03493.jpg,29,test,sweet william
D:\Flower-Classification\data\flowers-102\jpg\image_02071.jpg,74,test,thorn apple
D:\Flower-Classification\data\flowers-102\jpg\image_07595.jpg,95,test,camellia
D:\Flower-Classification\data\flowers-102\jpg\image_02610.jpg,83,test,columbine
D:\Flower-Classification\data\flowers-102\jpg\image_02979.jpg,59,test,pink-yellow dahlia?
D:\Flower-Classification\data\flowers-102\jpg\image_01847.jpg,77,val,lotus
D:\Flower-Classification\data\flowers-102\jpg\image_07663.jpg,95,test,camellia
D:\Flower-Classification\data\flowers-102\jpg\image_01277.jpg,73,test,rose
D:\Flower-Classification\data\flowers-102\jpg\image_03055.jpg,91,test,bee balm
D:\Flower-Classification\data\flowers-102\jpg\image_04571.jpg,39,val,lenten rose
D:\Flower-Classification\data\flowers-102\jpg\image_00959.jpg,45,test,wallflower
D:\Flower-Classification\data\flowers-102\jpg\image_04631.jpg,47,test,buttercup
D:\Flower-Classification\data\flowers-102\jpg\image_02496.jpg,75,test,morning glory
D:\Flower-Classification\data\flowers-102\jpg\image_07224.jpg,6,val,moon orchid
D:\Flower-Classification\data\flowers-102\jpg\image_02534.jpg,75,test,morning glory
D:\Flower-Classification\data\flowers-102\jpg\image_03446.jpg,22,train,fritillary
D:\Flower-Classification\data\flowers-102\jpg\image_05025.jpg,58,test,orange dahlia
D:\Flower-Classification\data\flowers-102\jpg\image_05719.jpg,41,val,daffodil
D:\Flower-Classification\data\flowers-102\jpg\image_00089.jpg,76,test,passion flower
D:\Flower-Classification\data\flowers-102\jpg\image_04439.jpg,89,test,canna lily
D:\Flower-Classification\data\flowers-102\jpg\image_04176.jpg,51,test,wild pansy
D:\Flower-Classification\data\flowers-102\jpg\image_01742.jpg,82,val,hibiscus
D:\Flower-Classification\data\flowers-102\jpg\image_03015.jpg,59,test,pink-yellow dahlia?
D:\Flower-Classification\data\flowers-102\jpg\image_04168.jpg,51,test,wild pansy
D:\Flower-Classification\data\flowers-102\jpg\image_04636.jpg,47,val,buttercup
D:\Flower-Classification\data\flowers-102\jpg\image_08032.jpg,101,test,blackberry lily
D:\Flower-Classification\data\flowers-102\jpg\image_04211.jpg,51,test,wild pansy
D:\Flower-Classification\data\flowers-102\jpg\image_02157.jpg,74,test,thorn apple
D:\Flower-Classification\data\flowers-102\jpg\image_01217.jpg,73,test,rose
D:\Flower-Classification\data\flowers-102\jpg\image_01365.jpg,50,test,petunia
D:\Flower-Classification\data\flowers-102\jpg\image_05465.jpg,86,val,magnolia
D:\Flower-Classification\data\flowers-102\jpg\image_01982.jpg,79,test,anthurium
D:\Flower-Classification\data\flowers-102\jpg\image_04196.jpg,51,val,wild pansy
D:\Flower-Classification\data\flowers-102\jpg\image_00411.jpg,72,train,water lily
D:\Flower-Classification\data\flowers-102\jpg\image_03640.jpg,71,test,azalea
D:\Flower-Classification\data\flowers-102\jpg\image_02602.jpg,83,test,columbine
D:\Flower-Classification\data\flowers-102\jpg\image_03763.jpg,36,test,cape flower
D:\Flower-Classification\data\flowers-102\jpg\image_07560.jpg,94,train,bougainvillea
D:\Flower-Classification\data\flowers-102\jpg\image_07573.jpg,94,test,bougainvillea
D:\Flower-Classification\data\flowers-102\jpg\image_03881.jpg,16,test,purple coneflower
D:\Flower-Classification\data\flowers-102\jpg\image_06730.jpg,78,test,toad lily
D:\Flower-Classification\data\flowers-102\jpg\image_06170.jpg,18,train,balloon flower
D:\Flower-Classification\data\flowers-102\jpg\image_02429.jpg,42,test,sword lily
D:\Flower-Classification\data\flowers-102\jpg\image_00598.jpg,88,test,watercress
D:\Flower-Classification\data\flowers-102\jpg\image_01103.jpg,45,test,wallflower
D:\Flower-Classification\data\flowers-102\jpg\image_02144.jpg,74,val,thorn apple
D:\Flower-Classification\data\flowers-102\jpg\image_02085.jpg,74,test,thorn apple
D:\Flower-Classification\data\flowers-102\jpg\image_00336.jpg,72,test,water lily
D:\Flower-Classification\data\flowers-102\jpg\image_06974.jpg,34,test,alpine sea holly
D:\Flower-Classification\data\flowers-102\jpg\image_04623.jpg,39,test,lenten rose
D:\Flower-Classification\data\flowers-102\jpg\image_01798.jpg,82,test,hibiscus
D:\Flower-Classification\data\flowers-102\jpg\image_04614.jpg,39,train,lenten rose
D:\Flower-Classification\data\flowers-102\jpg\image_00161.jpg,76,test,passion flower
D:\Flower-Classification\data\flowers-102\jpg\image_06703.jpg,78,test,toad lily
D:\Flower-Classification\data\flowers-102\jpg\image_04387.jpg,35,test,ruby-lipped cattleya
D:\Flower-Classification\data\flowers-102\jpg\image_03579.jpg,71,train,azalea
D:\Flower-Classification\data\flowers-102\jpg\image_03400.jpg,22,test,fritillary
D:\Flower-Classification\data\flowers-102\jpg\image_05054.jpg,58,test,orange dahlia
D:\Flower-Classification\data\flowers-102\jpg\image_00116.jpg,76,train,passion flower
D:\Flower-Classification\data\flowers-102\jpg\image_04689.jpg,47,train,buttercup
D:\Flower-Classification\data\flowers-102\jpg\image_04317.jpg,17,test,peruvian lily
D:\Flower-Classification\data\flowers-102\jpg\image_00581.jpg,87,test,cyclamen
D:\Flower-Classification\data\flowers-102\jpg\image_05090.jpg,1,test,hard-leaved pocket orchid
D:\Flower-Classification\data\flowers-102\jpg\image_07558.jpg,94,test,bougainvillea
D:\Flower-Classification\data\flowers-102\jpg\image_06843.jpg,23,test,red ginger
D:\Flower-Classification\data\flowers-102\jpg\image_07279.jpg,61,train,japanese anemone
D:\Flower-Classification\data\flowers-102\jpg\image_01995.jpg,79,test,anthurium
D:\Flower-Classification\data\flowers-102\jpg\image_07873.jpg,98,test,bromelia
D:\Flower-Classification\data\flowers-102\jpg\image_07504.jpg,94,test,bougainvillea
D:\Flower-Classification\data\flowers-102\jpg\image_07993.jpg,100,test,trumpet creeper
D:\Flower-Classification\data\flowers-102\jpg\image_05851.jpg,62,test,black-eyed susan
D:\Flower-Classification\data\flowers-102\jpg\image_05800.jpg,37,val,great masterwort
D:\Flower-Classification\data\flowers-102\jpg\image_07583.jpg,94,test,bougainvillea
D:\Flower-Classification\data\flowers-102\jpg\image_05455.jpg,53,test,sunflower
D:\Flower-Classification\data\flowers-102\jpg\image_05094.jpg,1,test,hard-leaved pocket orchid
D:\Flower-Classification\data\flowers-102\jpg\image_06033.jpg,92,train,ball moss
D:\Flower-Classification\data\flowers-102\jpg\image_04026.jpg,11,test,colt's foot
D:\Flower-Classification\data\flowers-102\jpg\image_01955.jpg,77,test,lotus
D:\Flower-Classification\data\flowers-102\jpg\image_06462.jpg,32,test,love in the mist
D:\Flower-Classification\data\flowers-102\jpg\image_06463.jpg,32,test,love in the mist
D:\Flower-Classification\data\flowers-102\jpg\image_01947.jpg,77,test,lotus
D:\Flower-Classification\data\flowers-102\jpg\image_00835.jpg,80,test,frangipani
D:\Flower-Classification\data\flowers-102\jpg\image_06659.jpg,15,test,globe-flower
D:\Flower-Classification\data\flowers-102\jpg\image_00137.jpg,76,test,passion flower
D:\Flower-Classification\data\flowers-102\jpg\image_03906.jpg,16,test,purple coneflower
D:\Flower-Classification\data\flowers-102\jpg\image_01596.jpg,81,test,clematis
D:\Flower-Classification\data\flowers-102\jpg\image_07601.jpg,95,test,camellia
D:\Flower-Classification\data\flowers-102\jpg\image_05629.jpg,3,test,sweet pea
D:\Flower-Classification\data\flowers-102\jpg\image_00448.jpg,87,test,cyclamen
D:\Flower-Classification\data\flowers-102\jpg\image_04606.jpg,39,test,lenten rose
D:\Flower-Classification\data\flowers-102\jpg\image_05363.jpg,21,test,pincushion flower
D:\Flower-Classification\data\flowers-102\jpg\image_05005.jpg,46,test,marigold
D:\Flower-Classification\data\flowers-102\jpg\image_05491.jpg,86,train,magnolia
D:\Flower-Classification\data\flowers-102\jpg\image_03309.jpg,7,test,bird of paradise
D:\Flower-Classification\data\flowers-102\jpg\image_01992.jpg,79,test,anthurium
D:\Flower-Classification\data\flowers-102\jpg\image_07159.jpg,44,test,bolero deep blue
D:\Flower-Classification\data\flowers-102\jpg\image_08183.jpg,61,test,japanese anemone
D:\Flower-Classification\data\flowers-102\jpg\image_05617.jpg,31,test,garden phlox
D:\Flower-Classification\data\flowers-102\jpg\image_02913.jpg,85,test,tree mallow
D:\Flower-Classification\data\flowers-102\jpg\image_04641.jpg,47,test,buttercup
D:\Flower-Classification\data\flowers-102\jpg\image_06806.jpg,20,val,fire lily
D:\Flower-Classification\data\flowers-102\jpg\image_03314.jpg,7,test,bird of paradise
D:\Flower-Classification\data\flowers-102\jpg\image_00923.jpg,80,test,frangipani
D:\Flower-Classification\data\flowers-102\jpg\image_07199.jpg,5,test,tiger lily
D:\Flower-Classification\data\flowers-102\jpg\image_02867.jpg,85,val,tree mallow
D:\Flower-Classification\data\flowers-102\jpg\image_04266.jpg,17,test,peruvian lily
D:\Flower-Classification\data\flowers-102\jpg\image_03239.jpg,64,test,californian poppy
D:\Flower-Classification\data\flowers-102\jpg\image_00399.jpg,72,test,water lily
D:\Flower-Classification\data\flowers-102\jpg\image_02249.jpg,40,test,barbeton daisy
D:\Flower-Classification\data\flowers-102\jpg\image_02898.jpg,85,test,tree mallow
D:\Flower-Classification\data\flowers-102\jpg\image_02754.jpg,55,test,bishop of llandaff
D:\Flower-Classification\data\flowers-102\jpg\image_01417.jpg,50,train,petunia
D:\Flower-Classification\data\flowers-102\jpg\image_04157.jpg,28,test,artichoke
D:\Flower-Classification\data\flowers-102\jpg\image_03621.jpg,71,test,azalea
D:\Flower-Classification\data\flowers-102\jpg\image_03868.jpg,16,test,purple coneflower
D:\Flower-Classification\data\flowers-102\jpg\image_00145.jpg,76,test,passion flower
D:\Flower-Classification\data\flowers-102\jpg\image_08137.jpg,56,test,gaura
D:\Flower-Classification\data\flowers-102\jpg\image_00316.jpg,72,test,water lily
D:\Flower-Classification\data\flowers-102\jpg\image_02205.jpg,40,train,barbeton daisy
D:\Flower-Classification\data\flowers-102\jpg\image_01343.jpg,50,test,petunia
D:\Flower-Classification\data\flowers-102\jpg\image_03120.jpg,10,test,snapdragon
D:\Flower-Classification\data\flowers-102\jpg\image_07291.jpg,36,test,cape flower
D:\Flower-Classification\data\flowers-102\jpg\image_01431.jpg,50,test,petunia
D:\Flower-Classification\data\flowers-102\jpg\image_04015.jpg,11,test,colt's foot
D:\Flower-Classification\data\flowers-102\jpg\image_00370.jpg,72,test,water lily
D:\Flower-Classification\data\flowers-102\jpg\image_02532.jpg,75,test,morning glory
D:\Flower-Classification\data\flowers-102\jpg\image_06434.jpg,8,val,monkshood
D:\Flower-Classification\data\flowers-102\jpg\image_05623.jpg,31,test,garden phlox
D:\Flower-Classification\data\flowers-102\jpg\image_03783.jpg,36,train,cape flower
D:\Flower-Classification\data\flowers-102\jpg\image_04839.jpg,90,test,hippeastrum
D:\Flower-Classification\data\flowers-102\jpg\image_02953.jpg,59,test,pink-yellow dahlia?
D:\Flower-Classification\data\flowers-102\jpg\image_05927.jpg,67,test,bearded iris
D:\Flower-Classification\data\flowers-102\jpg\image_03541.jpg,29,test,sweet william
D:\Flower-Classification\data\flowers-102\jpg\image_06932.jpg,33,test,mexican aster
D:\Flower-Classification\data\flowers-102\jpg\image_04901.jpg,19,test,giant white arum lily
D:\Flower-Classification\data\flowers-102\jpg\image_02197.jpg,40,train,barbeton daisy
D:\Flower-Classification\data\flowers-102\jpg\image_03769.jpg,36,train,cape flower
D:\Flower-Classification\data\flowers-102\jpg\image_04358.jpg,35,train,ruby-lipped cattleya
D:\Flower-Classification\data\flowers-102\jpg\image_04842.jpg,90,test,hippeastrum
D:\Flower-Classification\data\flowers-102\jpg\image_03368.jpg,7,test,bird of paradise
D:\Flower-Classification\data\flowers-102\jpg\image_02897.jpg,85,test,tree mallow
D:\Flower-Classification\data\flowers-102\jpg\image_05391.jpg,21,test,pincushion flower
D:\Flower-Classification\data\flowers-102\jpg\image_02287.jpg,40,test,barbeton daisy
D:\Flower-Classification\data\flowers-102\jpg\image_02586.jpg,83,test,columbine
D:\Flower-Classification\data\flowers-102\jpg\image_00649.jpg,88,test,watercress
D:\Flower-Classification\data\flowers-102\jpg\image_02286.jpg,40,test,barbeton daisy
D:\Flower-Classification\data\flowers-102\jpg\image_01540.jpg,43,test,poinsettia
D:\Flower-Classification\data\flowers-102\jpg\image_02985.jpg,59,test,pink-yellow dahlia?
D:\Flower-Classification\data\flowers-102\jpg\image_04699.jpg,54,test,pelargonium
D:\Flower-Classification\data\flowers-102\jpg\image_02242.jpg,40,val,barbeton daisy
D:\Flower-Classification\data\flowers-102\jpg\image_00188.jpg,76,test,passion flower
D:\Flower-Classification\data\flowers-102\jpg\image_07752.jpg,97,test,mexican petunia
D:\Flower-Classification\data\flowers-102\jpg\image_02078.jpg,74,test,thorn apple
D:\Flower-Classification\data\flowers-102\jpg\image_01712.jpg,82,test,hibiscus
D:\Flower-Classification\data\flowers-102\jpg\image_07868.jpg,98,train,bromelia
D:\Flower-Classification\data\flowers-102\jpg\image_06537.jpg,49,test,common dandelion
D:\Flower-Classification\data\flowers-102\jpg\image_02972.jpg,59,test,pink-yellow dahlia?
D:\Flower-Classification\data\flowers-102\jpg\image_07927.jpg,99,val,blanket flower
D:\Flower-Classification\data\flowers-102\jpg\image_06332.jpg,49,test,common dandelion
D:\Flower-Classification\data\flowers-102\jpg\image_04094.jpg,28,val,artichoke
D:\Flower-Classification\data\flowers-102\jpg\image_03110.jpg,10,test,snapdragon
D:\Flower-Classification\data\flowers-102\jpg\image_00620.jpg,88,test,watercress
D:\Flower-Classification\data\flowers-102\jpg\image_04474.jpg,89,test,canna lily
D:\Flower-Classification\data\flowers-102\jpg\image_07403.jpg,93,test,foxglove
D:\Flower-Classification\data\flowers-102\jpg\image_06072.jpg,13,test,spear thistle
D:\Flower-Classification\data\flowers-102\jpg\image_06666.jpg,15,test,globe-flower
D:\Flower-Classification\data\flowers-102\jpg\image_06336.jpg,49,test,common dandelion
D:\Flower-Classification\data\flowers-102\jpg\image_02630.jpg,83,val,columbine
D:\Flower-Classification\data\flowers-102\jpg\image_02044.jpg,79,test,anthurium
D:\Flower-Classification\data\flowers-102\jpg\image_02646.jpg,57,test,geranium
D:\Flower-Classification\data\flowers-102\jpg\image_03918.jpg,50,test,petunia
D:\Flower-Classification\data\flowers-102\jpg\image_07698.jpg,96,test,mallow
D:\Flower-Classification\data\flowers-102\jpg\image_02330.jpg,42,test,sword lily
D:\Flower-Classification\data\flowers-102\jpg\image_04304.jpg,17,test,peruvian lily
D:\Flower-Classification\data\flowers-102\jpg\image_02233.jpg,40,test,barbeton daisy
D:\Flower-Classification\data\flowers-102\jpg\image_07838.jpg,98,test,bromelia
D:\Flower-Classification\data\flowers-102\jpg\image_00339.jpg,72,test,water lily
D:\Flower-Classification\data\flowers-102\jpg\image_02222.jpg,40,test,barbeton daisy
D:\Flower-Classification\data\flowers-102\jpg\image_03376.jpg,22,test,fritillary
D:\Flower-Classification\data\flowers-102\jpg\image_07647.jpg,95,test,camellia
D:\Flower-Classification\data\flowers-102\jpg\image_00127.jpg,76,test,passion flower
D:\Flower-Classification\data\flowers-102\jpg\image_06144.jpg,63,train,silverbush
D:\Flower-Classification\data\flowers-102\jpg\image_02120.jpg,74,test,thorn apple
D:\Flower-Classification\data\flowers-102\jpg\image_00374.jpg,72,test,water lily
D:\Flower-Classification\data\flowers-102\jpg\image_00067.jpg,76,test,passion flower
D:\Flower-Classification\data\flowers-102\jpg\image_01289.jpg,73,test,rose
D:\Flower-Classification\data\flowers-102\jpg\image_00298.jpg,72,test,water lily
D:\Flower-Classification\data\flowers-102\jpg\image_02925.jpg,59,test,pink-yellow dahlia?
D:\Flower-Classification\data\flowers-102\jpg\image_06873.jpg,26,val,prince of wales feathers
D:\Flower-Classification\data\flowers-102\jpg\image_05341.jpg,21,test,pincushion flower
D:\Flower-Classification\data\flowers-102\jpg\image_06367.jpg,14,test,yellow iris
D:\Flower-Classification\data\flowers-102\jpg\image_07955.jpg,100,test,trumpet creeper
D:\Flower-Classification\data\flowers-102\jpg\image_02604.jpg,83,test,columbine
D:\Flower-Classification\data\flowers-102\jpg\image_02089.jpg,74,test,thorn apple
D:\Flower-Classification\data\flowers-102\jpg\image_06264.jpg,60,test,cautleya spicata
D:\Flower-Classification\data\flowers-102\jpg\image_05592.jpg,31,val,garden phlox
D:\Flower-Classification\data\flowers-102\jpg\image_05620.jpg,31,test,garden phlox
D:\Flower-Classification\data\flowers-102\jpg\image_02498.jpg,75,test,morning glory
D:\Flower-Classification\data\flowers-102\jpg\image_05722.jpg,41,val,daffodil
D:\Flower-Classification\data\flowers-102\jpg\image_06722.jpg,78,test,toad lily
D:\Flower-Classification\data\flowers-102\jpg\image_03620.jpg,71,test,azalea
D:\Flower-Classification\data\flowers-102\jpg\image_00611.jpg,88,test,watercress
D:\Flower-Classification\data\flowers-102\jpg\image_02048.jpg,79,test,anthurium
D:\Flower-Classification\data\flowers-102\jpg\image_07440.jpg,93,test,foxglove
D:\Flower-Classification\data\flowers-102\jpg\image_05665.jpg,3,test,sweet pea
D:\Flower-Classification\data\flowers-102\jpg\image_06356.jpg,14,train,yellow iris
D:\Flower-Classification\data\flowers-102\jpg\image_00526.jpg,87,test,cyclamen
D:\Flower-Classification\data\flowers-102\jpg\image_06139.jpg,63,test,silverbush
D:\Flower-Classification\data\flowers-102\jpg\image_06217.jpg,48,val,oxeye daisy
D:\Flower-Classification\data\flowers-102\jpg\image_02759.jpg,55,test,bishop of llandaff
D:\Flower-Classification\data\flowers-102\jpg\image_02553.jpg,83,test,columbine
D:\Flower-Classification\data\flowers-102\jpg\image_03941.jpg,50,test,petunia
D:\Flower-Classification\data\flowers-102\jpg\image_01067.jpg,45,test,wallflower
D:\Flower-Classification\data\flowers-102\jpg\image_07820.jpg,97,val,mexican petunia
D:\Flower-Classification\data\flowers-102\jpg\image_03467.jpg,29,test,sweet william
D:\Flower-Classification\data\flowers-102\jpg\image_02717.jpg,57,test,geranium
D:\Flower-Classification\data\flowers-102\jpg\image_07229.jpg,6,train,moon orchid
D:\Flower-Classification\data\flowers-102\jpg\image_04526.jpg,70,test,gazania
D:\Flower-Classification\data\flowers-102\jpg\image_01321.jpg,50,test,petunia
D:\Flower-Classification\data\flowers-102\jpg\image_04221.jpg,51,test,wild pansy
D:\Flower-Classification\data\flowers-102\jpg\image_03993.jpg,50,test,petunia
D:\Flower-Classification\data\flowers-102\jpg\image_04118.jpg,28,test,artichoke
D:\Flower-Classification\data\flowers-102\jpg\image_05870.jpg,62,test,black-eyed susan
D:\Flower-Classification\data\flowers-102\jpg\image_05755.jpg,12,train,king protea
D:\Flower-Classification\data\flowers-102\jpg\image_04305.jpg,17,test,peruvian lily
D:\Flower-Classification\data\flowers-102\jpg\image_01346.jpg,50,test,petunia
D:\Flower-Classification\data\flowers-102\jpg\image_00559.jpg,87,test,cyclamen
D:\Flower-Classification\data\flowers-102\jpg\image_07061.jpg,66,train,spring crocus
D:\Flower-Classification\data\flowers-102\jpg\image_06361.jpg,14,test,yellow iris
D:\Flower-Classification\data\flowers-102\jpg\image_05096.jpg,1,test,hard-leaved pocket orchid
D:\Flower-Classification\data\flowers-102\jpg\image_02857.jpg,55,test,bishop of llandaff
D:\Flower-Classification\data\flowers-102\jpg\image_00837.jpg,80,test,frangipani
D:\Flower-Classification\data\flowers-102\jpg\image_03388.jpg,22,test,fritillary
D:\Flower-Classification\data\flowers-102\jpg\image_08144.jpg,56,test,gaura
D:\Flower-Classification\data\flowers-102\jpg\image_03922.jpg,50,test,petunia
D:\Flower-Classification\data\flowers-102\jpg\image_04812.jpg,84,test,desert-rose
D:\Flower-Classification\data\flowers-102\jpg\image_04380.jpg,35,test,ruby-lipped cattleya
D:\Flower-Classification\data\flowers-102\jpg\image_07098.jpg,9,train,globe thistle
D:\Flower-Classification\data\flowers-102\jpg\image_06285.jpg,60,train,cautleya spicata
D:\Flower-Classification\data\flowers-102\jpg\image_07138.jpg,44,test,bolero deep blue
D:\Flower-Classification\data\flowers-102\jpg\image_03573.jpg,71,test,azalea
D:\Flower-Classification\data\flowers-102\jpg\image_04444.jpg,89,test,canna lily
D:\Flower-Classification\data\flowers-102\jpg\image_01348.jpg,50,test,petunia
D:\Flower-Classification\data\flowers-102\jpg\image_04764.jpg,54,test,pelargonium
D:\Flower-Classification\data\flowers-102\jpg\image_04853.jpg,90,test,hippeastrum
D:\Flower-Classification\data\flowers-102\jpg\image_00789.jpg,80,test,frangipani
D:\Flower-Classification\data\flowers-102\jpg\image_02497.jpg,75,test,morning glory
D:\Flower-Classification\data\flowers-102\jpg\image_02605.jpg,83,test,columbine
D:\Flower-Classification\data\flowers-102\jpg\image_07631.jpg,95,test,camellia
D:\Flower-Classification\data\flowers-102\jpg\image_07372.jpg,93,test,foxglove
D:\Flower-Classification\data\flowers-102\jpg\image_00917.jpg,80,test,frangipani
D:\Flower-Classification\data\flowers-102\jpg\image_03576.jpg,71,test,azalea
D:\Flower-Classification\data\flowers-102\jpg\image_02018.jpg,79,test,anthurium
D:\Flower-Classification\data\flowers-102\jpg\image_08052.jpg,23,test,red ginger
D:\Flower-Classification\data\flowers-102\jpg\image_06520.jpg,25,val,corn poppy
D:\Flower-Classification\data\flowers-102\jpg\image_02683.jpg,57,test,geranium
D:\Flower-Classification\data\flowers-102\jpg\image_02029.jpg,79,test,anthurium
D:\Flower-Classification\data\flowers-102\jpg\image_00063.jpg,76,test,passion flower
D:\Flower-Classification\data\flowers-102\jpg\image_02622.jpg,83,test,columbine
D:\Flower-Classification\data\flowers-102\jpg\image_02419.jpg,42,test,sword lily
D:\Flower-Classification\data\flowers-102\jpg\image_05157.jpg,4,test,english marigold
D:\Flower-Classification\data\flowers-102\jpg\image_07891.jpg,98,train,bromelia
D:\Flower-Classification\data\flowers-102\jpg\image_01487.jpg,50,test,petunia
D:\Flower-Classification\data\flowers-102\jpg\image_00158.jpg,76,test,passion flower
D:\Flower-Classification\data\flowers-102\jpg\image_08080.jpg,38,test,siam tulip
D:\Flower-Classification\data\flowers-102\jpg\image_00826.jpg,80,test,frangipani
D:\Flower-Classification\data\flowers-102\jpg\image_07042.jpg,38,test,siam tulip
D:\Flower-Classification\data\flowers-102\jpg\image_00495.jpg,87,val,cyclamen
D:\Flower-Classification\data\flowers-102\jpg\image_03214.jpg,64,test,californian poppy
D:\Flower-Classification\data\flowers-102\jpg\image_00091.jpg,76,test,passion flower
D:\Flower-Classification\data\flowers-102\jpg\image_02999.jpg,59,test,pink-yellow dahlia?
D:\Flower-Classification\data\flowers-102\jpg\image_01219.jpg,73,test,rose
D:\Flower-Classification\data\flowers-102\jpg\image_03077.jpg,91,test,bee balm
D:\Flower-Classification\data\flowers-102\jpg\image_06603.jpg,24,val,grape hyacinth
D:\Flower-Classification\data\flowers-102\jpg\image_00784.jpg,80,test,frangipani
D:\Flower-Classification\data\flowers-102\jpg\image_06543.jpg,49,val,common dandelion
D:\Flower-Classification\data\flowers-102\jpg\image_07348.jpg,93,test,foxglove
D:\Flower-Classification\data\flowers-102\jpg\image_06009.jpg,68,test,windflower
D:\Flower-Classification\data\flowers-102\jpg\image_00109.jpg,76,test,passion flower
D:\Flower-Classification\data\flowers-102\jpg\image_03706.jpg,52,test,primula
D:\Flower-Classification\data\flowers-102\jpg\image_01134.jpg,45,test,wallflower
D:\Flower-Classification\data\flowers-102\jpg\image_04436.jpg,89,test,canna lily
D:\Flower-Classification\data\flowers-102\jpg\image_08114.jpg,92,test,ball moss
D:\Flower-Classification\data\flowers-102\jpg\image_07064.jpg,66,test,spring crocus
D:\Flower-Classification\data\flowers-102\jpg\image_06908.jpg,30,test,carnation
D:\Flower-Classification\data\flowers-102\jpg\image_04723.jpg,54,train,pelargonium
D:\Flower-Classification\data\flowers-102\jpg\image_01767.jpg,82,test,hibiscus
D:\Flower-Classification\data\flowers-102\jpg\image_01642.jpg,81,test,clematis
D:\Flower-Classification\data\flowers-102\jpg\image_03994.jpg,11,test,colt's foot
D:\Flower-Classification\data\flowers-102\jpg\image_01022.jpg,45,test,wallflower
D:\Flower-Classification\data\flowers-102\jpg\image_07974.jpg,100,train,trumpet creeper
D:\Flower-Classification\data\flowers-102\jpg\image_04448.jpg,89,test,canna lily
D:\Flower-Classification\data\flowers-102\jpg\image_07166.jpg,5,val,tiger lily
D:\Flower-Classification\data\flowers-102\jpg\image_03876.jpg,16,test,purple coneflower
D:\Flower-Classification\data\flowers-102\jpg\image_04796.jpg,84,test,desert-rose
D:\Flower-Classification\data\flowers-102\jpg\image_03850.jpg,16,test,purple coneflower
D:\Flower-Classification\data\flowers-102\jpg\image_05166.jpg,4,val,english marigold
D:\Flower-Classification\data\flowers-102\jpg\image_07544.jpg,94,test,bougainvillea
D:\Flower-Classification\data\flowers-102\jpg\image_04178.jpg,51,test,wild pansy
D:\Flower-Classification\data\flowers-102\jpg\image_08177.jpg,61,train,japanese anemone
D:\Flower-Classification\data\flowers-102\jpg\image_00404.jpg,72,test,water lily
D:\Flower-Classification\data\flowers-102\jpg\image_02964.jpg,59,test,pink-yellow dahlia?
D:\Flower-Classification\data\flowers-102\jpg\image_02590.jpg,83,test,columbine
D:\Flower-Classification\data\flowers-102\jpg\image_06822.jpg,23,test,red ginger
D:\Flower-Classification\data\flowers-102\jpg\image_01462.jpg,50,test,petunia
D:\Flower-Classification\data\flowers-102\jpg\image_00724.jpg,88,test,watercress
D:\Flower-Classification\data\flowers-102\jpg\image_04912.jpg,19,val,giant white arum lily
D:\Flower-Classification\data\flowers-102\jpg\image_01106.jpg,45,test,wallflower
D:\Flower-Classification\data\flowers-102\jpg\image_06725.jpg,78,test,toad lily
D:\Flower-Classification\data\flowers-102\jpg\image_00177.jpg,76,train,passion flower
D:\Flower-Classification\data\flowers-102\jpg\image_03150.jpg,10,train,snapdragon
D:\Flower-Classification\data\flowers-102\jpg\image_04784.jpg,84,val,desert-rose
D:\Flower-Classification\data\flowers-102\jpg\image_03399.jpg,22,train,fritillary
D:\Flower-Classification\data\flowers-102\jpg\image_06672.jpg,15,test,globe-flower
D:\Flower-Classification\data\flowers-102\jpg\image_04918.jpg,19,test,giant white arum lily
D:\Flower-Classification\data\flowers-102\jpg\image_01638.jpg,81,val,clematis
D:\Flower-Classification\data\flowers-102\jpg\image_01871.jpg,77,test,lotus
D:\Flower-Classification\data\flowers-102\jpg\image_01872.jpg,77,test,lotus
D:\Flower-Classification\data\flowers-102\jpg\image_06507.jpg,25,test,corn poppy
D:\Flower-Classification\data\flowers-102\jpg\image_06963.jpg,33,test,mexican aster
D:\Flower-Classification\data\flowers-102\jpg\image_06530.jpg,49,test,common dandelion
D:\Flower-Classification\data\flowers-102\jpg\image_05393.jpg,21,test,pincushion flower
D:\Flower-Classification\data\flowers-102\jpg\image_01358.jpg,50,test,petunia
D:\Flower-Classification\data\flowers-102\jpg\image_07446.jpg,93,test,foxglove
D:\Flower-Classification\data\flowers-102\jpg\image_00942.jpg,80,test,frangipani
D:\Flower-Classification\data\flowers-102\jpg\image_06158.jpg,18,test,balloon flower
D:\Flower-Classification\data\flowers-102\jpg\image_01676.jpg,81,test,clematis
D:\Flower-Classification\data\flowers-102\jpg\image_06364.jpg,14,train,yellow iris
D:\Flower-Classification\data\flowers-102\jpg\image_07682.jpg,95,test,camellia
D:\Flower-Classification\data\flowers-102\jpg\image_02520.jpg,75,test,morning glory
D:\Flower-Classification\data\flowers-102\jpg\image_07825.jpg,97,train,mexican petunia
D:\Flower-Classification\data\flowers-102\jpg\image_03126.jpg,10,test,snapdragon
D:\Flower-Classification\data\flowers-102\jpg\image_04540.jpg,70,val,gazania
D:\Flower-Classification\data\flowers-102\jpg\image_02148.jpg,74,test,thorn apple
D:\Flower-Classification\data\flowers-102\jpg\image_01917.jpg,77,test,lotus
D:\Flower-Classification\data\flowers-102\jpg\image_00390.jpg,72,test,water lily
D:\Flower-Classification\data\flowers-102\jpg\image_02930.jpg,59,test,pink-yellow dahlia?
D:\Flower-Classification\data\flowers-102\jpg\image_05405.jpg,53,test,sunflower
D:\Flower-Classification\data\flowers-102\jpg\image_00087.jpg,76,test,passion flower
D:\Flower-Classification\data\flowers-102\jpg\image_03726.jpg,52,test,primula
D:\Flower-Classification\data\flowers-102\jpg\image_03228.jpg,64,test,californian poppy
D:\Flower-Classification\data\flowers-102\jpg\image_07499.jpg,94,test,bougainvillea
D:\Flower-Classification\data\flowers-102\jpg\image_00642.jpg,88,test,watercress
D:\Flower-Classification\data\flowers-102\jpg\image_07850.jpg,98,val,bromelia
D:\Flower-Classification\data\flowers-102\jpg\image_07710.jpg,96,train,mallow
D:\Flower-Classification\data\flowers-102\jpg\image_05019.jpg,46,val,marigold
D:\Flower-Classification\data\flowers-102\jpg\image_04539.jpg,70,test,gazania
D:\Flower-Classification\data\flowers-102\jpg\image_04895.jpg,90,test,hippeastrum
D:\Flower-Classification\data\flowers-102\jpg\image_07689.jpg,96,test,mallow
D:\Flower-Classification\data\flowers-102\jpg\image_05606.jpg,31,test,garden phlox
D:\Flower-Classification\data\flowers-102\jpg\image_06902.jpg,30,train,carnation
D:\Flower-Classification\data\flowers-102\jpg\image_04544.jpg,70,test,gazania
D:\Flower-Classification\data\flowers-102\jpg\image_02102.jpg,74,test,thorn apple
D:\Flower-Classification\data\flowers-102\jpg\image_02282.jpg,40,test,barbeton daisy
D:\Flower-Classification\data\flowers-102\jpg\image_01332.jpg,50,test,petunia
D:\Flower-Classification\data\flowers-102\jpg\image_00195.jpg,76,test,passion flower
D:\Flower-Classification\data\flowers-102\jpg\image_07833.jpg,98,val,bromelia
D:\Flower-Classification\data\flowers-102\jpg\image_00049.jpg,76,test,passion flower
D:\Flower-Classification\data\flowers-102\jpg\image_03787.jpg,36,train,cape flower
D:\Flower-Classification\data\flowers-102\jpg\image_02394.jpg,42,test,sword lily
D:\Flower-Classification\data\flowers-102\jpg\image_05326.jpg,69,test,tree poppy
D:\Flower-Classification\data\flowers-102\jpg\image_02378.jpg,42,val,sword lily
D:\Flower-Classification\data\flowers-102\jpg\image_02200.jpg,40,test,barbeton daisy
D:\Flower-Classification\data\flowers-102\jpg\image_03494.jpg,29,test,sweet william
D:\Flower-Classification\data\flowers-102\jpg\image_02325.jpg,42,test,sword lily
D:\Flower-Classification\data\flowers-102\jpg\image_08147.jpg,56,test,gaura
D:\Flower-Classification\data\flowers-102\jpg\image_06036.jpg,92,test,ball moss
D:\Flower-Classification\data\flowers-102\jpg\image_04020.jpg,11,train,colt's foot
D:\Flower-Classification\data\flowers-102\jpg\image_03935.jpg,50,train,petunia
D:\Flower-Classification\data\flowers-102\jpg\image_05716.jpg,41,test,daffodil
D:\Flower-Classification\data\flowers-102\jpg\image_01619.jpg,81,test,clematis
D:\Flower-Classification\data\flowers-102\jpg\image_00650.jpg,88,test,watercress
D:\Flower-Classification\data\flowers-102\jpg\image_06316.jpg,49,test,common dandelion
D:\Flower-Classification\data\flowers-102\jpg\image_01817.jpg,82,test,hibiscus
D:\Flower-Classification\data\flowers-102\jpg\image_07823.jpg,97,train,mexican petunia
D:\Flower-Classification\data\flowers-102\jpg\image_05983.jpg,68,train,windflower
D:\Flower-Classification\data\flowers-102\jpg\image_00444.jpg,72,train,water lily
D:\Flower-Classification\data\flowers-102\jpg\image_00382.jpg,72,test,water lily
D:\Flower-Classification\data\flowers-102\jpg\image_00072.jpg,76,test,passion flower
D:\Flower-Classification\data\flowers-102\jpg\image_01430.jpg,50,test,petunia
D:\Flower-Classification\data\flowers-102\jpg\image_05524.jpg,65,val,osteospermum
D:\Flower-Classification\data\flowers-102\jpg\image_03595.jpg,71,test,azalea
D:\Flower-Classification\data\flowers-102\jpg\image_02525.jpg,75,test,morning glory
D:\Flower-Classification\data\flowers-102\jpg\image_06701.jpg,78,test,toad lily
D:\Flower-Classification\data\flowers-102\jpg\image_07526.jpg,94,test,bougainvillea
D:\Flower-Classification\data\flowers-102\jpg\image_00229.jpg,76,test,passion flower
D:\Flower-Classification\data\flowers-102\jpg\image_03293.jpg,7,test,bird of paradise
D:\Flower-Classification\data\flowers-102\jpg\image_06528.jpg,49,test,common dandelion
D:\Flower-Classification\data\flowers-102\jpg\image_00884.jpg,80,test,frangipani
D:\Flower-Classification\data\flowers-102\jpg\image_02296.jpg,40,test,barbeton daisy
D:\Flower-Classification\data\flowers-102\jpg\image_06388.jpg,14,val,yellow iris
D:\Flower-Classification\data\flowers-102\jpg\image_05992.jpg,68,test,windflower
D:\Flower-Classification\data\flowers-102\jpg\image_04729.jpg,54,test,pelargonium
D:\Flower-Classification\data\flowers-102\jpg\image_04216.jpg,51,test,wild pansy
D:\Flower-Classification\data\flowers-102\jpg\image_00603.jpg,88,test,watercress
D:\Flower-Classification\data\flowers-102\jpg\image_06791.jpg,20,test,fire lily
D:\Flower-Classification\data\flowers-102\jpg\image_03407.jpg,22,test,fritillary
D:\Flower-Classification\data\flowers-102\jpg\image_07100.jpg,9,test,globe thistle
D:\Flower-Classification\data\flowers-102\jpg\image_03331.jpg,7,test,bird of paradise
D:\Flower-Classification\data\flowers-102\jpg\image_08116.jpg,92,val,ball moss
D:\Flower-Classification\data\flowers-102\jpg\image_01984.jpg,79,test,anthurium
D:\Flower-Classification\data\flowers-102\jpg\image_08014.jpg,101,test,blackberry lily
D:\Flower-Classification\data\flowers-102\jpg\image_04560.jpg,39,val,lenten rose
D:\Flower-Classification\data\flowers-102\jpg\image_05389.jpg,21,train,pincushion flower
D:\Flower-Classification\data\flowers-102\jpg\image_00228.jpg,76,test,passion flower
D:\Flower-Classification\data\flowers-102\jpg\image_05134.jpg,1,test,hard-leaved pocket orchid
D:\Flower-Classification\data\flowers-102\jpg\image_02762.jpg,55,train,bishop of llandaff
D:\Flower-Classification\data\flowers-102\jpg\image_04335.jpg,35,test,ruby-lipped cattleya
D:\Flower-Classification\data\flowers-102\jpg\image_07919.jpg,99,test,blanket flower
D:\Flower-Classification\data\flowers-102\jpg\image_04427.jpg,89,test,canna lily
D:\Flower-Classification\data\flowers-102\jpg\image_07547.jpg,94,test,bougainvillea
D:\Flower-Classification\data\flowers-102\jpg\image_03944.jpg,50,test,petunia
D:\Flower-Classification\data\flowers-102\jpg\image_05203.jpg,4,test,english marigold
D:\Flower-Classification\data\flowers-102\jpg\image_06046.jpg,92,test,ball moss
D:\Flower-Classification\data\flowers-102\jpg\image_04956.jpg,46,test,marigold
D:\Flower-Classification\data\flowers-102\jpg\image_05154.jpg,4,test,english marigold
D:\Flower-Classification\data\flowers-102\jpg\image_07860.jpg,98,test,bromelia
D:\Flower-Classification\data\flowers-102\jpg\image_00816.jpg,80,test,frangipani
D:\Flower-Classification\data\flowers-102\jpg\image_01593.jpg,81,test,clematis
D:\Flower-Classification\data\flowers-102\jpg\image_04301.jpg,17,test,peruvian lily
D:\Flower-Classification\data\flowers-102\jpg\image_06224.jpg,48,val,oxeye daisy
D:\Flower-Classification\data\flowers-102\jpg\image_06936.jpg,33,train,mexican aster
D:\Flower-Classification\data\flowers-102\jpg\image_00343.jpg,72,test,water lily
D:\Flower-Classification\data\flowers-102\jpg\image_06334.jpg,49,test,common dandelion
D:\Flower-Classification\data\flowers-102\jpg\image_01573.jpg,43,test,poinsettia
D:\Flower-Classification\data\flowers-102\jpg\image_03251.jpg,64,test,californian poppy
D:\Flower-Classification\data\flowers-102\jpg\image_05535.jpg,65,test,osteospermum
D:\Flower-Classification\data\flowers-102\jpg\image_00936.jpg,80,test,frangipani
D:\Flower-Classification\data\flowers-102\jpg\image_06789.jpg,20,val,fire lily
D:\Flower-Classification\data\flowers-102\jpg\image_03533.jpg,29,test,sweet william
D:\Flower-Classification\data\flowers-102\jpg\image_07192.jpg,5,train,tiger lily
D:\Flower-Classification\data\flowers-102\jpg\image_00938.jpg,80,test,frangipani
D:\Flower-Classification\data\flowers-102\jpg\image_03432.jpg,22,test,fritillary
D:\Flower-Classification\data\flowers-102\jpg\image_06302.jpg,49,test,common dandelion
D:\Flower-Classification\data\flowers-102\jpg\image_00730.jpg,88,test,watercress
D:\Flower-Classification\data\flowers-102\jpg\image_00075.jpg,76,test,passion flower
D:\Flower-Classification\data\flowers-102\jpg\image_04530.jpg,70,test,gazania
D:\Flower-Classification\data\flowers-102\jpg\image_01241.jpg,73,test,rose
D:\Flower-Classification\data\flowers-102\jpg\image_02239.jpg,40,val,barbeton daisy
D:\Flower-Classification\data\flowers-102\jpg\image_05950.jpg,67,train,bearded iris
D:\Flower-Classification\data\flowers-102\jpg\image_03729.jpg,52,train,primula
D:\Flower-Classification\data\flowers-102\jpg\image_06615.jpg,2,test,canterbury bells
D:\Flower-Classification\data\flowers-102\jpg\image_03289.jpg,7,test,bird of paradise
D:\Flower-Classification\data\flowers-102\jpg\image_03229.jpg,64,train,californian poppy
D:\Flower-Classification\data\flowers-102\jpg\image_00445.jpg,72,test,water lily
D:\Flower-Classification\data\flowers-102\jpg\image_04342.jpg,35,test,ruby-lipped cattleya
D:\Flower-Classification\data\flowers-102\jpg\image_07094.jpg,9,test,globe thistle
D:\Flower-Classification\data\flowers-102\jpg\image_02020.jpg,79,val,anthurium
D:\Flower-Classification\data\flowers-102\jpg\image_00529.jpg,87,test,cyclamen
D:\Flower-Classification\data\flowers-102\jpg\image_06026.jpg,92,val,ball moss
D:\Flower-Classification\data\flowers-102\jpg\image_07734.jpg,96,val,mallow
D:\Flower-Classification\data\flowers-102\jpg\image_04886.jpg,90,test,hippeastrum
D:\Flower-Classification\data\flowers-102\jpg\image_04687.jpg,47,test,buttercup
D:\Flower-Classification\data\flowers-102\jpg\image_04800.jpg,84,test,desert-rose
D:\Flower-Classification\data\flowers-102\jpg\image_05223.jpg,27,test,stemless gentian
D:\Flower-Classification\data\flowers-102\jpg\image_03191.jpg,64,val,californian poppy
D:\Flower-Classification\data\flowers-102\jpg\image_00689.jpg,88,test,watercress
D:\Flower-Classification\data\flowers-102\jpg\image_03846.jpg,16,test,purple coneflower
D:\Flower-Classification\data\flowers-102\jpg\image_02299.jpg,40,test,barbeton daisy
D:\Flower-Classification\data\flowers-102\jpg\image_06310.jpg,49,train,common dandelion
D:\Flower-Classification\data\flowers-102\jpg\image_07311.jpg,93,test,foxglove
D:\Flower-Classification\data\flowers-102\jpg\image_02781.jpg,55,test,bishop of llandaff
D:\Flower-Classification\data\flowers-102\jpg\image_00744.jpg,88,test,watercress
D:\Flower-Classification\data\flowers-102\jpg\image_03867.jpg,16,val,purple coneflower
D:\Flower-Classification\data\flowers-102\jpg\image_02448.jpg,75,test,morning glory
D:\Flower-Classification\data\flowers-102\jpg\image_03022.jpg,59,test,pink-yellow dahlia?
D:\Flower-Classification\data\flowers-102\jpg\image_01406.jpg,50,test,petunia
D:\Flower-Classification\data\flowers-102\jpg\image_03158.jpg,10,test,snapdragon
D:\Flower-Classification\data\flowers-102\jpg\image_07619.jpg,95,train,camellia
D:\Flower-Classification\data\flowers-102\jpg\image_00963.jpg,45,test,wallflower
D:\Flower-Classification\data\flowers-102\jpg\image_06234.jpg,48,test,oxeye daisy
D:\Flower-Classification\data\flowers-102\jpg\image_00622.jpg,88,test,watercress
D:\Flower-Classification\data\flowers-102\jpg\image_03257.jpg,64,test,californian poppy
D:\Flower-Classification\data\flowers-102\jpg\image_04340.jpg,35,test,ruby-lipped cattleya
D:\Flower-Classification\data\flowers-102\jpg\image_02058.jpg,79,val,anthurium
D:\Flower-Classification\data\flowers-102\jpg\image_04068.jpg,11,test,colt's foot
D:\Flower-Classification\data\flowers-102\jpg\image_01094.jpg,45,test,wallflower
D:\Flower-Classification\data\flowers-102\jpg\image_07437.jpg,93,test,foxglove
D:\Flower-Classification\data\flowers-102\jpg\image_06819.jpg,23,val,red ginger
D:\Flower-Classification\data\flowers-102\jpg\image_04346.jpg,35,test,ruby-lipped cattleya
D:\Flower-Classification\data\flowers-102\jpg\image_06990.jpg,34,test,alpine sea holly
D:\Flower-Classification\data\flowers-102\jpg\image_06774.jpg,20,test,fire lily
D:\Flower-Classification\data\flowers-102\jpg\image_02811.jpg,55,test,bishop of llandaff
D:\Flower-Classification\data\flowers-102\jpg\image_06105.jpg,63,train,silverbush
D:\Flower-Classification\data\flowers-102\jpg\image_06810.jpg,20,test,fire lily
D:\Flower-Classification\data\flowers-102\jpg\image_01463.jpg,50,test,petunia
D:\Flower-Classification\data\flowers-102\jpg\image_00534.jpg,87,train,cyclamen
D:\Flower-Classification\data\flowers-102\jpg\image_01737.jpg,82,test,hibiscus
D:\Flower-Classification\data\flowers-102\jpg\image_05843.jpg,37,test,great masterwort
D:\Flower-Classification\data\flowers-102\jpg\image_07642.jpg,95,test,camellia
D:\Flower-Classification\data\flowers-102\jpg\image_07010.jpg,38,train,siam tulip
D:\Flower-Classification\data\flowers-102\jpg\image_01034.jpg,45,test,wallflower
D:\Flower-Classification\data\flowers-102\jpg\image_00906.jpg,80,test,frangipani
D:\Flower-Classification\data\flowers-102\jpg\image_07156.jpg,44,train,bolero deep blue
D:\Flower-Classification\data\flowers-102\jpg\image_06780.jpg,20,val,fire lily
D:\Flower-Classification\data\flowers-102\jpg\image_00977.jpg,45,test,wallflower
D:\Flower-Classification\data\flowers-102\jpg\image_01174.jpg,73,test,rose
D:\Flower-Classification\data\flowers-102\jpg\image_00462.jpg,87,test,cyclamen
D:\Flower-Classification\data\flowers-102\jpg\image_06174.jpg,18,val,balloon flower
D:\Flower-Classification\data\flowers-102\jpg\image_02750.jpg,57,test,geranium
D:\Flower-Classification\data\flowers-102\jpg\image_00379.jpg,72,test,water lily
D:\Flower-Classification\data\flowers-102\jpg\image_06423.jpg,8,train,monkshood
D:\Flower-Classification\data\flowers-102\jpg\image_06236.jpg,48,test,oxeye daisy
D:\Flower-Classification\data\flowers-102\jpg\image_06443.jpg,32,train,love in the mist
D:\Flower-Classification\data\flowers-102\jpg\image_05982.jpg,68,test,windflower
D:\Flower-Classification\data\flowers-102\jpg\image_04733.jpg,54,test,pelargonium
D:\Flower-Classification\data\flowers-102\jpg\image_00991.jpg,45,test,wallflower
D:\Flower-Classification\data\flowers-102\jpg\image_01961.jpg,77,test,lotus
D:\Flower-Classification\data\flowers-102\jpg\image_05217.jpg,27,test,stemless gentian
D:\Flower-Classification\data\flowers-102\jpg\image_00295.jpg,72,test,water lily
D:\Flower-Classification\data\flowers-102\jpg\image_06644.jpg,2,val,canterbury bells
D:\Flower-Classification\data\flowers-102\jpg\image_00360.jpg,72,test,water lily
D:\Flower-Classification\data\flowers-102\jpg\image_04850.jpg,90,test,hippeastrum
D:\Flower-Classification\data\flowers-102\jpg\image_04680.jpg,47,test,buttercup
D:\Flower-Classification\data\flowers-102\jpg\image_05866.jpg,62,train,black-eyed susan
D:\Flower-Classification\data\flowers-102\jpg\image_01098.jpg,45,test,wallflower
D:\Flower-Classification\data\flowers-102\jpg\image_06470.jpg,32,test,love in the mist
D:\Flower-Classification\data\flowers-102\jpg\image_00035.jpg,76,test,passion flower
D:\Flower-Classification\data\flowers-102\jpg\image_02116.jpg,74,test,thorn apple
D:\Flower-Classification\data\flowers-102\jpg\image_05121.jpg,1,test,hard-leaved pocket orchid
D:\Flower-Classification\data\flowers-102\jpg\image_01205.jpg,73,test,rose
D:\Flower-Classification\data\flowers-102\jpg\image_05351.jpg,21,train,pincushion flower
D:\Flower-Classification\data\flowers-102\jpg\image_05421.jpg,53,test,sunflower
D:\Flower-Classification\data\flowers-102\jpg\image_06241.jpg,48,val,oxeye daisy
D:\Flower-Classification\data\flowers-102\jpg\image_06425.jpg,8,test,monkshood
D:\Flower-Classification\data\flowers-102\jpg\image_05457.jpg,53,test,sunflower
D:\Flower-Classification\data\flowers-102\jpg\image_03675.jpg,52,val,primula
D:\Flower-Classification\data\flowers-102\jpg\image_07551.jpg,94,test,bougainvillea
D:\Flower-Classification\data\flowers-102\jpg\image_08153.jpg,61,test,japanese anemone
D:\Flower-Classification\data\flowers-102\jpg\image_03750.jpg,36,test,cape flower
D:\Flower-Classification\data\flowers-102\jpg\image_03627.jpg,71,test,azalea
D:\Flower-Classification\data\flowers-102\jpg\image_07268.jpg,61,test,japanese anemone
D:\Flower-Classification\data\flowers-102\jpg\image_05878.jpg,62,test,black-eyed susan
D:\Flower-Classification\data\flowers-102\jpg\image_00097.jpg,76,test,passion flower
D:\Flower-Classification\data\flowers-102\jpg\image_07353.jpg,93,test,foxglove
D:\Flower-Classification\data\flowers-102\jpg\image_02618.jpg,83,test,columbine
D:\Flower-Classification\data\flowers-102\jpg\image_07966.jpg,100,test,trumpet creeper
D:\Flower-Classification\data\flowers-102\jpg\image_07433.jpg,93,test,foxglove
D:\Flower-Classification\data\flowers-102\jpg\image_02087.jpg,74,train,thorn apple
D:\Flower-Classification\data\flowers-102\jpg\image_05184.jpg,4,test,english marigold
D:\Flower-Classification\data\flowers-102\jpg\image_07552.jpg,94,test,bougainvillea
D:\Flower-Classification\data\flowers-102\jpg\image_03544.jpg,29,test,sweet william
D:\Flower-Classification\data\flowers-102\jpg\image_07002.jpg,34,val,alpine sea holly
D:\Flower-Classification\data\flowers-102\jpg\image_06612.jpg,2,val,canterbury bells
D:\Flower-Classification\data\flowers-102\jpg\image_05705.jpg,41,test,daffodil
D:\Flower-Classification\data\flowers-102\jpg\image_01402.jpg,50,test,petunia
D:\Flower-Classification\data\flowers-102\jpg\image_00717.jpg,88,train,watercress
D:\Flower-Classification\data\flowers-102\jpg\image_00675.jpg,88,test,watercress
D:\Flower-Classification\data\flowers-102\jpg\image_06935.jpg,33,test,mexican aster
D:\Flower-Classification\data\flowers-102\jpg\image_06868.jpg,26,test,prince of wales feathers
D:\Flower-Classification\data\flowers-102\jpg\image_07826.jpg,97,test,mexican petunia
D:\Flower-Classification\data\flowers-102\jpg\image_06889.jpg,26,test,prince of wales feathers
D:\Flower-Classification\data\flowers-102\jpg\image_00292.jpg,72,test,water lily
D:\Flower-Classification\data\flowers-102\jpg\image_03645.jpg,52,test,primula
D:\Flower-Classification\data\flowers-102\jpg\image_03414.jpg,22,test,fritillary
D:\Flower-Classification\data\flowers-102\jpg\image_05237.jpg,27,test,stemless gentian
D:\Flower-Classification\data\flowers-102\jpg\image_01040.jpg,45,test,wallflower
D:\Flower-Classification\data\flowers-102\jpg\image_00937.jpg,80,test,frangipani
D:\Flower-Classification\data\flowers-102\jpg\image_01903.jpg,77,test,lotus
D:\Flower-Classification\data\flowers-102\jpg\image_00809.jpg,80,test,frangipani
D:\Flower-Classification\data\flowers-102\jpg\image_06765.jpg,0,train,pink primrose
D:\Flower-Classification\data\flowers-102\jpg\image_02409.jpg,42,test,sword lily
D:\Flower-Classification\data\flowers-102\jpg\image_01719.jpg,82,val,hibiscus
D:\Flower-Classification\data\flowers-102\jpg\image_04799.jpg,84,val,desert-rose
D:\Flower-Classification\data\flowers-102\jpg\image_04014.jpg,11,test,colt's foot
D:\Flower-Classification\data\flowers-102\jpg\image_06445.jpg,32,val,love in the mist
D:\Flower-Classification\data\flowers-102\jpg\image_05519.jpg,86,test,magnolia
D:\Flower-Classification\data\flowers-102\jpg\image_02268.jpg,40,test,barbeton daisy
D:\Flower-Classification\data\flowers-102\jpg\image_01693.jpg,81,test,clematis
D:\Flower-Classification\data\flowers-102\jpg\image_05370.jpg,21,test,pincushion flower
D:\Flower-Classification\data\flowers-102\jpg\image_01717.jpg,82,test,hibiscus
D:\Flower-Classification\data\flowers-102\jpg\image_03438.jpg,22,test,fritillary
D:\Flower-Classification\data\flowers-102\jpg\image_00754.jpg,88,test,watercress
D:\Flower-Classification\data\flowers-102\jpg\image_00985.jpg,45,test,wallflower
D:\Flower-Classification\data\flowers-102\jpg\image_08049.jpg,23,test,red ginger
D:\Flower-Classification\data\flowers-102\jpg\image_03973.jpg,50,test,petunia
D:\Flower-Classification\data\flowers-102\jpg\image_02237.jpg,40,test,barbeton daisy
D:\Flower-Classification\data\flowers-102\jpg\image_02269.jpg,40,test,barbeton daisy
D:\Flower-Classification\data\flowers-102\jpg\image_04059.jpg,11,train,colt's foot
D:\Flower-Classification\data\flowers-102\jpg\image_00999.jpg,45,test,wallflower
D:\Flower-Classification\data\flowers-102\jpg\image_03248.jpg,64,val,californian poppy
D:\Flower-Classification\data\flowers-102\jpg\image_05634.jpg,3,train,sweet pea
D:\Flower-Classification\data\flowers-102\jpg\image_05826.jpg,37,test,great masterwort
D:\Flower-Classification\data\flowers-102\jpg\image_07490.jpg,94,test,bougainvillea
D:\Flower-Classification\data\flowers-102\jpg\image_05394.jpg,21,test,pincushion flower
D:\Flower-Classification\data\flowers-102\jpg\image_01155.jpg,73,test,rose
D:\Flower-Classification\data\flowers-102\jpg\image_07054.jpg,66,val,spring crocus
D:\Flower-Classification\data\flowers-102\jpg\image_04354.jpg,35,test,ruby-lipped cattleya
D:\Flower-Classification\data\flowers-102\jpg\image_07616.jpg,95,test,camellia
D:\Flower-Classification\data\flowers-102\jpg\image_00947.jpg,45,test,wallflower
D:\Flower-Classification\data\flowers-102\jpg\image_07334.jpg,93,val,foxglove
D:\Flower-Classification\data\flowers-102\jpg\image_06040.jpg,92,train,ball moss
D:\Flower-Classification\data\flowers-102\jpg\image_04938.jpg,19,train,giant white arum lily
D:\Flower-Classification\data\flowers-102\jpg\image_04226.jpg,51,val,wild pansy
D:\Flower-Classification\data\flowers-102\jpg\image_02332.jpg,42,test,sword lily
D:\Flower-Classification\data\flowers-102\jpg\image_02596.jpg,83,test,columbine
D:\Flower-Classification\data\flowers-102\jpg\image_07667.jpg,95,test,camellia
D:\Flower-Classification\data\flowers-102\jpg\image_00858.jpg,80,test,frangipani
D:\Flower-Classification\data\flowers-102\jpg\image_03629.jpg,71,test,azalea
D:\Flower-Classification\data\flowers-102\jpg\image_00347.jpg,72,test,water lily
D:\Flower-Classification\data\flowers-102\jpg\image_04964.jpg,46,val,marigold
D:\Flower-Classification\data\flowers-102\jpg\image_07575.jpg,94,test,bougainvillea
D:\Flower-Classification\data\flowers-102\jpg\image_00854.jpg,80,test,frangipani
D:\Flower-Classification\data\flowers-102\jpg\image_02966.jpg,59,val,pink-yellow dahlia?
D:\Flower-Classification\data\flowers-102\jpg\image_06314.jpg,49,test,common dandelion
D:\Flower-Classification\data\flowers-102\jpg\image_05526.jpg,65,test,osteospermum
D:\Flower-Classification\data\flowers-102\jpg\image_04653.jpg,47,test,buttercup
D:\Flower-Classification\data\flowers-102\jpg\image_07505.jpg,94,test,bougainvillea
D:\Flower-Classification\data\flowers-102\jpg\image_06366.jpg,14,test,yellow iris
D:\Flower-Classification\data\flowers-102\jpg\image_05785.jpg,12,val,king protea
D:\Flower-Classification\data\flowers-102\jpg\image_07703.jpg,96,test,mallow
D:\Flower-Classification\data\flowers-102\jpg\image_00454.jpg,87,test,cyclamen
D:\Flower-Classification\data\flowers-102\jpg\image_04088.jpg,28,val,artichoke
D:\Flower-Classification\data\flowers-102\jpg\image_03061.jpg,91,test,bee balm
D:\Flower-Classification\data\flowers-102\jpg\image_00996.jpg,45,test,wallflower
D:\Flower-Classification\data\flowers-102\jpg\image_03310.jpg,7,val,bird of paradise
D:\Flower-Classification\data\flowers-102\jpg\image_01975.jpg,79,train,anthurium
D:\Flower-Classification\data\flowers-102\jpg\image_00156.jpg,76,test,passion flower
D:\Flower-Classification\data\flowers-102\jpg\image_03327.jpg,7,val,bird of paradise
D:\Flower-Classification\data\flowers-102\jpg\image_04966.jpg,46,test,marigold
D:\Flower-Classification\data\flowers-102\jpg\image_02723.jpg,57,test,geranium
D:\Flower-Classification\data\flowers-102\jpg\image_06274.jpg,60,val,cautleya spicata
D:\Flower-Classification\data\flowers-102\jpg\image_02844.jpg,55,test,bishop of llandaff
D:\Flower-Classification\data\flowers-102\jpg\image_00160.jpg,76,test,passion flower
D:\Flower-Classification\data\flowers-102\jpg\image_03226.jpg,64,test,californian poppy
D:\Flower-Classification\data\flowers-102\jpg\image_02108.jpg,74,test,thorn apple
D:\Flower-Classification\data\flowers-102\jpg\image_00903.jpg,80,test,frangipani
D:\Flower-Classification\data\flowers-102\jpg\image_01681.jpg,81,test,clematis
D:\Flower-Classification\data\flowers-102\jpg\image_06335.jpg,49,train,common dandelion
D:\Flower-Classification\data\flowers-102\jpg\image_05371.jpg,21,test,pincushion flower
D:\Flower-Classification\data\flowers-102\jpg\image_06919.jpg,30,test,carnation
D:\Flower-Classification\data\flowers-102\jpg\image_05510.jpg,86,train,magnolia
D:\Flower-Classification\data\flowers-102\jpg\image_01470.jpg,50,test,petunia
D:\Flower-Classification\data\flowers-102\jpg\image_04732.jpg,54,val,pelargonium
D:\Flower-Classification\data\flowers-102\jpg\image_07580.jpg,94,test,bougainvillea
D:\Flower-Classification\data\flowers-102\jpg\image_04926.jpg,19,test,giant white arum lily
D:\Flower-Classification\data\flowers-102\jpg\image_00317.jpg,72,test,water lily
D:\Flower-Classification\data\flowers-102\jpg\image_03862.jpg,16,test,purple coneflower
D:\Flower-Classification\data\flowers-102\jpg\image_03807.jpg,36,test,cape flower
D:\Flower-Classification\data\flowers-102\jpg\image_03417.jpg,22,test,fritillary
D:\Flower-Classification\data\flowers-102\jpg\image_05467.jpg,86,test,magnolia
D:\Flower-Classification\data\flowers-102\jpg\image_04123.jpg,28,train,artichoke
D:\Flower-Classification\data\flowers-102\jpg\image_08170.jpg,61,test,japanese anemone
D:\Flower-Classification\data\flowers-102\jpg\image_01345.jpg,50,test,petunia
D:\Flower-Classification\data\flowers-102\jpg\image_05827.jpg,37,test,great masterwort
D:\Flower-Classification\data\flowers-102\jpg\image_00886.jpg,80,test,frangipani
D:\Flower-Classification\data\flowers-102\jpg\image_02370.jpg,42,test,sword lily
D:\Flower-Classification\data\flowers-102\jpg\image_03312.jpg,7,test,bird of paradise
D:\Flower-Classification\data\flowers-102\jpg\image_00193.jpg,76,test,passion flower
D:\Flower-Classification\data\flowers-102\jpg\image_01356.jpg,50,test,petunia
D:\Flower-Classification\data\flowers-102\jpg\image_04583.jpg,39,train,lenten rose
D:\Flower-Classification\data\flowers-102\jpg\image_06065.jpg,13,val,spear thistle
D:\Flower-Classification\data\flowers-102\jpg\image_06773.jpg,0,val,pink primrose
D:\Flower-Classification\data\flowers-102\jpg\image_03169.jpg,10,val,snapdragon
D:\Flower-Classification\data\flowers-102\jpg\image_02799.jpg,55,test,bishop of llandaff
D:\Flower-Classification\data\flowers-102\jpg\image_04551.jpg,70,test,gazania
D:\Flower-Classification\data\flowers-102\jpg\image_07356.jpg,93,test,foxglove
D:\Flower-Classification\data\flowers-102\jpg\image_07313.jpg,93,test,foxglove
D:\Flower-Classification\data\flowers-102\jpg\image_03613.jpg,71,test,azalea
D:\Flower-Classification\data\flowers-102\jpg\image_04629.jpg,47,test,buttercup
D:\Flower-Classification\data\flowers-102\jpg\image_03917.jpg,50,test,petunia
D:\Flower-Classification\data\flowers-102\jpg\image_02780.jpg,55,test,bishop of llandaff
D:\Flower-Classification\data\flowers-102\jpg\image_02841.jpg,55,val,bishop of llandaff
D:\Flower-Classification\data\flowers-102\jpg\image_06279.jpg,60,val,cautleya spicata
D:\Flower-Classification\data\flowers-102\jpg\image_01166.jpg,73,test,rose
D:\Flower-Classification\data\flowers-102\jpg\image_04228.jpg,51,test,wild pansy
D:\Flower-Classification\data\flowers-102\jpg\image_05727.jpg,41,train,daffodil
D:\Flower-Classification\data\flowers-102\jpg\image_02816.jpg,55,test,bishop of llandaff
D:\Flower-Classification\data\flowers-102\jpg\image_05555.jpg,65,test,osteospermum
D:\Flower-Classification\data\flowers-102\jpg\image_01816.jpg,82,train,hibiscus
D:\Flower-Classification\data\flowers-102\jpg\image_01830.jpg,77,test,lotus
D:\Flower-Classification\data\flowers-102\jpg\image_04314.jpg,17,test,peruvian lily
D:\Flower-Classification\data\flowers-102\jpg\image_03710.jpg,52,test,primula
D:\Flower-Classification\data\flowers-102\jpg\image_01171.jpg,73,test,rose
D:\Flower-Classification\data\flowers-102\jpg\image_02868.jpg,85,test,tree mallow
D:\Flower-Classification\data\flowers-102\jpg\image_05984.jpg,68,test,windflower
D:\Flower-Classification\data\flowers-102\jpg\image_07059.jpg,66,train,spring crocus
D:\Flower-Classification\data\flowers-102\jpg\image_04759.jpg,54,test,pelargonium
D:\Flower-Classification\data\flowers-102\jpg\image_02199.jpg,40,test,barbeton daisy
D:\Flower-Classification\data\flowers-102\jpg\image_02679.jpg,57,test,geranium
D:\Flower-Classification\data\flowers-102\jpg\image_02742.jpg,57,test,geranium
D:\Flower-Classification\data\flowers-102\jpg\image_07460.jpg,93,test,foxglove
D:\Flower-Classification\data\flowers-102\jpg\image_07625.jpg,95,test,camellia
D:\Flower-Classification\data\flowers-102\jpg\image_01825.jpg,82,test,hibiscus
D:\Flower-Classification\data\flowers-102\jpg\image_07593.jpg,94,test,bougainvillea
D:\Flower-Classification\data\flowers-102\jpg\image_07176.jpg,5,test,tiger lily
D:\Flower-Classification\data\flowers-102\jpg\image_01537.jpg,43,test,poinsettia
D:\Flower-Classification\data\flowers-102\jpg\image_01819.jpg,82,train,hibiscus
D:\Flower-Classification\data\flowers-102\jpg\image_07956.jpg,100,test,trumpet creeper
D:\Flower-Classification\data\flowers-102\jpg\image_02819.jpg,55,test,bishop of llandaff
D:\Flower-Classification\data\flowers-102\jpg\image_06637.jpg,2,test,canterbury bells
D:\Flower-Classification\data\flowers-102\jpg\image_01072.jpg,45,test,wallflower
D:\Flower-Classification\data\flowers-102\jpg\image_02663.jpg,57,test,geranium
D:\Flower-Classification\data\flowers-102\jpg\image_07542.jpg,94,test,bougainvillea
D:\Flower-Classification\data\flowers-102\jpg\image_07913.jpg,99,train,blanket flower
D:\Flower-Classification\data\flowers-102\jpg\image_06280.jpg,60,train,cautleya spicata
D:\Flower-Classification\data\flowers-102\jpg\image_01649.jpg,81,test,clematis
D:\Flower-Classification\data\flowers-102\jpg\image_06345.jpg,49,test,common dandelion
D:\Flower-Classification\data\flowers-102\jpg\image_03633.jpg,71,test,azalea
D:\Flower-Classification\data\flowers-102\jpg\image_03413.jpg,22,test,fritillary
D:\Flower-Classification\data\flowers-102\jpg\image_03898.jpg,16,test,purple coneflower
D:\Flower-Classification\data\flowers-102\jpg\image_04815.jpg,84,test,desert-rose
D:\Flower-Classification\data\flowers-102\jpg\image_02801.jpg,55,test,bishop of llandaff
D:\Flower-Classification\data\flowers-102\jpg\image_07325.jpg,93,val,foxglove
D:\Flower-Classification\data\flowers-102\jpg\image_00593.jpg,87,test,cyclamen
D:\Flower-Classification\data\flowers-102\jpg\image_05779.jpg,12,train,king protea
D:\Flower-Classification\data\flowers-102\jpg\image_07692.jpg,96,val,mallow
D:\Flower-Classification\data\flowers-102\jpg\image_07419.jpg,93,test,foxglove
D:\Flower-Classification\data\flowers-102\jpg\image_04446.jpg,89,test,canna lily
D:\Flower-Classification\data\flowers-102\jpg\image_00331.jpg,72,test,water lily
D:\Flower-Classification\data\flowers-102\jpg\image_01173.jpg,73,test,rose
D:\Flower-Classification\data\flowers-102\jpg\image_03723.jpg,52,test,primula
D:\Flower-Classification\data\flowers-102\jpg\image_02576.jpg,83,test,columbine
D:\Flower-Classification\data\flowers-102\jpg\image_04124.jpg,28,test,artichoke
D:\Flower-Classification\data\flowers-102\jpg\image_01048.jpg,45,test,wallflower
D:\Flower-Classification\data\flowers-102\jpg\image_03594.jpg,71,test,azalea
D:\Flower-Classification\data\flowers-102\jpg\image_05206.jpg,4,test,english marigold
D:\Flower-Classification\data\flowers-102\jpg\image_04534.jpg,70,val,gazania
D:\Flower-Classification\data\flowers-102\jpg\image_01352.jpg,50,test,petunia
D:\Flower-Classification\data\flowers-102\jpg\image_04520.jpg,70,test,gazania
D:\Flower-Classification\data\flowers-102\jpg\image_02408.jpg,42,train,sword lily
D:\Flower-Classification\data\flowers-102\jpg\image_00009.jpg,76,test,passion flower
D:\Flower-Classification\data\flowers-102\jpg\image_07925.jpg,99,test,blanket flower
D:\Flower-Classification\data\flowers-102\jpg\image_00168.jpg,76,test,passion flower
D:\Flower-Classification\data\flowers-102\jpg\image_03253.jpg,64,train,californian poppy
D:\Flower-Classification\data\flowers-102\jpg\image_02165.jpg,74,test,thorn apple
D:\Flower-Classification\data\flowers-102\jpg\image_06145.jpg,63,val,silverbush
D:\Flower-Classification\data\flowers-102\jpg\image_01732.jpg,82,test,hibiscus
D:\Flower-Classification\data\flowers-102\jpg\image_02797.jpg,55,test,bishop of llandaff
D:\Flower-Classification\data\flowers-102\jpg\image_01488.jpg,50,test,petunia
D:\Flower-Classification\data\flowers-102\jpg\image_04270.jpg,17,test,peruvian lily
D:\Flower-Classification\data\flowers-102\jpg\image_00892.jpg,80,test,frangipani
D:\Flower-Classification\data\flowers-102\jpg\image_03538.jpg,29,train,sweet william
D:\Flower-Classification\data\flowers-102\jpg\image_00567.jpg,87,test,cyclamen
D:\Flower-Classification\data\flowers-102\jpg\image_07333.jpg,93,test,foxglove
D:\Flower-Classification\data\flowers-102\jpg\image_00560.jpg,87,test,cyclamen
D:\Flower-Classification\data\flowers-102\jpg\image_06189.jpg,18,train,balloon flower
D:\Flower-Classification\data\flowers-102\jpg\image_07849.jpg,98,val,bromelia
D:\Flower-Classification\data\flowers-102\jpg\image_03866.jpg,16,test,purple coneflower
D:\Flower-Classification\data\flowers-102\jpg\image_05253.jpg,27,test,stemless gentian
D:\Flower-Classification\data\flowers-102\jpg\image_05113.jpg,1,test,hard-leaved pocket orchid
D:\Flower-Classification\data\flowers-102\jpg\image_00261.jpg,72,test,water lily
D:\Flower-Classification\data\flowers-102\jpg\image_07908.jpg,99,train,blanket flower
D:\Flower-Classification\data\flowers-102\jpg\image_06018.jpg,92,test,ball moss
D:\Flower-Classification\data\flowers-102\jpg\image_02767.jpg,55,test,bishop of llandaff
D:\Flower-Classification\data\flowers-102\jpg\image_02825.jpg,55,test,bishop of llandaff
D:\Flower-Classification\data\flowers-102\jpg\image_07686.jpg,96,test,mallow
D:\Flower-Classification\data\flowers-102\jpg\image_05815.jpg,37,train,great masterwort
D:\Flower-Classification\data\flowers-102\jpg\image_00594.jpg,87,test,cyclamen
D:\Flower-Classification\data\flowers-102\jpg\image_06331.jpg,49,test,common dandelion
D:\Flower-Classification\data\flowers-102\jpg\image_04064.jpg,11,test,colt's foot
D:\Flower-Classification\data\flowers-102\jpg\image_06061.jpg,13,train,spear thistle
D:\Flower-Classification\data\flowers-102\jpg\image_03546.jpg,71,test,azalea
D:\Flower-Classification\data\flowers-102\jpg\image_00055.jpg,76,val,passion flower
D:\Flower-Classification\data\flowers-102\jpg\image_04086.jpg,28,test,artichoke
D:\Flower-Classification\data\flowers-102\jpg\image_05022.jpg,58,val,orange dahlia
D:\Flower-Classification\data\flowers-102\jpg\image_00700.jpg,88,test,watercress
D:\Flower-Classification\data\flowers-102\jpg\image_04421.jpg,89,test,canna lily
D:\Flower-Classification\data\flowers-102\jpg\image_05978.jpg,68,test,windflower
D:\Flower-Classification\data\flowers-102\jpg\image_01381.jpg,50,test,petunia
D:\Flower-Classification\data\flowers-102\jpg\image_00639.jpg,88,test,watercress
D:\Flower-Classification\data\flowers-102\jpg\image_05246.jpg,27,test,stemless gentian
D:\Flower-Classification\data\flowers-102\jpg\image_00016.jpg,76,test,passion flower
D:\Flower-Classification\data\flowers-102\jpg\image_02582.jpg,83,test,columbine
D:\Flower-Classification\data\flowers-102\jpg\image_01119.jpg,45,test,wallflower
D:\Flower-Classification\data\flowers-102\jpg\image_04754.jpg,54,val,pelargonium
D:\Flower-Classification\data\flowers-102\jpg\image_05433.jpg,53,test,sunflower
D:\Flower-Classification\data\flowers-102\jpg\image_07293.jpg,36,test,cape flower
D:\Flower-Classification\data\flowers-102\jpg\image_03282.jpg,64,test,californian poppy
D:\Flower-Classification\data\flowers-102\jpg\image_01856.jpg,77,test,lotus
D:\Flower-Classification\data\flowers-102\jpg\image_04249.jpg,17,test,peruvian lily
D:\Flower-Classification\data\flowers-102\jpg\image_05651.jpg,3,val,sweet pea
D:\Flower-Classification\data\flowers-102\jpg\image_01181.jpg,73,test,rose
D:\Flower-Classification\data\flowers-102\jpg\image_06098.jpg,63,val,silverbush
D:\Flower-Classification\data\flowers-102\jpg\image_08059.jpg,90,val,hippeastrum
D:\Flower-Classification\data\flowers-102\jpg\image_03677.jpg,52,test,primula
D:\Flower-Classification\data\flowers-102\jpg\image_05695.jpg,41,test,daffodil
D:\Flower-Classification\data\flowers-102\jpg\image_06667.jpg,15,train,globe-flower
D:\Flower-Classification\data\flowers-102\jpg\image_03976.jpg,50,test,petunia
D:\Flower-Classification\data\flowers-102\jpg\image_02609.jpg,83,train,columbine
D:\Flower-Classification\data\flowers-102\jpg\image_03949.jpg,50,test,petunia
D:\Flower-Classification\data\flowers-102\jpg\image_05444.jpg,53,val,sunflower
D:\Flower-Classification\data\flowers-102\jpg\image_07540.jpg,94,test,bougainvillea
D:\Flower-Classification\data\flowers-102\jpg\image_04688.jpg,47,test,buttercup
D:\Flower-Classification\data\flowers-102\jpg\image_06014.jpg,92,test,ball moss
D:\Flower-Classification\data\flowers-102\jpg\image_06458.jpg,32,test,love in the mist
D:\Flower-Classification\data\flowers-102\jpg\image_02834.jpg,55,val,bishop of llandaff
D:\Flower-Classification\data\flowers-102\jpg\image_00300.jpg,72,test,water lily
D:\Flower-Classification\data\flowers-102\jpg\image_00844.jpg,80,test,frangipani
D:\Flower-Classification\data\flowers-102\jpg\image_01131.jpg,45,train,wallflower
D:\Flower-Classification\data\flowers-102\jpg\image_06196.jpg,18,val,balloon flower
D:\Flower-Classification\data\flowers-102\jpg\image_05626.jpg,31,test,garden phlox
D:\Flower-Classification\data\flowers-102\jpg\image_00951.jpg,45,test,wallflower
D:\Flower-Classification\data\flowers-102\jpg\image_01418.jpg,50,test,petunia
D:\Flower-Classification\data\flowers-102\jpg\image_07355.jpg,93,test,foxglove
D:\Flower-Classification\data\flowers-102\jpg\image_05367.jpg,21,train,pincushion flower
D:\Flower-Classification\data\flowers-102\jpg\image_05447.jpg,53,val,sunflower
D:\Flower-Classification\data\flowers-102\jpg\image_06131.jpg,63,test,silverbush
D:\Flower-Classification\data\flowers-102\jpg\image_02937.jpg,59,test,pink-yellow dahlia?
D:\Flower-Classification\data\flowers-102\jpg\image_03143.jpg,10,test,snapdragon
D:\Flower-Classification\data\flowers-102\jpg\image_03439.jpg,22,test,fritillary
D:\Flower-Classification\data\flowers-102\jpg\image_05799.jpg,37,test,great masterwort
D:\Flower-Classification\data\flowers-102\jpg\image_02469.jpg,75,test,morning glory
D:\Flower-Classification\data\flowers-102\jpg\image_06079.jpg,13,test,spear thistle
D:\Flower-Classification\data\flowers-102\jpg\image_04054.jpg,11,test,colt's foot
D:\Flower-Classification\data\flowers-102\jpg\image_01700.jpg,82,test,hibiscus
D:\Flower-Classification\data\flowers-102\jpg\image_00848.jpg,80,train,frangipani
D:\Flower-Classification\data\flowers-102\jpg\image_04962.jpg,46,test,marigold
D:\Flower-Classification\data\flowers-102\jpg\image_03743.jpg,36,test,cape flower
D:\Flower-Classification\data\flowers-102\jpg\image_04326.jpg,35,test,ruby-lipped cattleya
D:\Flower-Classification\data\flowers-102\jpg\image_05488.jpg,86,test,magnolia
D:\Flower-Classification\data\flowers-102\jpg\image_04630.jpg,47,test,buttercup
D:\Flower-Classification\data\flowers-102\jpg\image_03585.jpg,71,test,azalea
D:\Flower-Classification\data\flowers-102\jpg\image_02920.jpg,59,test,pink-yellow dahlia?
D:\Flower-Classification\data\flowers-102\jpg\image_04463.jpg,89,test,canna lily
D:\Flower-Classification\data\flowers-102\jpg\image_06000.jpg,68,train,windflower
D:\Flower-Classification\data\flowers-102\jpg\image_03818.jpg,36,test,cape flower
D:\Flower-Classification\data\flowers-102\jpg\image_03125.jpg,10,test,snapdragon
D:\Flower-Classification\data\flowers-102\jpg\image_04367.jpg,35,test,ruby-lipped cattleya
D:\Flower-Classification\data\flowers-102\jpg\image_03646.jpg,52,test,primula
D:\Flower-Classification\data\flowers-102\jpg\image_04087.jpg,28,test,artichoke
D:\Flower-Classification\data\flowers-102\jpg\image_01996.jpg,79,test,anthurium
D:\Flower-Classification\data\flowers-102\jpg\image_01199.jpg,73,test,rose
D:\Flower-Classification\data\flowers-102\jpg\image_05085.jpg,58,val,orange dahlia
D:\Flower-Classification\data\flowers-102\jpg\image_06293.jpg,60,val,cautleya spicata
D:\Flower-Classification\data\flowers-102\jpg\image_00911.jpg,80,val,frangipani
D:\Flower-Classification\data\flowers-102\jpg\image_02272.jpg,40,test,barbeton daisy
D:\Flower-Classification\data\flowers-102\jpg\image_05702.jpg,41,test,daffodil
D:\Flower-Classification\data\flowers-102\jpg\image_05095.jpg,1,test,hard-leaved pocket orchid
D:\Flower-Classification\data\flowers-102\jpg\image_07478.jpg,94,val,bougainvillea
D:\Flower-Classification\data\flowers-102\jpg\image_02664.jpg,57,test,geranium
D:\Flower-Classification\data\flowers-102\jpg\image_05659.jpg,3,train,sweet pea
D:\Flower-Classification\data\flowers-102\jpg\image_07852.jpg,98,test,bromelia
D:\Flower-Classification\data\flowers-102\jpg\image_03883.jpg,16,test,purple coneflower
D:\Flower-Classification\data\flowers-102\jpg\image_07427.jpg,93,test,foxglove
D:\Flower-Classification\data\flowers-102\jpg\image_05554.jpg,65,test,osteospermum
D:\Flower-Classification\data\flowers-102\jpg\image_04227.jpg,51,test,wild pansy
D:\Flower-Classification\data\flowers-102\jpg\image_04523.jpg,70,train,gazania
D:\Flower-Classification\data\flowers-102\jpg\image_07761.jpg,97,test,mexican petunia
D:\Flower-Classification\data\flowers-102\jpg\image_07126.jpg,44,test,bolero deep blue
D:\Flower-Classification\data\flowers-102\jpg\image_04261.jpg,17,val,peruvian lily
D:\Flower-Classification\data\flowers-102\jpg\image_07759.jpg,97,test,mexican petunia
D:\Flower-Classification\data\flowers-102\jpg\image_04252.jpg,17,train,peruvian lily
D:\Flower-Classification\data\flowers-102\jpg\image_04077.jpg,11,test,colt's foot
D:\Flower-Classification\data\flowers-102\jpg\image_01578.jpg,43,test,poinsettia
D:\Flower-Classification\data\flowers-102\jpg\image_02376.jpg,42,test,sword lily
D:\Flower-Classification\data\flowers-102\jpg\image_00289.jpg,72,test,water lily
D:\Flower-Classification\data\flowers-102\jpg\image_05852.jpg,62,test,black-eyed susan
D:\Flower-Classification\data\flowers-102\jpg\image_02713.jpg,57,test,geranium
D:\Flower-Classification\data\flowers-102\jpg\image_01925.jpg,77,test,lotus
D:\Flower-Classification\data\flowers-102\jpg\image_01781.jpg,82,val,hibiscus
D:\Flower-Classification\data\flowers-102\jpg\image_01024.jpg,45,val,wallflower
D:\Flower-Classification\data\flowers-102\jpg\image_02050.jpg,79,test,anthurium
D:\Flower-Classification\data\flowers-102\jpg\image_01968.jpg,79,test,anthurium
D:\Flower-Classification\data\flowers-102\jpg\image_02990.jpg,59,test,pink-yellow dahlia?
D:\Flower-Classification\data\flowers-102\jpg\image_00337.jpg,72,test,water lily
D:\Flower-Classification\data\flowers-102\jpg\image_05508.jpg,86,val,magnolia
D:\Flower-Classification\data\flowers-102\jpg\image_03871.jpg,16,test,purple coneflower
D:\Flower-Classification\data\flowers-102\jpg\image_02986.jpg,59,test,pink-yellow dahlia?
D:\Flower-Classification\data\flowers-102\jpg\image_03207.jpg,64,test,californian poppy
D:\Flower-Classification\data\flowers-102\jpg\image_06312.jpg,49,test,common dandelion
D:\Flower-Classification\data\flowers-102\jpg\image_05272.jpg,27,train,stemless gentian
D:\Flower-Classification\data\flowers-102\jpg\image_00442.jpg,72,train,water lily
D:\Flower-Classification\data\flowers-102\jpg\image_02548.jpg,75,test,morning glory
D:\Flower-Classification\data\flowers-102\jpg\image_03302.jpg,7,train,bird of paradise
D:\Flower-Classification\data\flowers-102\jpg\image_07527.jpg,94,test,bougainvillea
D:\Flower-Classification\data\flowers-102\jpg\image_03460.jpg,29,test,sweet william
D:\Flower-Classification\data\flowers-102\jpg\image_03556.jpg,71,test,azalea
D:\Flower-Classification\data\flowers-102\jpg\image_03135.jpg,10,test,snapdragon
D:\Flower-Classification\data\flowers-102\jpg\image_02615.jpg,83,test,columbine
D:\Flower-Classification\data\flowers-102\jpg\image_02177.jpg,74,test,thorn apple
D:\Flower-Classification\data\flowers-102\jpg\image_07863.jpg,98,train,bromelia
D:\Flower-Classification\data\flowers-102\jpg\image_05627.jpg,31,test,garden phlox
D:\Flower-Classification\data\flowers-102\jpg\image_05883.jpg,62,test,black-eyed susan
D:\Flower-Classification\data\flowers-102\jpg\image_03249.jpg,64,test,californian poppy
D:\Flower-Classification\data\flowers-102\jpg\image_02382.jpg,42,test,sword lily
D:\Flower-Classification\data\flowers-102\jpg\image_01376.jpg,50,test,petunia
D:\Flower-Classification\data\flowers-102\jpg\image_01944.jpg,77,test,lotus
D:\Flower-Classification\data\flowers-102\jpg\image_00735.jpg,88,test,watercress
D:\Flower-Classification\data\flowers-102\jpg\image_07586.jpg,94,test,bougainvillea
D:\Flower-Classification\data\flowers-102\jpg\image_01832.jpg,77,train,lotus
D:\Flower-Classification\data\flowers-102\jpg\image_00215.jpg,76,test,passion flower
D:\Flower-Classification\data\flowers-102\jpg\image_01453.jpg,50,test,petunia
D:\Flower-Classification\data\flowers-102\jpg\image_04710.jpg,54,test,pelargonium
D:\Flower-Classification\data\flowers-102\jpg\image_04341.jpg,35,train,ruby-lipped cattleya
D:\Flower-Classification\data\flowers-102\jpg\image_01747.jpg,82,val,hibiscus
D:\Flower-Classification\data\flowers-102\jpg\image_04177.jpg,51,test,wild pansy
D:\Flower-Classification\data\flowers-102\jpg\image_07792.jpg,97,test,mexican petunia
D:\Flower-Classification\data\flowers-102\jpg\image_06185.jpg,18,val,balloon flower
D:\Flower-Classification\data\flowers-102\jpg\image_06760.jpg,0,test,pink primrose
D:\Flower-Classification\data\flowers-102\jpg\image_02355.jpg,42,test,sword lily
D:\Flower-Classification\data\flowers-102\jpg\image_01893.jpg,77,test,lotus
D:\Flower-Classification\data\flowers-102\jpg\image_05063.jpg,58,test,orange dahlia
D:\Flower-Classification\data\flowers-102\jpg\image_01203.jpg,73,test,rose
D:\Flower-Classification\data\flowers-102\jpg\image_00741.jpg,88,val,watercress
D:\Flower-Classification\data\flowers-102\jpg\image_00958.jpg,45,test,wallflower
D:\Flower-Classification\data\flowers-102\jpg\image_02453.jpg,75,test,morning glory
D:\Flower-Classification\data\flowers-102\jpg\image_07370.jpg,93,test,foxglove
D:\Flower-Classification\data\flowers-102\jpg\image_05057.jpg,58,test,orange dahlia
D:\Flower-Classification\data\flowers-102\jpg\image_05153.jpg,4,test,english marigold
D:\Flower-Classification\data\flowers-102\jpg\image_00114.jpg,76,test,passion flower
D:\Flower-Classification\data\flowers-102\jpg\image_07666.jpg,95,test,camellia
D:\Flower-Classification\data\flowers-102\jpg\image_02062.jpg,79,test,anthurium
D:\Flower-Classification\data\flowers-102\jpg\image_01300.jpg,73,test,rose
D:\Flower-Classification\data\flowers-102\jpg\image_07648.jpg,95,test,camellia
D:\Flower-Classification\data\flowers-102\jpg\image_04824.jpg,84,test,desert-rose
D:\Flower-Classification\data\flowers-102\jpg\image_02722.jpg,57,test,geranium
D:\Flower-Classification\data\flowers-102\jpg\image_05600.jpg,31,val,garden phlox
D:\Flower-Classification\data\flowers-102\jpg\image_07282.jpg,61,test,japanese anemone
D:\Flower-Classification\data\flowers-102\jpg\image_02083.jpg,74,test,thorn apple
D:\Flower-Classification\data\flowers-102\jpg\image_01497.jpg,43,test,poinsettia
D:\Flower-Classification\data\flowers-102\jpg\image_06126.jpg,63,val,silverbush
D:\Flower-Classification\data\flowers-102\jpg\image_03929.jpg,50,test,petunia
D:\Flower-Classification\data\flowers-102\jpg\image_06068.jpg,13,test,spear thistle
D:\Flower-Classification\data\flowers-102\jpg\image_03225.jpg,64,val,californian poppy
D:\Flower-Classification\data\flowers-102\jpg\image_00743.jpg,88,test,watercress
D:\Flower-Classification\data\flowers-102\jpg\image_05593.jpg,31,val,garden phlox
D:\Flower-Classification\data\flowers-102\jpg\image_00722.jpg,88,test,watercress
D:\Flower-Classification\data\flowers-102\jpg\image_01838.jpg,77,test,lotus
D:\Flower-Classification\data\flowers-102\jpg\image_04165.jpg,51,test,wild pansy
D:\Flower-Classification\data\flowers-102\jpg\image_02612.jpg,83,test,columbine
D:\Flower-Classification\data\flowers-102\jpg\image_07999.jpg,100,val,trumpet creeper
D:\Flower-Classification\data\flowers-102\jpg\image_00799.jpg,80,test,frangipani
D:\Flower-Classification\data\flowers-102\jpg\image_04222.jpg,51,test,wild pansy
D:\Flower-Classification\data\flowers-102\jpg\image_08101.jpg,6,val,moon orchid
D:\Flower-Classification\data\flowers-102\jpg\image_03236.jpg,64,test,californian poppy
D:\Flower-Classification\data\flowers-102\jpg\image_07928.jpg,99,val,blanket flower
D:\Flower-Classification\data\flowers-102\jpg\image_03708.jpg,52,val,primula
D:\Flower-Classification\data\flowers-102\jpg\image_00834.jpg,80,test,frangipani
D:\Flower-Classification\data\flowers-102\jpg\image_03430.jpg,22,test,fritillary
D:\Flower-Classification\data\flowers-102\jpg\image_05345.jpg,21,train,pincushion flower
D:\Flower-Classification\data\flowers-102\jpg\image_07967.jpg,100,train,trumpet creeper
D:\Flower-Classification\data\flowers-102\jpg\image_05123.jpg,1,val,hard-leaved pocket orchid
D:\Flower-Classification\data\flowers-102\jpg\image_06769.jpg,0,test,pink primrose
D:\Flower-Classification\data\flowers-102\jpg\image_03678.jpg,52,test,primula
D:\Flower-Classification\data\flowers-102\jpg\image_06970.jpg,34,test,alpine sea holly
D:\Flower-Classification\data\flowers-102\jpg\image_02657.jpg,57,test,geranium
D:\Flower-Classification\data\flowers-102\jpg\image_07049.jpg,66,test,spring crocus
D:\Flower-Classification\data\flowers-102\jpg\image_03503.jpg,29,test,sweet william
D:\Flower-Classification\data\flowers-102\jpg\image_05360.jpg,21,val,pincushion flower
D:\Flower-Classification\data\flowers-102\jpg\image_05027.jpg,58,test,orange dahlia
D:\Flower-Classification\data\flowers-102\jpg\image_03812.jpg,36,test,cape flower
D:\Flower-Classification\data\flowers-102\jpg\image_00174.jpg,76,test,passion flower
D:\Flower-Classification\data\flowers-102\jpg\image_07147.jpg,44,test,bolero deep blue
D:\Flower-Classification\data\flowers-102\jpg\image_03606.jpg,71,test,azalea
D:\Flower-Classification\data\flowers-102\jpg\image_01914.jpg,77,test,lotus
D:\Flower-Classification\data\flowers-102\jpg\image_02768.jpg,55,test,bishop of llandaff
D:\Flower-Classification\data\flowers-102\jpg\image_01251.jpg,73,val,rose
D:\Flower-Classification\data\flowers-102\jpg\image_00042.jpg,76,test,passion flower
D:\Flower-Classification\data\flowers-102\jpg\image_07898.jpg,99,test,blanket flower
D:\Flower-Classification\data\flowers-102\jpg\image_01782.jpg,82,test,hibiscus
D:\Flower-Classification\data\flowers-102\jpg\image_04181.jpg,51,val,wild pansy
D:\Flower-Classification\data\flowers-102\jpg\image_04950.jpg,19,val,giant white arum lily
D:\Flower-Classification\data\flowers-102\jpg\image_05280.jpg,69,test,tree poppy
D:\Flower-Classification\data\flowers-102\jpg\image_06954.jpg,33,test,mexican aster
D:\Flower-Classification\data\flowers-102\jpg\image_01788.jpg,82,test,hibiscus
D:\Flower-Classification\data\flowers-102\jpg\image_04703.jpg,54,train,pelargonium
D:\Flower-Classification\data\flowers-102\jpg\image_03356.jpg,7,train,bird of paradise
D:\Flower-Classification\data\flowers-102\jpg\image_01274.jpg,73,test,rose
D:\Flower-Classification\data\flowers-102\jpg\image_04007.jpg,11,test,colt's foot
D:\Flower-Classification\data\flowers-102\jpg\image_04385.jpg,35,test,ruby-lipped cattleya
D:\Flower-Classification\data\flowers-102\jpg\image_07976.jpg,100,val,trumpet creeper
D:\Flower-Classification\data\flowers-102\jpg\image_06053.jpg,13,train,spear thistle
D:\Flower-Classification\data\flowers-102\jpg\image_05427.jpg,53,test,sunflower
D:\Flower-Classification\data\flowers-102\jpg\image_07514.jpg,94,test,bougainvillea
D:\Flower-Classification\data\flowers-102\jpg\image_02851.jpg,55,test,bishop of llandaff
D:\Flower-Classification\data\flowers-102\jpg\image_00658.jpg,88,test,watercress
D:\Flower-Classification\data\flowers-102\jpg\image_08070.jpg,30,test,carnation
D:\Flower-Classification\data\flowers-102\jpg\image_02313.jpg,40,test,barbeton daisy
D:\Flower-Classification\data\flowers-102\jpg\image_05696.jpg,41,test,daffodil
D:\Flower-Classification\data\flowers-102\jpg\image_05803.jpg,37,test,great masterwort
D:\Flower-Classification\data\flowers-102\jpg\image_05214.jpg,27,test,stemless gentian
D:\Flower-Classification\data\flowers-102\jpg\image_04052.jpg,11,test,colt's foot
D:\Flower-Classification\data\flowers-102\jpg\image_07808.jpg,97,test,mexican petunia
D:\Flower-Classification\data\flowers-102\jpg\image_04259.jpg,17,test,peruvian lily
D:\Flower-Classification\data\flowers-102\jpg\image_07240.jpg,56,test,gaura
D:\Flower-Classification\data\flowers-102\jpg\image_03017.jpg,59,test,pink-yellow dahlia?
D:\Flower-Classification\data\flowers-102\jpg\image_05487.jpg,86,test,magnolia
D:\Flower-Classification\data\flowers-102\jpg\image_06377.jpg,14,test,yellow iris
D:\Flower-Classification\data\flowers-102\jpg\image_05656.jpg,3,test,sweet pea
D:\Flower-Classification\data\flowers-102\jpg\image_02137.jpg,74,test,thorn apple
D:\Flower-Classification\data\flowers-102\jpg\image_04256.jpg,17,val,peruvian lily
D:\Flower-Classification\data\flowers-102\jpg\image_03912.jpg,16,val,purple coneflower
D:\Flower-Classification\data\flowers-102\jpg\image_00056.jpg,76,test,passion flower
D:\Flower-Classification\data\flowers-102\jpg\image_01794.jpg,82,test,hibiscus
D:\Flower-Classification\data\flowers-102\jpg\image_06562.jpg,49,val,common dandelion
D:\Flower-Classification\data\flowers-102\jpg\image_00100.jpg,76,test,passion flower
D:\Flower-Classification\data\flowers-102\jpg\image_03545.jpg,71,test,azalea
D:\Flower-Classification\data\flowers-102\jpg\image_02193.jpg,40,test,barbeton daisy
D:\Flower-Classification\data\flowers-102\jpg\image_06197.jpg,18,test,balloon flower
D:\Flower-Classification\data\flowers-102\jpg\image_05796.jpg,37,train,great masterwort
D:\Flower-Classification\data\flowers-102\jpg\image_04218.jpg,51,test,wild pansy
D:\Flower-Classification\data\flowers-102\jpg\image_04902.jpg,19,test,giant white arum lily
D:\Flower-Classification\data\flowers-102\jpg\image_03660.jpg,52,test,primula
D:\Flower-Classification\data\flowers-102\jpg\image_01287.jpg,73,test,rose
D:\Flower-Classification\data\flowers-102\jpg\image_02558.jpg,83,test,columbine
D:\Flower-Classification\data\flowers-102\jpg\image_00550.jpg,87,test,cyclamen
D:\Flower-Classification\data\flowers-102\jpg\image_06777.jpg,20,test,fire lily
D:\Flower-Classification\data\flowers-102\jpg\image_00492.jpg,87,test,cyclamen
D:\Flower-Classification\data\flowers-102\jpg\image_06421.jpg,8,test,monkshood
D:\Flower-Classification\data\flowers-102\jpg\image_02401.jpg,42,test,sword lily
D:\Flower-Classification\data\flowers-102\jpg\image_03744.jpg,36,val,cape flower
D:\Flower-Classification\data\flowers-102\jpg\image_02924.jpg,59,test,pink-yellow dahlia?
D:\Flower-Classification\data\flowers-102\jpg\image_04619.jpg,39,test,lenten rose
D:\Flower-Classification\data\flowers-102\jpg\image_03348.jpg,7,test,bird of paradise
D:\Flower-Classification\data\flowers-102\jpg\image_02545.jpg,75,test,morning glory
D:\Flower-Classification\data\flowers-102\jpg\image_04880.jpg,90,test,hippeastrum
D:\Flower-Classification\data\flowers-102\jpg\image_06207.jpg,48,test,oxeye daisy
D:\Flower-Classification\data\flowers-102\jpg\image_01957.jpg,77,test,lotus
D:\Flower-Classification\data\flowers-102\jpg\image_02899.jpg,85,test,tree mallow
D:\Flower-Classification\data\flowers-102\jpg\image_07169.jpg,5,train,tiger lily
D:\Flower-Classification\data\flowers-102\jpg\image_05977.jpg,68,val,windflower
D:\Flower-Classification\data\flowers-102\jpg\image_03933.jpg,50,test,petunia
D:\Flower-Classification\data\flowers-102\jpg\image_00709.jpg,88,test,watercress
D:\Flower-Classification\data\flowers-102\jpg\image_04061.jpg,11,test,colt's foot
D:\Flower-Classification\data\flowers-102\jpg\image_00084.jpg,76,test,passion flower
D:\Flower-Classification\data\flowers-102\jpg\image_06070.jpg,13,val,spear thistle
D:\Flower-Classification\data\flowers-102\jpg\image_06112.jpg,63,test,silverbush
D:\Flower-Classification\data\flowers-102\jpg\image_05972.jpg,68,train,windflower
D:\Flower-Classification\data\flowers-102\jpg\image_03925.jpg,50,test,petunia
D:\Flower-Classification\data\flowers-102\jpg\image_00900.jpg,80,test,frangipani
D:\Flower-Classification\data\flowers-102\jpg\image_06888.jpg,26,test,prince of wales feathers
D:\Flower-Classification\data\flowers-102\jpg\image_02032.jpg,79,test,anthurium
D:\Flower-Classification\data\flowers-102\jpg\image_00187.jpg,76,test,passion flower
D:\Flower-Classification\data\flowers-102\jpg\image_01960.jpg,77,test,lotus
D:\Flower-Classification\data\flowers-102\jpg\image_05201.jpg,4,test,english marigold
D:\Flower-Classification\data\flowers-102\jpg\image_06937.jpg,33,val,mexican aster
D:\Flower-Classification\data\flowers-102\jpg\image_05160.jpg,4,test,english marigold
D:\Flower-Classification\data\flowers-102\jpg\image_04220.jpg,51,test,wild pansy
D:\Flower-Classification\data\flowers-102\jpg\image_02354.jpg,42,val,sword lily
D:\Flower-Classification\data\flowers-102\jpg\image_04042.jpg,11,test,colt's foot
D:\Flower-Classification\data\flowers-102\jpg\image_05065.jpg,58,val,orange dahlia
D:\Flower-Classification\data\flowers-102\jpg\image_02439.jpg,42,test,sword lily
D:\Flower-Classification\data\flowers-102\jpg\image_07482.jpg,94,test,bougainvillea
D:\Flower-Classification\data\flowers-102\jpg\image_00827.jpg,80,test,frangipani
D:\Flower-Classification\data\flowers-102\jpg\image_04574.jpg,39,test,lenten rose
D:\Flower-Classification\data\flowers-102\jpg\image_05591.jpg,31,test,garden phlox
D:\Flower-Classification\data\flowers-102\jpg\image_03939.jpg,50,test,petunia
D:\Flower-Classification\data\flowers-102\jpg\image_06840.jpg,23,val,red ginger
D:\Flower-Classification\data\flowers-102\jpg\image_06213.jpg,48,train,oxeye daisy
D:\Flower-Classification\data\flowers-102\jpg\image_02879.jpg,85,train,tree mallow
D:\Flower-Classification\data\flowers-102\jpg\image_04736.jpg,54,test,pelargonium
D:\Flower-Classification\data\flowers-102\jpg\image_00556.jpg,87,test,cyclamen
D:\Flower-Classification\data\flowers-102\jpg\image_03401.jpg,22,test,fritillary
D:\Flower-Classification\data\flowers-102\jpg\image_00272.jpg,72,test,water lily
D:\Flower-Classification\data\flowers-102\jpg\image_03804.jpg,36,test,cape flower
D:\Flower-Classification\data\flowers-102\jpg\image_01458.jpg,50,test,petunia
D:\Flower-Classification\data\flowers-102\jpg\image_04898.jpg,19,test,giant white arum lily
D:\Flower-Classification\data\flowers-102\jpg\image_05207.jpg,4,test,english marigold
D:\Flower-Classification\data\flowers-102\jpg\image_02256.jpg,40,test,barbeton daisy
D:\Flower-Classification\data\flowers-102\jpg\image_01064.jpg,45,test,wallflower
D:\Flower-Classification\data\flowers-102\jpg\image_06580.jpg,24,val,grape hyacinth
D:\Flower-Classification\data\flowers-102\jpg\image_06002.jpg,68,train,windflower
D:\Flower-Classification\data\flowers-102\jpg\image_07475.jpg,94,test,bougainvillea
D:\Flower-Classification\data\flowers-102\jpg\image_02771.jpg,55,test,bishop of llandaff
D:\Flower-Classification\data\flowers-102\jpg\image_01074.jpg,45,test,wallflower
D:\Flower-Classification\data\flowers-102\jpg\image_07359.jpg,93,test,foxglove
D:\Flower-Classification\data\flowers-102\jpg\image_00307.jpg,72,test,water lily
D:\Flower-Classification\data\flowers-102\jpg\image_06202.jpg,48,test,oxeye daisy
D:\Flower-Classification\data\flowers-102\jpg\image_06119.jpg,63,train,silverbush
D:\Flower-Classification\data\flowers-102\jpg\image_00855.jpg,80,test,frangipani
D:\Flower-Classification\data\flowers-102\jpg\image_01756.jpg,82,test,hibiscus
D:\Flower-Classification\data\flowers-102\jpg\image_07844.jpg,98,test,bromelia
D:\Flower-Classification\data\flowers-102\jpg\image_03802.jpg,36,train,cape flower
D:\Flower-Classification\data\flowers-102\jpg\image_05853.jpg,62,test,black-eyed susan
D:\Flower-Classification\data\flowers-102\jpg\image_07395.jpg,93,test,foxglove
D:\Flower-Classification\data\flowers-102\jpg\image_01044.jpg,45,test,wallflower
D:\Flower-Classification\data\flowers-102\jpg\image_00766.jpg,88,test,watercress
D:\Flower-Classification\data\flowers-102\jpg\image_06206.jpg,48,train,oxeye daisy
D:\Flower-Classification\data\flowers-102\jpg\image_03915.jpg,50,test,petunia
D:\Flower-Classification\data\flowers-102\jpg\image_03511.jpg,29,test,sweet william
D:\Flower-Classification\data\flowers-102\jpg\image_03765.jpg,36,test,cape flower
D:\Flower-Classification\data\flowers-102\jpg\image_07272.jpg,61,test,japanese anemone
D:\Flower-Classification\data\flowers-102\jpg\image_01495.jpg,43,test,poinsettia
D:\Flower-Classification\data\flowers-102\jpg\image_00036.jpg,76,train,passion flower
D:\Flower-Classification\data\flowers-102\jpg\image_04899.jpg,19,test,giant white arum lily
D:\Flower-Classification\data\flowers-102\jpg\image_00570.jpg,87,val,cyclamen
D:\Flower-Classification\data\flowers-102\jpg\image_04719.jpg,54,val,pelargonium
D:\Flower-Classification\data\flowers-102\jpg\image_01752.jpg,82,test,hibiscus
D:\Flower-Classification\data\flowers-102\jpg\image_01257.jpg,73,test,rose
D:\Flower-Classification\data\flowers-102\jpg\image_04269.jpg,17,test,peruvian lily
D:\Flower-Classification\data\flowers-102\jpg\image_06368.jpg,14,train,yellow iris
D:\Flower-Classification\data\flowers-102\jpg\image_01680.jpg,81,test,clematis
D:\Flower-Classification\data\flowers-102\jpg\image_04236.jpg,51,train,wild pansy
D:\Flower-Classification\data\flowers-102\jpg\image_01213.jpg,73,train,rose
D:\Flower-Classification\data\flowers-102\jpg\image_07831.jpg,97,test,mexican petunia
D:\Flower-Classification\data\flowers-102\jpg\image_03019.jpg,59,test,pink-yellow dahlia?
D:\Flower-Classification\data\flowers-102\jpg\image_03083.jpg,91,test,bee balm
D:\Flower-Classification\data\flowers-102\jpg\image_00777.jpg,88,test,watercress
D:\Flower-Classification\data\flowers-102\jpg\image_05328.jpg,69,test,tree poppy
D:\Flower-Classification\data\flowers-102\jpg\image_00504.jpg,87,test,cyclamen
D:\Flower-Classification\data\flowers-102\jpg\image_06940.jpg,33,train,mexican aster
D:\Flower-Classification\data\flowers-102\jpg\image_08119.jpg,56,val,gaura
D:\Flower-Classification\data\flowers-102\jpg\image_03005.jpg,59,test,pink-yellow dahlia?
D:\Flower-Classification\data\flowers-102\jpg\image_04151.jpg,28,test,artichoke
D:\Flower-Classification\data\flowers-102\jpg\image_07630.jpg,95,train,camellia
D:\Flower-Classification\data\flowers-102\jpg\image_07587.jpg,94,train,bougainvillea
D:\Flower-Classification\data\flowers-102\jpg\image_06538.jpg,49,test,common dandelion
D:\Flower-Classification\data\flowers-102\jpg\image_01739.jpg,82,test,hibiscus
D:\Flower-Classification\data\flowers-102\jpg\image_06212.jpg,48,test,oxeye daisy
D:\Flower-Classification\data\flowers-102\jpg\image_00721.jpg,88,test,watercress
D:\Flower-Classification\data\flowers-102\jpg\image_06882.jpg,26,test,prince of wales feathers
D:\Flower-Classification\data\flowers-102\jpg\image_07541.jpg,94,test,bougainvillea
D:\Flower-Classification\data\flowers-102\jpg\image_00329.jpg,72,test,water lily
D:\Flower-Classification\data\flowers-102\jpg\image_01875.jpg,77,test,lotus
D:\Flower-Classification\data\flowers-102\jpg\image_00665.jpg,88,val,watercress
D:\Flower-Classification\data\flowers-102\jpg\image_07902.jpg,99,val,blanket flower
D:\Flower-Classification\data\flowers-102\jpg\image_00474.jpg,87,test,cyclamen
D:\Flower-Classification\data\flowers-102\jpg\image_02405.jpg,42,test,sword lily
D:\Flower-Classification\data\flowers-102\jpg\image_01308.jpg,73,test,rose
D:\Flower-Classification\data\flowers-102\jpg\image_01193.jpg,73,test,rose
D:\Flower-Classification\data\flowers-102\jpg\image_03670.jpg,52,test,primula
D:\Flower-Classification\data\flowers-102\jpg\image_00953.jpg,45,test,wallflower
D:\Flower-Classification\data\flowers-102\jpg\image_02761.jpg,55,train,bishop of llandaff
D:\Flower-Classification\data\flowers-102\jpg\image_03263.jpg,64,test,californian poppy
D:\Flower-Classification\data\flowers-102\jpg\image_03210.jpg,64,test,californian poppy
D:\Flower-Classification\data\flowers-102\jpg\image_06688.jpg,15,train,globe-flower
D:\Flower-Classification\data\flowers-102\jpg\image_00409.jpg,72,test,water lily
D:\Flower-Classification\data\flowers-102\jpg\image_03821.jpg,36,val,cape flower
D:\Flower-Classification\data\flowers-102\jpg\image_03451.jpg,22,test,fritillary
D:\Flower-Classification\data\flowers-102\jpg\image_04971.jpg,46,test,marigold
D:\Flower-Classification\data\flowers-102\jpg\image_00367.jpg,72,test,water lily
D:\Flower-Classification\data\flowers-102\jpg\image_08090.jpg,9,val,globe thistle
D:\Flower-Classification\data\flowers-102\jpg\image_02725.jpg,57,test,geranium
D:\Flower-Classification\data\flowers-102\jpg\image_03808.jpg,36,test,cape flower
D:\Flower-Classification\data\flowers-102\jpg\image_05643.jpg,3,test,sweet pea
D:\Flower-Classification\data\flowers-102\jpg\image_04920.jpg,19,test,giant white arum lily
D:\Flower-Classification\data\flowers-102\jpg\image_02241.jpg,40,test,barbeton daisy
D:\Flower-Classification\data\flowers-102\jpg\image_02301.jpg,40,test,barbeton daisy
D:\Flower-Classification\data\flowers-102\jpg\image_04721.jpg,54,val,pelargonium
D:\Flower-Classification\data\flowers-102\jpg\image_04000.jpg,11,test,colt's foot
D:\Flower-Classification\data\flowers-102\jpg\image_00664.jpg,88,train,watercress
D:\Flower-Classification\data\flowers-102\jpg\image_00846.jpg,80,test,frangipani
D:\Flower-Classification\data\flowers-102\jpg\image_04424.jpg,89,test,canna lily
D:\Flower-Classification\data\flowers-102\jpg\image_06633.jpg,2,test,canterbury bells
D:\Flower-Classification\data\flowers-102\jpg\image_03035.jpg,91,test,bee balm
D:\Flower-Classification\data\flowers-102\jpg\image_01853.jpg,77,test,lotus
D:\Flower-Classification\data\flowers-102\jpg\image_02593.jpg,83,test,columbine
D:\Flower-Classification\data\flowers-102\jpg\image_02160.jpg,74,val,thorn apple
D:\Flower-Classification\data\flowers-102\jpg\image_02670.jpg,57,test,geranium
D:\Flower-Classification\data\flowers-102\jpg\image_04536.jpg,70,test,gazania
D:\Flower-Classification\data\flowers-102\jpg\image_04970.jpg,46,train,marigold
D:\Flower-Classification\data\flowers-102\jpg\image_01051.jpg,45,test,wallflower
D:\Flower-Classification\data\flowers-102\jpg\image_07794.jpg,97,test,mexican petunia
D:\Flower-Classification\data\flowers-102\jpg\image_05919.jpg,67,test,bearded iris
D:\Flower-Classification\data\flowers-102\jpg\image_03336.jpg,7,train,bird of paradise
D:\Flower-Classification\data\flowers-102\jpg\image_00451.jpg,87,test,cyclamen
D:\Flower-Classification\data\flowers-102\jpg\image_03462.jpg,29,test,sweet william
D:\Flower-Classification\data\flowers-102\jpg\image_02927.jpg,59,train,pink-yellow dahlia?
D:\Flower-Classification\data\flowers-102\jpg\image_07784.jpg,97,test,mexican petunia
D:\Flower-Classification\data\flowers-102\jpg\image_03575.jpg,71,test,azalea
D:\Flower-Classification\data\flowers-102\jpg\image_06266.jpg,60,test,cautleya spicata
D:\Flower-Classification\data\flowers-102\jpg\image_01933.jpg,77,test,lotus
D:\Flower-Classification\data\flowers-102\jpg\image_03759.jpg,36,test,cape flower
D:\Flower-Classification\data\flowers-102\jpg\image_00606.jpg,88,test,watercress
D:\Flower-Classification\data\flowers-102\jpg\image_05507.jpg,86,val,magnolia
D:\Flower-Classification\data\flowers-102\jpg\image_00849.jpg,80,test,frangipani
D:\Flower-Classification\data\flowers-102\jpg\image_00740.jpg,88,test,watercress
D:\Flower-Classification\data\flowers-102\jpg\image_03699.jpg,52,test,primula
D:\Flower-Classification\data\flowers-102\jpg\image_02956.jpg,59,val,pink-yellow dahlia?
D:\Flower-Classification\data\flowers-102\jpg\image_01668.jpg,81,test,clematis
D:\Flower-Classification\data\flowers-102\jpg\image_07431.jpg,93,test,foxglove
D:\Flower-Classification\data\flowers-102\jpg\image_01049.jpg,45,val,wallflower
D:\Flower-Classification\data\flowers-102\jpg\image_03692.jpg,52,test,primula
D:\Flower-Classification\data\flowers-102\jpg\image_07191.jpg,5,train,tiger lily
D:\Flower-Classification\data\flowers-102\jpg\image_05611.jpg,31,test,garden phlox
D:\Flower-Classification\data\flowers-102\jpg\image_08062.jpg,98,test,bromelia
D:\Flower-Classification\data\flowers-102\jpg\image_00458.jpg,87,test,cyclamen
D:\Flower-Classification\data\flowers-102\jpg\image_07687.jpg,96,test,mallow
D:\Flower-Classification\data\flowers-102\jpg\image_05325.jpg,69,test,tree poppy
D:\Flower-Classification\data\flowers-102\jpg\image_06383.jpg,14,test,yellow iris
D:\Flower-Classification\data\flowers-102\jpg\image_02694.jpg,57,val,geranium
D:\Flower-Classification\data\flowers-102\jpg\image_05825.jpg,37,test,great masterwort
D:\Flower-Classification\data\flowers-102\jpg\image_03084.jpg,91,test,bee balm
D:\Flower-Classification\data\flowers-102\jpg\image_00475.jpg,87,test,cyclamen
D:\Flower-Classification\data\flowers-102\jpg\image_05275.jpg,27,test,stemless gentian
D:\Flower-Classification\data\flowers-102\jpg\image_03658.jpg,52,val,primula
D:\Flower-Classification\data\flowers-102\jpg\image_03700.jpg,52,val,primula
D:\Flower-Classification\data\flowers-102\jpg\image_04389.jpg,35,test,ruby-lipped cattleya
D:\Flower-Classification\data\flowers-102\jpg\image_03155.jpg,10,test,snapdragon
D:\Flower-Classification\data\flowers-102\jpg\image_07896.jpg,99,test,blanket flower
D:\Flower-Classification\data\flowers-102\jpg\image_03187.jpg,64,test,californian poppy
D:\Flower-Classification\data\flowers-102\jpg\image_07958.jpg,100,test,trumpet creeper
D:\Flower-Classification\data\flowers-102\jpg\image_01268.jpg,73,test,rose
D:\Flower-Classification\data\flowers-102\jpg\image_04002.jpg,11,test,colt's foot
D:\Flower-Classification\data\flowers-102\jpg\image_03860.jpg,16,train,purple coneflower
D:\Flower-Classification\data\flowers-102\jpg\image_02169.jpg,74,test,thorn apple
D:\Flower-Classification\data\flowers-102\jpg\image_00453.jpg,87,test,cyclamen
D:\Flower-Classification\data\flowers-102\jpg\image_03335.jpg,7,test,bird of paradise
D:\Flower-Classification\data\flowers-102\jpg\image_00883.jpg,80,test,frangipani
D:\Flower-Classification\data\flowers-102\jpg\image_00954.jpg,45,test,wallflower
D:\Flower-Classification\data\flowers-102\jpg\image_07543.jpg,94,test,bougainvillea
D:\Flower-Classification\data\flowers-102\jpg\image_01716.jpg,82,train,hibiscus
D:\Flower-Classification\data\flowers-102\jpg\image_01408.jpg,50,test,petunia
D:\Flower-Classification\data\flowers-102\jpg\image_04894.jpg,90,test,hippeastrum
D:\Flower-Classification\data\flowers-102\jpg\image_07135.jpg,44,train,bolero deep blue
D:\Flower-Classification\data\flowers-102\jpg\image_04137.jpg,28,test,artichoke
D:\Flower-Classification\data\flowers-102\jpg\image_07404.jpg,93,test,foxglove
D:\Flower-Classification\data\flowers-102\jpg\image_06294.jpg,60,test,cautleya spicata
D:\Flower-Classification\data\flowers-102\jpg\image_05233.jpg,27,val,stemless gentian
D:\Flower-Classification\data\flowers-102\jpg\image_02248.jpg,40,test,barbeton daisy
D:\Flower-Classification\data\flowers-102\jpg\image_03562.jpg,71,test,azalea
D:\Flower-Classification\data\flowers-102\jpg\image_07892.jpg,98,test,bromelia
D:\Flower-Classification\data\flowers-102\jpg\image_04746.jpg,54,train,pelargonium
D:\Flower-Classification\data\flowers-102\jpg\image_01030.jpg,45,test,wallflower
D:\Flower-Classification\data\flowers-102\jpg\image_02988.jpg,59,test,pink-yellow dahlia?
D:\Flower-Classification\data\flowers-102\jpg\image_02766.jpg,55,test,bishop of llandaff
D:\Flower-Classification\data\flowers-102\jpg\image_04280.jpg,17,test,peruvian lily
D:\Flower-Classification\data\flowers-102\jpg\image_01815.jpg,82,test,hibiscus
D:\Flower-Classification\data\flowers-102\jpg\image_06080.jpg,13,test,spear thistle
D:\Flower-Classification\data\flowers-102\jpg\image_07390.jpg,93,test,foxglove
D:\Flower-Classification\data\flowers-102\jpg\image_05921.jpg,67,val,bearded iris
D:\Flower-Classification\data\flowers-102\jpg\image_05911.jpg,67,test,bearded iris
D:\Flower-Classification\data\flowers-102\jpg\image_00210.jpg,76,test,passion flower
D:\Flower-Classification\data\flowers-102\jpg\image_03919.jpg,50,test,petunia
D:\Flower-Classification\data\flowers-102\jpg\image_06704.jpg,78,train,toad lily
D:\Flower-Classification\data\flowers-102\jpg\image_04828.jpg,84,test,desert-rose
D:\Flower-Classification\data\flowers-102\jpg\image_00850.jpg,80,test,frangipani
D:\Flower-Classification\data\flowers-102\jpg\image_02309.jpg,40,test,barbeton daisy
D:\Flower-Classification\data\flowers-102\jpg\image_07640.jpg,95,test,camellia
D:\Flower-Classification\data\flowers-102\jpg\image_05521.jpg,86,test,magnolia
D:\Flower-Classification\data\flowers-102\jpg\image_04316.jpg,17,test,peruvian lily
D:\Flower-Classification\data\flowers-102\jpg\image_00302.jpg,72,test,water lily
D:\Flower-Classification\data\flowers-102\jpg\image_03822.jpg,36,train,cape flower
D:\Flower-Classification\data\flowers-102\jpg\image_01377.jpg,50,test,petunia
D:\Flower-Classification\data\flowers-102\jpg\image_04486.jpg,70,test,gazania
D:\Flower-Classification\data\flowers-102\jpg\image_04959.jpg,46,test,marigold
D:\Flower-Classification\data\flowers-102\jpg\image_02319.jpg,42,test,sword lily
D:\Flower-Classification\data\flowers-102\jpg\image_07239.jpg,56,val,gaura
D:\Flower-Classification\data\flowers-102\jpg\image_02373.jpg,42,train,sword lily
D:\Flower-Classification\data\flowers-102\jpg\image_01535.jpg,43,test,poinsettia
D:\Flower-Classification\data\flowers-102\jpg\image_03981.jpg,50,test,petunia
D:\Flower-Classification\data\flowers-102\jpg\image_03634.jpg,71,test,azalea
D:\Flower-Classification\data\flowers-102\jpg\image_06172.jpg,18,test,balloon flower
D:\Flower-Classification\data\flowers-102\jpg\image_05747.jpg,12,test,king protea
D:\Flower-Classification\data\flowers-102\jpg\image_01541.jpg,43,test,poinsettia
D:\Flower-Classification\data\flowers-102\jpg\image_00949.jpg,45,test,wallflower
D:\Flower-Classification\data\flowers-102\jpg\image_04462.jpg,89,test,canna lily
D:\Flower-Classification\data\flowers-102\jpg\image_05597.jpg,31,test,garden phlox
D:\Flower-Classification\data\flowers-102\jpg\image_06827.jpg,23,test,red ginger
D:\Flower-Classification\data\flowers-102\jpg\image_06231.jpg,48,test,oxeye daisy
D:\Flower-Classification\data\flowers-102\jpg\image_03507.jpg,29,test,sweet william
D:\Flower-Classification\data\flowers-102\jpg\image_07963.jpg,100,train,trumpet creeper
D:\Flower-Classification\data\flowers-102\jpg\image_04274.jpg,17,test,peruvian lily
D:\Flower-Classification\data\flowers-102\jpg\image_04262.jpg,17,test,peruvian lily
D:\Flower-Classification\data\flowers-102\jpg\image_05688.jpg,41,test,daffodil
D:\Flower-Classification\data\flowers-102\jpg\image_02476.jpg,75,test,morning glory
D:\Flower-Classification\data\flowers-102\jpg\image_01037.jpg,45,test,wallflower
D:\Flower-Classification\data\flowers-102\jpg\image_07462.jpg,93,test,foxglove
D:\Flower-Classification\data\flowers-102\jpg\image_03234.jpg,64,val,californian poppy
D:\Flower-Classification\data\flowers-102\jpg\image_03806.jpg,36,test,cape flower
D:\Flower-Classification\data\flowers-102\jpg\image_07562.jpg,94,train,bougainvillea
D:\Flower-Classification\data\flowers-102\jpg\image_01827.jpg,77,test,lotus
D:\Flower-Classification\data\flowers-102\jpg\image_08135.jpg,56,train,gaura
D:\Flower-Classification\data\flowers-102\jpg\image_02933.jpg,59,test,pink-yellow dahlia?
D:\Flower-Classification\data\flowers-102\jpg\image_07903.jpg,99,test,blanket flower
D:\Flower-Classification\data\flowers-102\jpg\image_06097.jpg,63,val,silverbush
D:\Flower-Classification\data\flowers-102\jpg\image_06884.jpg,26,test,prince of wales feathers
D:\Flower-Classification\data\flowers-102\jpg\image_04146.jpg,28,test,artichoke
D:\Flower-Classification\data\flowers-102\jpg\image_04722.jpg,54,test,pelargonium
D:\Flower-Classification\data\flowers-102\jpg\image_00968.jpg,45,test,wallflower
D:\Flower-Classification\data\flowers-102\jpg\image_00588.jpg,87,test,cyclamen
D:\Flower-Classification\data\flowers-102\jpg\image_00708.jpg,88,test,watercress
D:\Flower-Classification\data\flowers-102\jpg\image_03340.jpg,7,test,bird of paradise
D:\Flower-Classification\data\flowers-102\jpg\image_07058.jpg,66,train,spring crocus
D:\Flower-Classification\data\flowers-102\jpg\image_02081.jpg,74,train,thorn apple
D:\Flower-Classification\data\flowers-102\jpg\image_02705.jpg,57,test,geranium
D:\Flower-Classification\data\flowers-102\jpg\image_00107.jpg,76,test,passion flower
D:\Flower-Classification\data\flowers-102\jpg\image_06650.jpg,2,test,canterbury bells
D:\Flower-Classification\data\flowers-102\jpg\image_05042.jpg,58,train,orange dahlia
D:\Flower-Classification\data\flowers-102\jpg\image_03501.jpg,29,val,sweet william
D:\Flower-Classification\data\flowers-102\jpg\image_07830.jpg,97,test,mexican petunia
D:\Flower-Classification\data\flowers-102\jpg\image_06871.jpg,26,test,prince of wales feathers
D:\Flower-Classification\data\flowers-102\jpg\image_01247.jpg,73,test,rose
D:\Flower-Classification\data\flowers-102\jpg\image_04621.jpg,39,test,lenten rose
D:\Flower-Classification\data\flowers-102\jpg\image_07079.jpg,66,test,spring crocus
D:\Flower-Classification\data\flowers-102\jpg\image_05282.jpg,69,test,tree poppy
D:\Flower-Classification\data\flowers-102\jpg\image_01833.jpg,77,test,lotus
D:\Flower-Classification\data\flowers-102\jpg\image_05244.jpg,27,test,stemless gentian
D:\Flower-Classification\data\flowers-102\jpg\image_06245.jpg,48,test,oxeye daisy
D:\Flower-Classification\data\flowers-102\jpg\image_04696.jpg,54,val,pelargonium
D:\Flower-Classification\data\flowers-102\jpg\image_02280.jpg,40,test,barbeton daisy
D:\Flower-Classification\data\flowers-102\jpg\image_06739.jpg,0,val,pink primrose
D:\Flower-Classification\data\flowers-102\jpg\image_00719.jpg,88,val,watercress
D:\Flower-Classification\data\flowers-102\jpg\image_00698.jpg,88,test,watercress
D:\Flower-Classification\data\flowers-102\jpg\image_03833.jpg,16,test,purple coneflower
D:\Flower-Classification\data\flowers-102\jpg\image_04697.jpg,54,test,pelargonium
D:\Flower-Classification\data\flowers-102\jpg\image_01828.jpg,77,test,lotus
D:\Flower-Classification\data\flowers-102\jpg\image_04040.jpg,11,test,colt's foot
D:\Flower-Classification\data\flowers-102\jpg\image_01998.jpg,79,test,anthurium
D:\Flower-Classification\data\flowers-102\jpg\image_01397.jpg,50,test,petunia
D:\Flower-Classification\data\flowers-102\jpg\image_00761.jpg,88,test,watercress
D:\Flower-Classification\data\flowers-102\jpg\image_04485.jpg,70,test,gazania
D:\Flower-Classification\data\flowers-102\jpg\image_05402.jpg,53,test,sunflower
D:\Flower-Classification\data\flowers-102\jpg\image_06630.jpg,2,val,canterbury bells
D:\Flower-Classification\data\flowers-102\jpg\image_04491.jpg,70,train,gazania
D:\Flower-Classification\data\flowers-102\jpg\image_02374.jpg,42,test,sword lily
D:\Flower-Classification\data\flowers-102\jpg\image_05943.jpg,67,test,bearded iris
D:\Flower-Classification\data\flowers-102\jpg\image_03296.jpg,7,test,bird of paradise
D:\Flower-Classification\data\flowers-102\jpg\image_05625.jpg,31,train,garden phlox
D:\Flower-Classification\data\flowers-102\jpg\image_00052.jpg,76,test,passion flower
D:\Flower-Classification\data\flowers-102\jpg\image_07639.jpg,95,test,camellia
D:\Flower-Classification\data\flowers-102\jpg\image_01644.jpg,81,val,clematis
D:\Flower-Classification\data\flowers-102\jpg\image_00853.jpg,80,test,frangipani
D:\Flower-Classification\data\flowers-102\jpg\image_01663.jpg,81,test,clematis
D:\Flower-Classification\data\flowers-102\jpg\image_05193.jpg,4,test,english marigold
D:\Flower-Classification\data\flowers-102\jpg\image_06024.jpg,92,test,ball moss
D:\Flower-Classification\data\flowers-102\jpg\image_01748.jpg,82,test,hibiscus
D:\Flower-Classification\data\flowers-102\jpg\image_05475.jpg,86,train,magnolia
D:\Flower-Classification\data\flowers-102\jpg\image_03103.jpg,10,test,snapdragon
D:\Flower-Classification\data\flowers-102\jpg\image_05458.jpg,53,test,sunflower
D:\Flower-Classification\data\flowers-102\jpg\image_03386.jpg,22,val,fritillary
D:\Flower-Classification\data\flowers-102\jpg\image_01328.jpg,50,test,petunia
D:\Flower-Classification\data\flowers-102\jpg\image_04246.jpg,17,val,peruvian lily
D:\Flower-Classification\data\flowers-102\jpg\image_01643.jpg,81,test,clematis
D:\Flower-Classification\data\flowers-102\jpg\image_02524.jpg,75,test,morning glory
D:\Flower-Classification\data\flowers-102\jpg\image_03129.jpg,10,test,snapdragon
D:\Flower-Classification\data\flowers-102\jpg\image_07324.jpg,93,test,foxglove
D:\Flower-Classification\data\flowers-102\jpg\image_06915.jpg,30,test,carnation
D:\Flower-Classification\data\flowers-102\jpg\image_01202.jpg,73,test,rose
D:\Flower-Classification\data\flowers-102\jpg\image_02947.jpg,59,test,pink-yellow dahlia?
D:\Flower-Classification\data\flowers-102\jpg\image_03768.jpg,36,test,cape flower
D:\Flower-Classification\data\flowers-102\jpg\image_04432.jpg,89,test,canna lily
D:\Flower-Classification\data\flowers-102\jpg\image_04251.jpg,17,test,peruvian lily
D:\Flower-Classification\data\flowers-102\jpg\image_01601.jpg,81,test,clematis
D:\Flower-Classification\data\flowers-102\jpg\image_05901.jpg,62,val,black-eyed susan
D:\Flower-Classification\data\flowers-102\jpg\image_06546.jpg,49,test,common dandelion
D:\Flower-Classification\data\flowers-102\jpg\image_02503.jpg,75,test,morning glory
D:\Flower-Classification\data\flowers-102\jpg\image_06762.jpg,0,train,pink primrose
D:\Flower-Classification\data\flowers-102\jpg\image_05805.jpg,37,val,great masterwort
D:\Flower-Classification\data\flowers-102\jpg\image_03547.jpg,71,test,azalea
D:\Flower-Classification\data\flowers-102\jpg\image_04098.jpg,28,test,artichoke
D:\Flower-Classification\data\flowers-102\jpg\image_06922.jpg,30,train,carnation
D:\Flower-Classification\data\flowers-102\jpg\image_04363.jpg,35,test,ruby-lipped cattleya
D:\Flower-Classification\data\flowers-102\jpg\image_05693.jpg,41,test,daffodil
D:\Flower-Classification\data\flowers-102\jpg\image_05850.jpg,62,test,black-eyed susan
D:\Flower-Classification\data\flowers-102\jpg\image_02052.jpg,79,test,anthurium
D:\Flower-Classification\data\flowers-102\jpg\image_02347.jpg,42,test,sword lily
D:\Flower-Classification\data\flowers-102\jpg\image_07652.jpg,95,test,camellia
D:\Flower-Classification\data\flowers-102\jpg\image_03497.jpg,29,test,sweet william
D:\Flower-Classification\data\flowers-102\jpg\image_05228.jpg,27,test,stemless gentian
D:\Flower-Classification\data\flowers-102\jpg\image_03896.jpg,16,test,purple coneflower
D:\Flower-Classification\data\flowers-102\jpg\image_00902.jpg,80,val,frangipani
D:\Flower-Classification\data\flowers-102\jpg\image_02464.jpg,75,test,morning glory
D:\Flower-Classification\data\flowers-102\jpg\image_06221.jpg,48,test,oxeye daisy
D:\Flower-Classification\data\flowers-102\jpg\image_00094.jpg,76,val,passion flower
D:\Flower-Classification\data\flowers-102\jpg\image_03457.jpg,22,test,fritillary
D:\Flower-Classification\data\flowers-102\jpg\image_05661.jpg,3,test,sweet pea
D:\Flower-Classification\data\flowers-102\jpg\image_05976.jpg,68,test,windflower
D:\Flower-Classification\data\flowers-102\jpg\image_07416.jpg,93,test,foxglove
D:\Flower-Classification\data\flowers-102\jpg\image_04122.jpg,28,test,artichoke
D:\Flower-Classification\data\flowers-102\jpg\image_04932.jpg,19,test,giant white arum lily
D:\Flower-Classification\data\flowers-102\jpg\image_01252.jpg,73,test,rose
D:\Flower-Classification\data\flowers-102\jpg\image_00780.jpg,88,test,watercress
D:\Flower-Classification\data\flowers-102\jpg\image_04001.jpg,11,test,colt's foot
D:\Flower-Classification\data\flowers-102\jpg\image_02869.jpg,85,test,tree mallow
D:\Flower-Classification\data\flowers-102\jpg\image_04585.jpg,39,test,lenten rose
D:\Flower-Classification\data\flowers-102\jpg\image_05886.jpg,62,val,black-eyed susan
D:\Flower-Classification\data\flowers-102\jpg\image_06102.jpg,63,val,silverbush
D:\Flower-Classification\data\flowers-102\jpg\image_04457.jpg,89,test,canna lily
D:\Flower-Classification\data\flowers-102\jpg\image_06684.jpg,15,test,globe-flower
D:\Flower-Classification\data\flowers-102\jpg\image_04075.jpg,11,val,colt's foot
D:\Flower-Classification\data\flowers-102\jpg\image_06394.jpg,14,test,yellow iris
D:\Flower-Classification\data\flowers-102\jpg\image_07160.jpg,44,test,bolero deep blue
D:\Flower-Classification\data\flowers-102\jpg\image_03056.jpg,91,test,bee balm
D:\Flower-Classification\data\flowers-102\jpg\image_04513.jpg,70,test,gazania
D:\Flower-Classification\data\flowers-102\jpg\image_00778.jpg,88,test,watercress
D:\Flower-Classification\data\flowers-102\jpg\image_04568.jpg,39,val,lenten rose
D:\Flower-Classification\data\flowers-102\jpg\image_01334.jpg,50,test,petunia
D:\Flower-Classification\data\flowers-102\jpg\image_07773.jpg,97,test,mexican petunia
D:\Flower-Classification\data\flowers-102\jpg\image_02675.jpg,57,train,geranium
D:\Flower-Classification\data\flowers-102\jpg\image_05940.jpg,67,val,bearded iris
D:\Flower-Classification\data\flowers-102\jpg\image_02688.jpg,57,train,geranium
D:\Flower-Classification\data\flowers-102\jpg\image_06631.jpg,2,val,canterbury bells
D:\Flower-Classification\data\flowers-102\jpg\image_02209.jpg,40,train,barbeton daisy
D:\Flower-Classification\data\flowers-102\jpg\image_04730.jpg,54,test,pelargonium
D:\Flower-Classification\data\flowers-102\jpg\image_01390.jpg,50,test,petunia
D:\Flower-Classification\data\flowers-102\jpg\image_00395.jpg,72,test,water lily
D:\Flower-Classification\data\flowers-102\jpg\image_00554.jpg,87,test,cyclamen
D:\Flower-Classification\data\flowers-102\jpg\image_05125.jpg,1,test,hard-leaved pocket orchid
D:\Flower-Classification\data\flowers-102\jpg\image_00539.jpg,87,test,cyclamen
D:\Flower-Classification\data\flowers-102\jpg\image_05985.jpg,68,test,windflower
D:\Flower-Classification\data\flowers-102\jpg\image_01214.jpg,73,test,rose
D:\Flower-Classification\data\flowers-102\jpg\image_07933.jpg,99,test,blanket flower
D:\Flower-Classification\data\flowers-102\jpg\image_05012.jpg,46,test,marigold
D:\Flower-Classification\data\flowers-102\jpg\image_01523.jpg,43,test,poinsettia
D:\Flower-Classification\data\flowers-102\jpg\image_00852.jpg,80,test,frangipani
D:\Flower-Classification\data\flowers-102\jpg\image_01524.jpg,43,test,poinsettia
D:\Flower-Classification\data\flowers-102\jpg\image_01588.jpg,81,test,clematis
D:\Flower-Classification\data\flowers-102\jpg\image_08045.jpg,101,test,blackberry lily
D:\Flower-Classification\data\flowers-102\jpg\image_06268.jpg,60,val,cautleya spicata
D:\Flower-Classification\data\flowers-102\jpg\image_07706.jpg,96,train,mallow
D:\Flower-Classification\data\flowers-102\jpg\image_04095.jpg,28,train,artichoke
D:\Flower-Classification\data\flowers-102\jpg\image_02039.jpg,79,test,anthurium
D:\Flower-Classification\data\flowers-102\jpg\image_03053.jpg,91,test,bee balm
D:\Flower-Classification\data\flowers-102\jpg\image_03685.jpg,52,test,primula
D:\Flower-Classification\data\flowers-102\jpg\image_04069.jpg,11,test,colt's foot
D:\Flower-Classification\data\flowers-102\jpg\image_05352.jpg,21,test,pincushion flower
D:\Flower-Classification\data\flowers-102\jpg\image_03799.jpg,36,val,cape flower
D:\Flower-Classification\data\flowers-102\jpg\image_05969.jpg,68,test,windflower
D:\Flower-Classification\data\flowers-102\jpg\image_05302.jpg,69,test,tree poppy
D:\Flower-Classification\data\flowers-102\jpg\image_05424.jpg,53,val,sunflower
D:\Flower-Classification\data\flowers-102\jpg\image_00927.jpg,80,test,frangipani
D:\Flower-Classification\data\flowers-102\jpg\image_02407.jpg,42,test,sword lily
D:\Flower-Classification\data\flowers-102\jpg\image_03106.jpg,10,test,snapdragon
D:\Flower-Classification\data\flowers-102\jpg\image_01249.jpg,73,test,rose
D:\Flower-Classification\data\flowers-102\jpg\image_07382.jpg,93,test,foxglove
D:\Flower-Classification\data\flowers-102\jpg\image_07167.jpg,5,val,tiger lily
D:\Flower-Classification\data\flowers-102\jpg\image_04127.jpg,28,train,artichoke
D:\Flower-Classification\data\flowers-102\jpg\image_03009.jpg,59,test,pink-yellow dahlia?
D:\Flower-Classification\data\flowers-102\jpg\image_01416.jpg,50,test,petunia
D:\Flower-Classification\data\flowers-102\jpg\image_05765.jpg,12,test,king protea
D:\Flower-Classification\data\flowers-102\jpg\image_04589.jpg,39,test,lenten rose
D:\Flower-Classification\data\flowers-102\jpg\image_04025.jpg,11,test,colt's foot
D:\Flower-Classification\data\flowers-102\jpg\image_02028.jpg,79,test,anthurium
D:\Flower-Classification\data\flowers-102\jpg\image_05748.jpg,12,test,king protea
D:\Flower-Classification\data\flowers-102\jpg\image_04708.jpg,54,test,pelargonium
D:\Flower-Classification\data\flowers-102\jpg\image_06229.jpg,48,train,oxeye daisy
D:\Flower-Classification\data\flowers-102\jpg\image_03720.jpg,52,test,primula
D:\Flower-Classification\data\flowers-102\jpg\image_06545.jpg,49,test,common dandelion
D:\Flower-Classification\data\flowers-102\jpg\image_00235.jpg,76,test,passion flower
D:\Flower-Classification\data\flowers-102\jpg\image_03026.jpg,59,test,pink-yellow dahlia?
D:\Flower-Classification\data\flowers-102\jpg\image_06668.jpg,15,val,globe-flower
D:\Flower-Classification\data\flowers-102\jpg\image_01931.jpg,77,test,lotus
D:\Flower-Classification\data\flowers-102\jpg\image_07768.jpg,97,test,mexican petunia
D:\Flower-Classification\data\flowers-102\jpg\image_07447.jpg,93,test,foxglove
D:\Flower-Classification\data\flowers-102\jpg\image_04876.jpg,90,test,hippeastrum
D:\Flower-Classification\data\flowers-102\jpg\image_04989.jpg,46,test,marigold
D:\Flower-Classification\data\flowers-102\jpg\image_03192.jpg,64,test,californian poppy
D:\Flower-Classification\data\flowers-102\jpg\image_07841.jpg,98,test,bromelia
D:\Flower-Classification\data\flowers-102\jpg\image_02176.jpg,74,test,thorn apple
D:\Flower-Classification\data\flowers-102\jpg\image_00460.jpg,87,test,cyclamen
D:\Flower-Classification\data\flowers-102\jpg\image_04917.jpg,19,test,giant white arum lily
D:\Flower-Classification\data\flowers-102\jpg\image_02024.jpg,79,test,anthurium
D:\Flower-Classification\data\flowers-102\jpg\image_05418.jpg,53,test,sunflower
D:\Flower-Classification\data\flowers-102\jpg\image_03504.jpg,29,test,sweet william
D:\Flower-Classification\data\flowers-102\jpg\image_06980.jpg,34,train,alpine sea holly
D:\Flower-Classification\data\flowers-102\jpg\image_05107.jpg,1,test,hard-leaved pocket orchid
D:\Flower-Classification\data\flowers-102\jpg\image_07011.jpg,38,val,siam tulip
D:\Flower-Classification\data\flowers-102\jpg\image_04843.jpg,90,test,hippeastrum
D:\Flower-Classification\data\flowers-102\jpg\image_05574.jpg,65,test,osteospermum
D:\Flower-Classification\data\flowers-102\jpg\image_05925.jpg,67,train,bearded iris
D:\Flower-Classification\data\flowers-102\jpg\image_01046.jpg,45,test,wallflower
D:\Flower-Classification\data\flowers-102\jpg\image_04101.jpg,28,test,artichoke
D:\Flower-Classification\data\flowers-102\jpg\image_02123.jpg,74,test,thorn apple
D:\Flower-Classification\data\flowers-102\jpg\image_04501.jpg,70,test,gazania
D:\Flower-Classification\data\flowers-102\jpg\image_02911.jpg,85,train,tree mallow
D:\Flower-Classification\data\flowers-102\jpg\image_07853.jpg,98,test,bromelia
D:\Flower-Classification\data\flowers-102\jpg\image_03473.jpg,29,train,sweet william
D:\Flower-Classification\data\flowers-102\jpg\image_00389.jpg,72,test,water lily
D:\Flower-Classification\data\flowers-102\jpg\image_00239.jpg,76,test,passion flower
D:\Flower-Classification\data\flowers-102\jpg\image_01585.jpg,81,test,clematis
D:\Flower-Classification\data\flowers-102\jpg\image_01238.jpg,73,test,rose
D:\Flower-Classification\data\flowers-102\jpg\image_06381.jpg,14,val,yellow iris
D:\Flower-Classification\data\flowers-102\jpg\image_04550.jpg,70,test,gazania
D:\Flower-Classification\data\flowers-102\jpg\image_02379.jpg,42,test,sword lily
D:\Flower-Classification\data\flowers-102\jpg\image_05963.jpg,68,test,windflower
D:\Flower-Classification\data\flowers-102\jpg\image_05350.jpg,21,test,pincushion flower
D:\Flower-Classification\data\flowers-102\jpg\image_02281.jpg,40,test,barbeton daisy
D:\Flower-Classification\data\flowers-102\jpg\image_06208.jpg,48,test,oxeye daisy
D:\Flower-Classification\data\flowers-102\jpg\image_00669.jpg,88,test,watercress
D:\Flower-Classification\data\flowers-102\jpg\image_01855.jpg,77,train,lotus
D:\Flower-Classification\data\flowers-102\jpg\image_01404.jpg,50,test,petunia
D:\Flower-Classification\data\flowers-102\jpg\image_01031.jpg,45,test,wallflower
D:\Flower-Classification\data\flowers-102\jpg\image_05087.jpg,1,test,hard-leaved pocket orchid
D:\Flower-Classification\data\flowers-102\jpg\image_04121.jpg,28,test,artichoke
D:\Flower-Classification\data\flowers-102\jpg\image_00683.jpg,88,test,watercress
D:\Flower-Classification\data\flowers-102\jpg\image_03136.jpg,10,test,snapdragon
D:\Flower-Classification\data\flowers-102\jpg\image_06159.jpg,18,test,balloon flower
D:\Flower-Classification\data\flowers-102\jpg\image_01651.jpg,81,test,clematis
D:\Flower-Classification\data\flowers-102\jpg\image_00141.jpg,76,test,passion flower
D:\Flower-Classification\data\flowers-102\jpg\image_07023.jpg,38,train,siam tulip
D:\Flower-Classification\data\flowers-102\jpg\image_01148.jpg,73,test,rose
D:\Flower-Classification\data\flowers-102\jpg\image_00153.jpg,76,test,passion flower
D:\Flower-Classification\data\flowers-102\jpg\image_01543.jpg,43,test,poinsettia
D:\Flower-Classification\data\flowers-102\jpg\image_01718.jpg,82,test,hibiscus
D:\Flower-Classification\data\flowers-102\jpg\image_01088.jpg,45,test,wallflower
D:\Flower-Classification\data\flowers-102\jpg\image_08161.jpg,61,train,japanese anemone
D:\Flower-Classification\data\flowers-102\jpg\image_06766.jpg,0,train,pink primrose
D:\Flower-Classification\data\flowers-102\jpg\image_01804.jpg,82,test,hibiscus
D:\Flower-Classification\data\flowers-102\jpg\image_01188.jpg,73,test,rose
D:\Flower-Classification\data\flowers-102\jpg\image_06502.jpg,25,test,corn poppy
D:\Flower-Classification\data\flowers-102\jpg\image_01845.jpg,77,test,lotus
D:\Flower-Classification\data\flowers-102\jpg\image_03202.jpg,64,val,californian poppy
D:\Flower-Classification\data\flowers-102\jpg\image_03093.jpg,91,train,bee balm
D:\Flower-Classification\data\flowers-102\jpg\image_01386.jpg,50,test,petunia
D:\Flower-Classification\data\flowers-102\jpg\image_03825.jpg,36,test,cape flower
D:\Flower-Classification\data\flowers-102\jpg\image_07255.jpg,56,test,gaura
D:\Flower-Classification\data\flowers-102\jpg\image_01351.jpg,50,test,petunia
D:\Flower-Classification\data\flowers-102\jpg\image_03427.jpg,22,train,fritillary
D:\Flower-Classification\data\flowers-102\jpg\image_03183.jpg,64,train,californian poppy
D:\Flower-Classification\data\flowers-102\jpg\image_05425.jpg,53,train,sunflower
D:\Flower-Classification\data\flowers-102\jpg\image_04055.jpg,11,test,colt's foot
D:\Flower-Classification\data\flowers-102\jpg\image_02033.jpg,79,test,anthurium
D:\Flower-Classification\data\flowers-102\jpg\image_01114.jpg,45,test,wallflower
D:\Flower-Classification\data\flowers-102\jpg\image_02556.jpg,83,test,columbine
D:\Flower-Classification\data\flowers-102\jpg\image_07278.jpg,61,val,japanese anemone
D:\Flower-Classification\data\flowers-102\jpg\image_06993.jpg,34,test,alpine sea holly
D:\Flower-Classification\data\flowers-102\jpg\image_03775.jpg,36,test,cape flower
D:\Flower-Classification\data\flowers-102\jpg\image_06263.jpg,60,test,cautleya spicata
D:\Flower-Classification\data\flowers-102\jpg\image_04835.jpg,90,val,hippeastrum
D:\Flower-Classification\data\flowers-102\jpg\image_07557.jpg,94,test,bougainvillea
D:\Flower-Classification\data\flowers-102\jpg\image_06645.jpg,2,val,canterbury bells
D:\Flower-Classification\data\flowers-102\jpg\image_05635.jpg,3,val,sweet pea
D:\Flower-Classification\data\flowers-102\jpg\image_07264.jpg,56,train,gaura
D:\Flower-Classification\data\flowers-102\jpg\image_08097.jpg,9,val,globe thistle
D:\Flower-Classification\data\flowers-102\jpg\image_05301.jpg,69,test,tree poppy
D:\Flower-Classification\data\flowers-102\jpg\image_03870.jpg,16,test,purple coneflower
D:\Flower-Classification\data\flowers-102\jpg\image_03076.jpg,91,test,bee balm
D:\Flower-Classification\data\flowers-102\jpg\image_04564.jpg,39,test,lenten rose
D:\Flower-Classification\data\flowers-102\jpg\image_02443.jpg,42,test,sword lily
D:\Flower-Classification\data\flowers-102\jpg\image_04638.jpg,47,test,buttercup
D:\Flower-Classification\data\flowers-102\jpg\image_03455.jpg,22,test,fritillary
D:\Flower-Classification\data\flowers-102\jpg\image_07323.jpg,93,test,foxglove
D:\Flower-Classification\data\flowers-102\jpg\image_05653.jpg,3,train,sweet pea
D:\Flower-Classification\data\flowers-102\jpg\image_05822.jpg,37,test,great masterwort
D:\Flower-Classification\data\flowers-102\jpg\image_01525.jpg,43,train,poinsettia
D:\Flower-Classification\data\flowers-102\jpg\image_00643.jpg,88,test,watercress
D:\Flower-Classification\data\flowers-102\jpg\image_06756.jpg,0,test,pink primrose
D:\Flower-Classification\data\flowers-102\jpg\image_02853.jpg,55,test,bishop of llandaff
D:\Flower-Classification\data\flowers-102\jpg\image_02314.jpg,40,test,barbeton daisy
D:\Flower-Classification\data\flowers-102\jpg\image_01549.jpg,43,test,poinsettia
D:\Flower-Classification\data\flowers-102\jpg\image_05678.jpg,3,val,sweet pea
D:\Flower-Classification\data\flowers-102\jpg\image_04008.jpg,11,test,colt's foot
D:\Flower-Classification\data\flowers-102\jpg\image_03889.jpg,16,test,purple coneflower
D:\Flower-Classification\data\flowers-102\jpg\image_00354.jpg,72,test,water lily
D:\Flower-Classification\data\flowers-102\jpg\image_03745.jpg,36,test,cape flower
D:\Flower-Classification\data\flowers-102\jpg\image_07501.jpg,94,test,bougainvillea
D:\Flower-Classification\data\flowers-102\jpg\image_02025.jpg,79,test,anthurium
D:\Flower-Classification\data\flowers-102\jpg\image_06581.jpg,24,test,grape hyacinth
D:\Flower-Classification\data\flowers-102\jpg\image_03518.jpg,29,train,sweet william
D:\Flower-Classification\data\flowers-102\jpg\image_02578.jpg,83,train,columbine
D:\Flower-Classification\data\flowers-102\jpg\image_04514.jpg,70,test,gazania
D:\Flower-Classification\data\flowers-102\jpg\image_00014.jpg,76,test,passion flower
D:\Flower-Classification\data\flowers-102\jpg\image_03577.jpg,71,test,azalea
D:\Flower-Classification\data\flowers-102\jpg\image_04981.jpg,46,test,marigold
D:\Flower-Classification\data\flowers-102\jpg\image_00644.jpg,88,test,watercress
D:\Flower-Classification\data\flowers-102\jpg\image_01889.jpg,77,test,lotus
D:\Flower-Classification\data\flowers-102\jpg\image_03757.jpg,36,test,cape flower
D:\Flower-Classification\data\flowers-102\jpg\image_07483.jpg,94,test,bougainvillea
D:\Flower-Classification\data\flowers-102\jpg\image_02625.jpg,83,test,columbine
D:\Flower-Classification\data\flowers-102\jpg\image_07828.jpg,97,val,mexican petunia
D:\Flower-Classification\data\flowers-102\jpg\image_06892.jpg,30,train,carnation
D:\Flower-Classification\data\flowers-102\jpg\image_01182.jpg,73,test,rose
D:\Flower-Classification\data\flowers-102\jpg\image_05292.jpg,69,train,tree poppy
D:\Flower-Classification\data\flowers-102\jpg\image_05916.jpg,67,train,bearded iris
D:\Flower-Classification\data\flowers-102\jpg\image_06720.jpg,78,test,toad lily
D:\Flower-Classification\data\flowers-102\jpg\image_04538.jpg,70,train,gazania
D:\Flower-Classification\data\flowers-102\jpg\image_02870.jpg,85,test,tree mallow
D:\Flower-Classification\data\flowers-102\jpg\image_04937.jpg,19,test,giant white arum lily
D:\Flower-Classification\data\flowers-102\jpg\image_00514.jpg,87,train,cyclamen
D:\Flower-Classification\data\flowers-102\jpg\image_07350.jpg,93,test,foxglove
D:\Flower-Classification\data\flowers-102\jpg\image_06228.jpg,48,test,oxeye daisy
D:\Flower-Classification\data\flowers-102\jpg\image_05512.jpg,86,test,magnolia
D:\Flower-Classification\data\flowers-102\jpg\image_02650.jpg,57,test,geranium
D:\Flower-Classification\data\flowers-102\jpg\image_03489.jpg,29,train,sweet william
D:\Flower-Classification\data\flowers-102\jpg\image_05097.jpg,1,train,hard-leaved pocket orchid
D:\Flower-Classification\data\flowers-102\jpg\image_06599.jpg,24,val,grape hyacinth
D:\Flower-Classification\data\flowers-102\jpg\image_06825.jpg,23,val,red ginger
D:\Flower-Classification\data\flowers-102\jpg\image_07690.jpg,96,train,mallow
D:\Flower-Classification\data\flowers-102\jpg\image_04602.jpg,39,test,lenten rose
D:\Flower-Classification\data\flowers-102\jpg\image_01640.jpg,81,train,clematis
D:\Flower-Classification\data\flowers-102\jpg\image_06030.jpg,92,test,ball moss
D:\Flower-Classification\data\flowers-102\jpg\image_01144.jpg,73,test,rose
D:\Flower-Classification\data\flowers-102\jpg\image_04559.jpg,39,val,lenten rose
D:\Flower-Classification\data\flowers-102\jpg\image_07570.jpg,94,train,bougainvillea
D:\Flower-Classification\data\flowers-102\jpg\image_03124.jpg,10,test,snapdragon
D:\Flower-Classification\data\flowers-102\jpg\image_04336.jpg,35,test,ruby-lipped cattleya
D:\Flower-Classification\data\flowers-102\jpg\image_02500.jpg,75,train,morning glory
D:\Flower-Classification\data\flowers-102\jpg\image_01026.jpg,45,test,wallflower
D:\Flower-Classification\data\flowers-102\jpg\image_03664.jpg,52,test,primula
D:\Flower-Classification\data\flowers-102\jpg\image_00017.jpg,76,val,passion flower
D:\Flower-Classification\data\flowers-102\jpg\image_06417.jpg,8,test,monkshood
D:\Flower-Classification\data\flowers-102\jpg\image_02297.jpg,40,test,barbeton daisy
D:\Flower-Classification\data\flowers-102\jpg\image_04810.jpg,84,test,desert-rose
D:\Flower-Classification\data\flowers-102\jpg\image_05787.jpg,12,train,king protea
D:\Flower-Classification\data\flowers-102\jpg\image_03902.jpg,16,test,purple coneflower
D:\Flower-Classification\data\flowers-102\jpg\image_06031.jpg,92,test,ball moss
D:\Flower-Classification\data\flowers-102\jpg\image_02262.jpg,40,test,barbeton daisy
D:\Flower-Classification\data\flowers-102\jpg\image_03405.jpg,22,test,fritillary
D:\Flower-Classification\data\flowers-102\jpg\image_05533.jpg,65,val,osteospermum
D:\Flower-Classification\data\flowers-102\jpg\image_07874.jpg,98,test,bromelia
D:\Flower-Classification\data\flowers-102\jpg\image_00662.jpg,88,test,watercress
D:\Flower-Classification\data\flowers-102\jpg\image_05322.jpg,69,test,tree poppy
D:\Flower-Classification\data\flowers-102\jpg\image_05497.jpg,86,test,magnolia
D:\Flower-Classification\data\flowers-102\jpg\image_02014.jpg,79,train,anthurium
D:\Flower-Classification\data\flowers-102\jpg\image_05243.jpg,27,train,stemless gentian
D:\Flower-Classification\data\flowers-102\jpg\image_02859.jpg,55,test,bishop of llandaff
D:\Flower-Classification\data\flowers-102\jpg\image_00723.jpg,88,test,watercress
D:\Flower-Classification\data\flowers-102\jpg\image_03152.jpg,10,test,snapdragon
D:\Flower-Classification\data\flowers-102\jpg\image_02094.jpg,74,test,thorn apple
D:\Flower-Classification\data\flowers-102\jpg\image_03785.jpg,36,test,cape flower
D:\Flower-Classification\data\flowers-102\jpg\image_01711.jpg,82,test,hibiscus
D:\Flower-Classification\data\flowers-102\jpg\image_03164.jpg,10,train,snapdragon
D:\Flower-Classification\data\flowers-102\jpg\image_06716.jpg,78,val,toad lily
D:\Flower-Classification\data\flowers-102\jpg\image_00204.jpg,76,test,passion flower
D:\Flower-Classification\data\flowers-102\jpg\image_01660.jpg,81,test,clematis
D:\Flower-Classification\data\flowers-102\jpg\image_06374.jpg,14,test,yellow iris
D:\Flower-Classification\data\flowers-102\jpg\image_07778.jpg,97,test,mexican petunia
D:\Flower-Classification\data\flowers-102\jpg\image_00328.jpg,72,test,water lily
D:\Flower-Classification\data\flowers-102\jpg\image_05776.jpg,12,test,king protea
D:\Flower-Classification\data\flowers-102\jpg\image_04321.jpg,17,test,peruvian lily
D:\Flower-Classification\data\flowers-102\jpg\image_07696.jpg,96,test,mallow
D:\Flower-Classification\data\flowers-102\jpg\image_07057.jpg,66,test,spring crocus
D:\Flower-Classification\data\flowers-102\jpg\image_05268.jpg,27,val,stemless gentian
D:\Flower-Classification\data\flowers-102\jpg\image_01209.jpg,73,test,rose
D:\Flower-Classification\data\flowers-102\jpg\image_01354.jpg,50,test,petunia
D:\Flower-Classification\data\flowers-102\jpg\image_02001.jpg,79,test,anthurium
D:\Flower-Classification\data\flowers-102\jpg\image_00046.jpg,76,test,passion flower
D:\Flower-Classification\data\flowers-102\jpg\image_01614.jpg,81,test,clematis
D:\Flower-Classification\data\flowers-102\jpg\image_03827.jpg,36,test,cape flower
D:\Flower-Classification\data\flowers-102\jpg\image_00697.jpg,88,test,watercress
D:\Flower-Classification\data\flowers-102\jpg\image_02984.jpg,59,test,pink-yellow dahlia?
D:\Flower-Classification\data\flowers-102\jpg\image_01152.jpg,73,val,rose
D:\Flower-Classification\data\flowers-102\jpg\image_03374.jpg,22,test,fritillary
D:\Flower-Classification\data\flowers-102\jpg\image_05738.jpg,41,test,daffodil
D:\Flower-Classification\data\flowers-102\jpg\image_04506.jpg,70,test,gazania
D:\Flower-Classification\data\flowers-102\jpg\image_04406.jpg,89,test,canna lily
D:\Flower-Classification\data\flowers-102\jpg\image_01763.jpg,82,val,hibiscus
D:\Flower-Classification\data\flowers-102\jpg\image_04411.jpg,89,test,canna lily
D:\Flower-Classification\data\flowers-102\jpg\image_07791.jpg,97,test,mexican petunia
D:\Flower-Classification\data\flowers-102\jpg\image_06531.jpg,49,train,common dandelion
D:\Flower-Classification\data\flowers-102\jpg\image_03245.jpg,64,test,californian poppy
D:\Flower-Classification\data\flowers-102\jpg\image_07068.jpg,66,test,spring crocus
D:\Flower-Classification\data\flowers-102\jpg\image_07672.jpg,95,test,camellia
D:\Flower-Classification\data\flowers-102\jpg\image_03586.jpg,71,test,azalea
D:\Flower-Classification\data\flowers-102\jpg\image_05181.jpg,4,test,english marigold
D:\Flower-Classification\data\flowers-102\jpg\image_02133.jpg,74,test,thorn apple
D:\Flower-Classification\data\flowers-102\jpg\image_05571.jpg,65,train,osteospermum
D:\Flower-Classification\data\flowers-102\jpg\image_04562.jpg,39,test,lenten rose
D:\Flower-Classification\data\flowers-102\jpg\image_04613.jpg,39,test,lenten rose
D:\Flower-Classification\data\flowers-102\jpg\image_07182.jpg,5,test,tiger lily
D:\Flower-Classification\data\flowers-102\jpg\image_00190.jpg,76,test,passion flower
D:\Flower-Classification\data\flowers-102\jpg\image_03165.jpg,10,train,snapdragon
D:\Flower-Classification\data\flowers-102\jpg\image_01073.jpg,45,test,wallflower
D:\Flower-Classification\data\flowers-102\jpg\image_07904.jpg,99,test,blanket flower
D:\Flower-Classification\data\flowers-102\jpg\image_00821.jpg,80,test,frangipani
D:\Flower-Classification\data\flowers-102\jpg\image_02348.jpg,42,test,sword lily
D:\Flower-Classification\data\flowers-102\jpg\image_03526.jpg,29,test,sweet william
D:\Flower-Classification\data\flowers-102\jpg\image_05782.jpg,12,test,king protea
D:\Flower-Classification\data\flowers-102\jpg\image_07132.jpg,44,val,bolero deep blue
D:\Flower-Classification\data\flowers-102\jpg\image_06110.jpg,63,test,silverbush
D:\Flower-Classification\data\flowers-102\jpg\image_07196.jpg,5,val,tiger lily
D:\Flower-Classification\data\flowers-102\jpg\image_06540.jpg,49,test,common dandelion
D:\Flower-Classification\data\flowers-102\jpg\image_06629.jpg,2,test,canterbury bells
D:\Flower-Classification\data\flowers-102\jpg\image_04883.jpg,90,test,hippeastrum
D:\Flower-Classification\data\flowers-102\jpg\image_02211.jpg,40,val,barbeton daisy
D:\Flower-Classification\data\flowers-102\jpg\image_02178.jpg,74,test,thorn apple
D:\Flower-Classification\data\flowers-102\jpg\image_08172.jpg,61,test,japanese anemone
D:\Flower-Classification\data\flowers-102\jpg\image_07498.jpg,94,test,bougainvillea
D:\Flower-Classification\data\flowers-102\jpg\image_04785.jpg,84,test,desert-rose
D:\Flower-Classification\data\flowers-102\jpg\image_02888.jpg,85,val,tree mallow
D:\Flower-Classification\data\flowers-102\jpg\image_02104.jpg,74,test,thorn apple
D:\Flower-Classification\data\flowers-102\jpg\image_06924.jpg,30,test,carnation
D:\Flower-Classification\data\flowers-102\jpg\image_07678.jpg,95,test,camellia
D:\Flower-Classification\data\flowers-102\jpg\image_00636.jpg,88,test,watercress
D:\Flower-Classification\data\flowers-102\jpg\image_02257.jpg,40,train,barbeton daisy
D:\Flower-Classification\data\flowers-102\jpg\image_01749.jpg,82,test,hibiscus
D:\Flower-Classification\data\flowers-102\jpg\image_05671.jpg,3,test,sweet pea
D:\Flower-Classification\data\flowers-102\jpg\image_01557.jpg,43,test,poinsettia
D:\Flower-Classification\data\flowers-102\jpg\image_01013.jpg,45,test,wallflower
D:\Flower-Classification\data\flowers-102\jpg\image_06304.jpg,49,test,common dandelion
D:\Flower-Classification\data\flowers-102\jpg\image_03354.jpg,7,test,bird of paradise
D:\Flower-Classification\data\flowers-102\jpg\image_03555.jpg,71,train,azalea
D:\Flower-Classification\data\flowers-102\jpg\image_02660.jpg,57,test,geranium
D:\Flower-Classification\data\flowers-102\jpg\image_02640.jpg,57,test,geranium
D:\Flower-Classification\data\flowers-102\jpg\image_08133.jpg,56,val,gaura
D:\Flower-Classification\data\flowers-102\jpg\image_04698.jpg,54,val,pelargonium
D:\Flower-Classification\data\flowers-102\jpg\image_00543.jpg,87,val,cyclamen
D:\Flower-Classification\data\flowers-102\jpg\image_00725.jpg,88,test,watercress
D:\Flower-Classification\data\flowers-102\jpg\image_00751.jpg,88,test,watercress
D:\Flower-Classification\data\flowers-102\jpg\image_06149.jpg,18,test,balloon flower
D:\Flower-Classification\data\flowers-102\jpg\image_06605.jpg,24,train,grape hyacinth
D:\Flower-Classification\data\flowers-102\jpg\image_06401.jpg,8,test,monkshood
D:\Flower-Classification\data\flowers-102\jpg\image_01907.jpg,77,val,lotus
D:\Flower-Classification\data\flowers-102\jpg\image_00715.jpg,88,test,watercress
D:\Flower-Classification\data\flowers-102\jpg\image_04522.jpg,70,test,gazania
D:\Flower-Classification\data\flowers-102\jpg\image_07564.jpg,94,train,bougainvillea
D:\Flower-Classification\data\flowers-102\jpg\image_01550.jpg,43,test,poinsettia
D:\Flower-Classification\data\flowers-102\jpg\image_06270.jpg,60,test,cautleya spicata
D:\Flower-Classification\data\flowers-102\jpg\image_01092.jpg,45,test,wallflower
D:\Flower-Classification\data\flowers-102\jpg\image_03298.jpg,7,val,bird of paradise
D:\Flower-Classification\data\flowers-102\jpg\image_02124.jpg,74,test,thorn apple
D:\Flower-Classification\data\flowers-102\jpg\image_07885.jpg,98,test,bromelia
D:\Flower-Classification\data\flowers-102\jpg\image_04768.jpg,84,test,desert-rose
D:\Flower-Classification\data\flowers-102\jpg\image_00879.jpg,80,test,frangipani
D:\Flower-Classification\data\flowers-102\jpg\image_02322.jpg,42,test,sword lily
D:\Flower-Classification\data\flowers-102\jpg\image_05743.jpg,41,test,daffodil
D:\Flower-Classification\data\flowers-102\jpg\image_03325.jpg,7,test,bird of paradise
D:\Flower-Classification\data\flowers-102\jpg\image_07901.jpg,99,test,blanket flower
D:\Flower-Classification\data\flowers-102\jpg\image_00218.jpg,76,test,passion flower
D:\Flower-Classification\data\flowers-102\jpg\image_02335.jpg,42,test,sword lily
D:\Flower-Classification\data\flowers-102\jpg\image_01759.jpg,82,train,hibiscus
D:\Flower-Classification\data\flowers-102\jpg\image_06477.jpg,32,test,love in the mist
D:\Flower-Classification\data\flowers-102\jpg\image_01647.jpg,81,test,clematis
D:\Flower-Classification\data\flowers-102\jpg\image_07528.jpg,94,train,bougainvillea
D:\Flower-Classification\data\flowers-102\jpg\image_05724.jpg,41,train,daffodil
D:\Flower-Classification\data\flowers-102\jpg\image_01175.jpg,73,test,rose
D:\Flower-Classification\data\flowers-102\jpg\image_02191.jpg,40,train,barbeton daisy
D:\Flower-Classification\data\flowers-102\jpg\image_02229.jpg,40,test,barbeton daisy
D:\Flower-Classification\data\flowers-102\jpg\image_00417.jpg,72,test,water lily
D:\Flower-Classification\data\flowers-102\jpg\image_08167.jpg,61,train,japanese anemone
D:\Flower-Classification\data\flowers-102\jpg\image_04091.jpg,28,test,artichoke
D:\Flower-Classification\data\flowers-102\jpg\image_06094.jpg,13,test,spear thistle
D:\Flower-Classification\data\flowers-102\jpg\image_00388.jpg,72,test,water lily
D:\Flower-Classification\data\flowers-102\jpg\image_00117.jpg,76,test,passion flower
D:\Flower-Classification\data\flowers-102\jpg\image_01701.jpg,82,test,hibiscus
D:\Flower-Classification\data\flowers-102\jpg\image_02580.jpg,83,test,columbine
D:\Flower-Classification\data\flowers-102\jpg\image_00813.jpg,80,test,frangipani
D:\Flower-Classification\data\flowers-102\jpg\image_07917.jpg,99,val,blanket flower
D:\Flower-Classification\data\flowers-102\jpg\image_00257.jpg,72,test,water lily
D:\Flower-Classification\data\flowers-102\jpg\image_02880.jpg,85,train,tree mallow
D:\Flower-Classification\data\flowers-102\jpg\image_01678.jpg,81,test,clematis
D:\Flower-Classification\data\flowers-102\jpg\image_04911.jpg,19,test,giant white arum lily
D:\Flower-Classification\data\flowers-102\jpg\image_00734.jpg,88,test,watercress
D:\Flower-Classification\data\flowers-102\jpg\image_07391.jpg,93,test,foxglove
D:\Flower-Classification\data\flowers-102\jpg\image_04772.jpg,84,train,desert-rose
D:\Flower-Classification\data\flowers-102\jpg\image_01656.jpg,81,val,clematis
D:\Flower-Classification\data\flowers-102\jpg\image_07381.jpg,93,test,foxglove
D:\Flower-Classification\data\flowers-102\jpg\image_03948.jpg,50,test,petunia
D:\Flower-Classification\data\flowers-102\jpg\image_02484.jpg,75,test,morning glory
D:\Flower-Classification\data\flowers-102\jpg\image_02555.jpg,83,test,columbine
D:\Flower-Classification\data\flowers-102\jpg\image_00306.jpg,72,test,water lily
D:\Flower-Classification\data\flowers-102\jpg\image_04823.jpg,84,test,desert-rose
D:\Flower-Classification\data\flowers-102\jpg\image_06484.jpg,32,test,love in the mist
D:\Flower-Classification\data\flowers-102\jpg\image_07951.jpg,100,test,trumpet creeper
D:\Flower-Classification\data\flowers-102\jpg\image_02882.jpg,85,test,tree mallow
D:\Flower-Classification\data\flowers-102\jpg\image_05890.jpg,62,test,black-eyed susan
D:\Flower-Classification\data\flowers-102\jpg\image_05769.jpg,12,test,king protea
D:\Flower-Classification\data\flowers-102\jpg\image_00508.jpg,87,test,cyclamen
D:\Flower-Classification\data\flowers-102\jpg\image_05962.jpg,68,val,windflower
D:\Flower-Classification\data\flowers-102\jpg\image_04512.jpg,70,val,gazania
D:\Flower-Classification\data\flowers-102\jpg\image_05430.jpg,53,train,sunflower
D:\Flower-Classification\data\flowers-102\jpg\image_06455.jpg,32,test,love in the mist
D:\Flower-Classification\data\flowers-102\jpg\image_07434.jpg,93,train,foxglove
D:\Flower-Classification\data\flowers-102\jpg\image_02406.jpg,42,test,sword lily
D:\Flower-Classification\data\flowers-102\jpg\image_03568.jpg,71,val,azalea
D:\Flower-Classification\data\flowers-102\jpg\image_07916.jpg,99,test,blanket flower
D:\Flower-Classification\data\flowers-102\jpg\image_00452.jpg,87,test,cyclamen
D:\Flower-Classification\data\flowers-102\jpg\image_03027.jpg,59,val,pink-yellow dahlia?
D:\Flower-Classification\data\flowers-102\jpg\image_01481.jpg,50,test,petunia
D:\Flower-Classification\data\flowers-102\jpg\image_02644.jpg,57,test,geranium
D:\Flower-Classification\data\flowers-102\jpg\image_05615.jpg,31,test,garden phlox
D:\Flower-Classification\data\flowers-102\jpg\image_01554.jpg,43,test,poinsettia
D:\Flower-Classification\data\flowers-102\jpg\image_05369.jpg,21,train,pincushion flower
D:\Flower-Classification\data\flowers-102\jpg\image_00183.jpg,76,test,passion flower
D:\Flower-Classification\data\flowers-102\jpg\image_05698.jpg,41,val,daffodil
D:\Flower-Classification\data\flowers-102\jpg\image_01242.jpg,73,test,rose
D:\Flower-Classification\data\flowers-102\jpg\image_02958.jpg,59,test,pink-yellow dahlia?
D:\Flower-Classification\data\flowers-102\jpg\image_02045.jpg,79,test,anthurium
D:\Flower-Classification\data\flowers-102\jpg\image_02874.jpg,85,test,tree mallow
D:\Flower-Classification\data\flowers-102\jpg\image_06005.jpg,68,test,windflower
D:\Flower-Classification\data\flowers-102\jpg\image_01928.jpg,77,test,lotus
D:\Flower-Classification\data\flowers-102\jpg\image_06250.jpg,60,test,cautleya spicata
D:\Flower-Classification\data\flowers-102\jpg\image_07393.jpg,93,test,foxglove
D:\Flower-Classification\data\flowers-102\jpg\image_04009.jpg,11,train,colt's foot
D:\Flower-Classification\data\flowers-102\jpg\image_03357.jpg,7,test,bird of paradise
D:\Flower-Classification\data\flowers-102\jpg\image_01978.jpg,79,test,anthurium
D:\Flower-Classification\data\flowers-102\jpg\image_03221.jpg,64,test,californian poppy
D:\Flower-Classification\data\flowers-102\jpg\image_00050.jpg,76,test,passion flower
D:\Flower-Classification\data\flowers-102\jpg\image_05664.jpg,3,train,sweet pea
D:\Flower-Classification\data\flowers-102\jpg\image_05581.jpg,65,train,osteospermum
D:\Flower-Classification\data\flowers-102\jpg\image_03998.jpg,11,test,colt's foot
D:\Flower-Classification\data\flowers-102\jpg\image_02502.jpg,75,test,morning glory
D:\Flower-Classification\data\flowers-102\jpg\image_07948.jpg,100,test,trumpet creeper
D:\Flower-Classification\data\flowers-102\jpg\image_03149.jpg,10,test,snapdragon
D:\Flower-Classification\data\flowers-102\jpg\image_08068.jpg,30,test,carnation
D:\Flower-Classification\data\flowers-102\jpg\image_04115.jpg,28,test,artichoke
D:\Flower-Classification\data\flowers-102\jpg\image_07105.jpg,9,test,globe thistle
D:\Flower-Classification\data\flowers-102\jpg\image_02746.jpg,57,test,geranium
D:\Flower-Classification\data\flowers-102\jpg\image_00186.jpg,76,test,passion flower
D:\Flower-Classification\data\flowers-102\jpg\image_07700.jpg,96,val,mallow
D:\Flower-Classification\data\flowers-102\jpg\image_01259.jpg,73,test,rose
D:\Flower-Classification\data\flowers-102\jpg\image_05945.jpg,67,val,bearded iris
D:\Flower-Classification\data\flowers-102\jpg\image_07944.jpg,100,test,trumpet creeper
D:\Flower-Classification\data\flowers-102\jpg\image_07675.jpg,95,test,camellia
D:\Flower-Classification\data\flowers-102\jpg\image_00597.jpg,87,test,cyclamen
D:\Flower-Classification\data\flowers-102\jpg\image_01570.jpg,43,test,poinsettia
D:\Flower-Classification\data\flowers-102\jpg\image_01675.jpg,81,test,clematis
D:\Flower-Classification\data\flowers-102\jpg\image_04276.jpg,17,test,peruvian lily
D:\Flower-Classification\data\flowers-102\jpg\image_05541.jpg,65,val,osteospermum
D:\Flower-Classification\data\flowers-102\jpg\image_01527.jpg,43,test,poinsettia
D:\Flower-Classification\data\flowers-102\jpg\image_05315.jpg,69,test,tree poppy
D:\Flower-Classification\data\flowers-102\jpg\image_02320.jpg,42,test,sword lily
D:\Flower-Classification\data\flowers-102\jpg\image_06047.jpg,92,test,ball moss
D:\Flower-Classification\data\flowers-102\jpg\image_01357.jpg,50,test,petunia
D:\Flower-Classification\data\flowers-102\jpg\image_05587.jpg,31,test,garden phlox
D:\Flower-Classification\data\flowers-102\jpg\image_04643.jpg,47,test,buttercup
D:\Flower-Classification\data\flowers-102\jpg\image_01075.jpg,45,test,wallflower
D:\Flower-Classification\data\flowers-102\jpg\image_01478.jpg,50,test,petunia
D:\Flower-Classification\data\flowers-102\jpg\image_05135.jpg,1,test,hard-leaved pocket orchid
D:\Flower-Classification\data\flowers-102\jpg\image_00541.jpg,87,test,cyclamen
D:\Flower-Classification\data\flowers-102\jpg\image_00823.jpg,80,test,frangipani
D:\Flower-Classification\data\flowers-102\jpg\image_03551.jpg,71,test,azalea
D:\Flower-Classification\data\flowers-102\jpg\image_07708.jpg,96,train,mallow
D:\Flower-Classification\data\flowers-102\jpg\image_06355.jpg,14,test,yellow iris
D:\Flower-Classification\data\flowers-102\jpg\image_07766.jpg,97,test,mexican petunia
D:\Flower-Classification\data\flowers-102\jpg\image_07038.jpg,38,test,siam tulip
D:\Flower-Classification\data\flowers-102\jpg\image_06903.jpg,30,test,carnation
D:\Flower-Classification\data\flowers-102\jpg\image_02591.jpg,83,test,columbine
D:\Flower-Classification\data\flowers-102\jpg\image_04004.jpg,11,test,colt's foot
D:\Flower-Classification\data\flowers-102\jpg\image_03779.jpg,36,test,cape flower
D:\Flower-Classification\data\flowers-102\jpg\image_01057.jpg,45,test,wallflower
D:\Flower-Classification\data\flowers-102\jpg\image_02413.jpg,42,test,sword lily
D:\Flower-Classification\data\flowers-102\jpg\image_06419.jpg,8,test,monkshood
D:\Flower-Classification\data\flowers-102\jpg\image_05674.jpg,3,val,sweet pea
D:\Flower-Classification\data\flowers-102\jpg\image_00353.jpg,72,test,water lily
D:\Flower-Classification\data\flowers-102\jpg\image_02613.jpg,83,test,columbine
D:\Flower-Classification\data\flowers-102\jpg\image_07473.jpg,94,test,bougainvillea
D:\Flower-Classification\data\flowers-102\jpg\image_03066.jpg,91,test,bee balm
D:\Flower-Classification\data\flowers-102\jpg\image_01672.jpg,81,test,clematis
D:\Flower-Classification\data\flowers-102\jpg\image_02384.jpg,42,test,sword lily
D:\Flower-Classification\data\flowers-102\jpg\image_07554.jpg,94,test,bougainvillea
D:\Flower-Classification\data\flowers-102\jpg\image_02904.jpg,85,test,tree mallow
D:\Flower-Classification\data\flowers-102\jpg\image_01568.jpg,43,test,poinsettia
D:\Flower-Classification\data\flowers-102\jpg\image_05734.jpg,41,test,daffodil
D:\Flower-Classification\data\flowers-102\jpg\image_06003.jpg,68,test,windflower
D:\Flower-Classification\data\flowers-102\jpg\image_05859.jpg,62,test,black-eyed susan
D:\Flower-Classification\data\flowers-102\jpg\image_02861.jpg,55,test,bishop of llandaff
D:\Flower-Classification\data\flowers-102\jpg\image_05490.jpg,86,test,magnolia
D:\Flower-Classification\data\flowers-102\jpg\image_01908.jpg,77,test,lotus
D:\Flower-Classification\data\flowers-102\jpg\image_01882.jpg,77,test,lotus
D:\Flower-Classification\data\flowers-102\jpg\image_03631.jpg,71,test,azalea
D:\Flower-Classification\data\flowers-102\jpg\image_05534.jpg,65,test,osteospermum
D:\Flower-Classification\data\flowers-102\jpg\image_04467.jpg,89,val,canna lily
D:\Flower-Classification\data\flowers-102\jpg\image_02086.jpg,74,test,thorn apple
D:\Flower-Classification\data\flowers-102\jpg\image_02962.jpg,59,test,pink-yellow dahlia?
D:\Flower-Classification\data\flowers-102\jpg\image_00679.jpg,88,test,watercress
D:\Flower-Classification\data\flowers-102\jpg\image_02162.jpg,74,test,thorn apple
D:\Flower-Classification\data\flowers-102\jpg\image_06591.jpg,24,val,grape hyacinth
D:\Flower-Classification\data\flowers-102\jpg\image_02940.jpg,59,test,pink-yellow dahlia?
D:\Flower-Classification\data\flowers-102\jpg\image_04847.jpg,90,val,hippeastrum
D:\Flower-Classification\data\flowers-102\jpg\image_02371.jpg,42,test,sword lily
D:\Flower-Classification\data\flowers-102\jpg\image_07800.jpg,97,test,mexican petunia
D:\Flower-Classification\data\flowers-102\jpg\image_04405.jpg,89,val,canna lily
D:\Flower-Classification\data\flowers-102\jpg\image_01730.jpg,82,test,hibiscus
D:\Flower-Classification\data\flowers-102\jpg\image_03798.jpg,36,test,cape flower
D:\Flower-Classification\data\flowers-102\jpg\image_04397.jpg,35,test,ruby-lipped cattleya
D:\Flower-Classification\data\flowers-102\jpg\image_07476.jpg,94,test,bougainvillea
D:\Flower-Classification\data\flowers-102\jpg\image_03638.jpg,71,test,azalea
D:\Flower-Classification\data\flowers-102\jpg\image_01168.jpg,73,test,rose
D:\Flower-Classification\data\flowers-102\jpg\image_00493.jpg,87,test,cyclamen
D:\Flower-Classification\data\flowers-102\jpg\image_01921.jpg,77,test,lotus
D:\Flower-Classification\data\flowers-102\jpg\image_08001.jpg,101,test,blackberry lily
D:\Flower-Classification\data\flowers-102\jpg\image_06747.jpg,0,val,pink primrose
D:\Flower-Classification\data\flowers-102\jpg\image_04715.jpg,54,test,pelargonium
D:\Flower-Classification\data\flowers-102\jpg\image_00384.jpg,72,test,water lily
D:\Flower-Classification\data\flowers-102\jpg\image_02645.jpg,57,test,geranium
D:\Flower-Classification\data\flowers-102\jpg\image_04334.jpg,35,test,ruby-lipped cattleya
D:\Flower-Classification\data\flowers-102\jpg\image_04374.jpg,35,val,ruby-lipped cattleya
D:\Flower-Classification\data\flowers-102\jpg\image_06511.jpg,25,test,corn poppy
D:\Flower-Classification\data\flowers-102\jpg\image_04928.jpg,19,test,giant white arum lily
D:\Flower-Classification\data\flowers-102\jpg\image_04250.jpg,17,test,peruvian lily
D:\Flower-Classification\data\flowers-102\jpg\image_00112.jpg,76,test,passion flower
D:\Flower-Classification\data\flowers-102\jpg\image_04804.jpg,84,test,desert-rose
D:\Flower-Classification\data\flowers-102\jpg\image_03488.jpg,29,train,sweet william
D:\Flower-Classification\data\flowers-102\jpg\image_01341.jpg,50,test,petunia
D:\Flower-Classification\data\flowers-102\jpg\image_04273.jpg,17,test,peruvian lily
D:\Flower-Classification\data\flowers-102\jpg\image_04871.jpg,90,test,hippeastrum
D:\Flower-Classification\data\flowers-102\jpg\image_02568.jpg,83,test,columbine
D:\Flower-Classification\data\flowers-102\jpg\image_00249.jpg,76,test,passion flower
D:\Flower-Classification\data\flowers-102\jpg\image_02669.jpg,57,test,geranium
D:\Flower-Classification\data\flowers-102\jpg\image_04651.jpg,47,test,buttercup
D:\Flower-Classification\data\flowers-102\jpg\image_02583.jpg,83,train,columbine
D:\Flower-Classification\data\flowers-102\jpg\image_07743.jpg,96,val,mallow
D:\Flower-Classification\data\flowers-102\jpg\image_03390.jpg,22,test,fritillary
D:\Flower-Classification\data\flowers-102\jpg\image_04745.jpg,54,test,pelargonium
D:\Flower-Classification\data\flowers-102\jpg\image_00591.jpg,87,test,cyclamen
D:\Flower-Classification\data\flowers-102\jpg\image_05744.jpg,12,test,king protea
D:\Flower-Classification\data\flowers-102\jpg\image_02359.jpg,42,test,sword lily
D:\Flower-Classification\data\flowers-102\jpg\image_01424.jpg,50,test,petunia
D:\Flower-Classification\data\flowers-102\jpg\image_08023.jpg,101,test,blackberry lily
D:\Flower-Classification\data\flowers-102\jpg\image_06474.jpg,32,train,love in the mist
D:\Flower-Classification\data\flowers-102\jpg\image_06638.jpg,2,val,canterbury bells
D:\Flower-Classification\data\flowers-102\jpg\image_03523.jpg,29,test,sweet william
D:\Flower-Classification\data\flowers-102\jpg\image_00583.jpg,87,test,cyclamen
D:\Flower-Classification\data\flowers-102\jpg\image_04848.jpg,90,test,hippeastrum
D:\Flower-Classification\data\flowers-102\jpg\image_02597.jpg,83,test,columbine
D:\Flower-Classification\data\flowers-102\jpg\image_04027.jpg,11,train,colt's foot
D:\Flower-Classification\data\flowers-102\jpg\image_03482.jpg,29,test,sweet william
D:\Flower-Classification\data\flowers-102\jpg\image_05361.jpg,21,test,pincushion flower
D:\Flower-Classification\data\flowers-102\jpg\image_06928.jpg,30,test,carnation
D:\Flower-Classification\data\flowers-102\jpg\image_04400.jpg,35,train,ruby-lipped cattleya
D:\Flower-Classification\data\flowers-102\jpg\image_00397.jpg,72,test,water lily
D:\Flower-Classification\data\flowers-102\jpg\image_03315.jpg,7,train,bird of paradise
D:\Flower-Classification\data\flowers-102\jpg\image_07837.jpg,98,test,bromelia
D:\Flower-Classification\data\flowers-102\jpg\image_04364.jpg,35,test,ruby-lipped cattleya
D:\Flower-Classification\data\flowers-102\jpg\image_03342.jpg,7,test,bird of paradise
D:\Flower-Classification\data\flowers-102\jpg\image_06248.jpg,60,train,cautleya spicata
D:\Flower-Classification\data\flowers-102\jpg\image_04208.jpg,51,train,wild pansy
D:\Flower-Classification\data\flowers-102\jpg\image_00831.jpg,80,test,frangipani
D:\Flower-Classification\data\flowers-102\jpg\image_04410.jpg,89,test,canna lily
D:\Flower-Classification\data\flowers-102\jpg\image_05192.jpg,4,val,english marigold
D:\Flower-Classification\data\flowers-102\jpg\image_01179.jpg,73,test,rose
D:\Flower-Classification\data\flowers-102\jpg\image_03170.jpg,10,test,snapdragon
D:\Flower-Classification\data\flowers-102\jpg\image_06786.jpg,20,test,fire lily
D:\Flower-Classification\data\flowers-102\jpg\image_01555.jpg,43,test,poinsettia
D:\Flower-Classification\data\flowers-102\jpg\image_00357.jpg,72,test,water lily
D:\Flower-Classification\data\flowers-102\jpg\image_03350.jpg,7,test,bird of paradise
D:\Flower-Classification\data\flowers-102\jpg\image_02682.jpg,57,test,geranium
D:\Flower-Classification\data\flowers-102\jpg\image_00540.jpg,87,test,cyclamen
D:\Flower-Classification\data\flowers-102\jpg\image_00314.jpg,72,test,water lily
D:\Flower-Classification\data\flowers-102\jpg\image_04360.jpg,35,test,ruby-lipped cattleya
D:\Flower-Classification\data\flowers-102\jpg\image_02718.jpg,57,test,geranium
D:\Flower-Classification\data\flowers-102\jpg\image_04093.jpg,28,test,artichoke
D:\Flower-Classification\data\flowers-102\jpg\image_03266.jpg,64,test,californian poppy
D:\Flower-Classification\data\flowers-102\jpg\image_03966.jpg,50,test,petunia
D:\Flower-Classification\data\flowers-102\jpg\image_05631.jpg,3,test,sweet pea
D:\Flower-Classification\data\flowers-102\jpg\image_06968.jpg,33,test,mexican aster
D:\Flower-Classification\data\flowers-102\jpg\image_02483.jpg,75,test,morning glory
D:\Flower-Classification\data\flowers-102\jpg\image_02648.jpg,57,test,geranium
D:\Flower-Classification\data\flowers-102\jpg\image_00861.jpg,80,test,frangipani
D:\Flower-Classification\data\flowers-102\jpg\image_03323.jpg,7,test,bird of paradise
D:\Flower-Classification\data\flowers-102\jpg\image_02891.jpg,85,test,tree mallow
D:\Flower-Classification\data\flowers-102\jpg\image_04603.jpg,39,val,lenten rose
D:\Flower-Classification\data\flowers-102\jpg\image_01843.jpg,77,test,lotus
D:\Flower-Classification\data\flowers-102\jpg\image_01087.jpg,45,val,wallflower
D:\Flower-Classification\data\flowers-102\jpg\image_05841.jpg,37,test,great masterwort
D:\Flower-Classification\data\flowers-102\jpg\image_06004.jpg,68,val,windflower
D:\Flower-Classification\data\flowers-102\jpg\image_00814.jpg,80,test,frangipani
D:\Flower-Classification\data\flowers-102\jpg\image_05086.jpg,58,test,orange dahlia
D:\Flower-Classification\data\flowers-102\jpg\image_01382.jpg,50,test,petunia
D:\Flower-Classification\data\flowers-102\jpg\image_07384.jpg,93,test,foxglove
D:\Flower-Classification\data\flowers-102\jpg\image_00771.jpg,88,test,watercress
D:\Flower-Classification\data\flowers-102\jpg\image_05186.jpg,4,train,english marigold
D:\Flower-Classification\data\flowers-102\jpg\image_04379.jpg,35,test,ruby-lipped cattleya
D:\Flower-Classification\data\flowers-102\jpg\image_02392.jpg,42,test,sword lily
D:\Flower-Classification\data\flowers-102\jpg\image_03861.jpg,16,test,purple coneflower
D:\Flower-Classification\data\flowers-102\jpg\image_03119.jpg,10,train,snapdragon
D:\Flower-Classification\data\flowers-102\jpg\image_00326.jpg,72,test,water lily
D:\Flower-Classification\data\flowers-102\jpg\image_01789.jpg,82,val,hibiscus
D:\Flower-Classification\data\flowers-102\jpg\image_00952.jpg,45,test,wallflower
D:\Flower-Classification\data\flowers-102\jpg\image_03885.jpg,16,test,purple coneflower
D:\Flower-Classification\data\flowers-102\jpg\image_02292.jpg,40,test,barbeton daisy
D:\Flower-Classification\data\flowers-102\jpg\image_03837.jpg,16,test,purple coneflower
D:\Flower-Classification\data\flowers-102\jpg\image_00138.jpg,76,test,passion flower
D:\Flower-Classification\data\flowers-102\jpg\image_00408.jpg,72,test,water lily
D:\Flower-Classification\data\flowers-102\jpg\image_03268.jpg,64,test,californian poppy
D:\Flower-Classification\data\flowers-102\jpg\image_03389.jpg,22,test,fritillary
D:\Flower-Classification\data\flowers-102\jpg\image_00838.jpg,80,test,frangipani
D:\Flower-Classification\data\flowers-102\jpg\image_01063.jpg,45,test,wallflower
D:\Flower-Classification\data\flowers-102\jpg\image_03695.jpg,52,test,primula
D:\Flower-Classification\data\flowers-102\jpg\image_07432.jpg,93,test,foxglove
D:\Flower-Classification\data\flowers-102\jpg\image_03961.jpg,50,test,petunia
D:\Flower-Classification\data\flowers-102\jpg\image_00648.jpg,88,test,watercress
D:\Flower-Classification\data\flowers-102\jpg\image_03495.jpg,29,test,sweet william
D:\Flower-Classification\data\flowers-102\jpg\image_05139.jpg,1,test,hard-leaved pocket orchid
D:\Flower-Classification\data\flowers-102\jpg\image_06225.jpg,48,val,oxeye daisy
D:\Flower-Classification\data\flowers-102\jpg\image_01616.jpg,81,test,clematis
D:\Flower-Classification\data\flowers-102\jpg\image_07491.jpg,94,val,bougainvillea
D:\Flower-Classification\data\flowers-102\jpg\image_00950.jpg,45,test,wallflower
D:\Flower-Classification\data\flowers-102\jpg\image_07375.jpg,93,test,foxglove
D:\Flower-Classification\data\flowers-102\jpg\image_04685.jpg,47,test,buttercup
D:\Flower-Classification\data\flowers-102\jpg\image_05811.jpg,37,test,great masterwort
D:\Flower-Classification\data\flowers-102\jpg\image_05304.jpg,69,test,tree poppy
D:\Flower-Classification\data\flowers-102\jpg\image_01442.jpg,50,test,petunia
D:\Flower-Classification\data\flowers-102\jpg\image_05295.jpg,69,test,tree poppy
D:\Flower-Classification\data\flowers-102\jpg\image_00832.jpg,80,val,frangipani
D:\Flower-Classification\data\flowers-102\jpg\image_04683.jpg,47,train,buttercup
D:\Flower-Classification\data\flowers-102\jpg\image_01183.jpg,73,test,rose
D:\Flower-Classification\data\flowers-102\jpg\image_02266.jpg,40,test,barbeton daisy
D:\Flower-Classification\data\flowers-102\jpg\image_04907.jpg,19,test,giant white arum lily
D:\Flower-Classification\data\flowers-102\jpg\image_04282.jpg,17,val,peruvian lily
D:\Flower-Classification\data\flowers-102\jpg\image_06991.jpg,34,test,alpine sea holly
D:\Flower-Classification\data\flowers-102\jpg\image_02837.jpg,55,test,bishop of llandaff
D:\Flower-Classification\data\flowers-102\jpg\image_07670.jpg,95,test,camellia
D:\Flower-Classification\data\flowers-102\jpg\image_00420.jpg,72,test,water lily
D:\Flower-Classification\data\flowers-102\jpg\image_06755.jpg,0,train,pink primrose
D:\Flower-Classification\data\flowers-102\jpg\image_04751.jpg,54,test,pelargonium
D:\Flower-Classification\data\flowers-102\jpg\image_07611.jpg,95,test,camellia
D:\Flower-Classification\data\flowers-102\jpg\image_07930.jpg,99,train,blanket flower
D:\Flower-Classification\data\flowers-102\jpg\image_05699.jpg,41,train,daffodil
D:\Flower-Classification\data\flowers-102\jpg\image_05311.jpg,69,test,tree poppy
D:\Flower-Classification\data\flowers-102\jpg\image_00712.jpg,88,test,watercress
D:\Flower-Classification\data\flowers-102\jpg\image_00571.jpg,87,test,cyclamen
D:\Flower-Classification\data\flowers-102\jpg\image_04158.jpg,28,test,artichoke
D:\Flower-Classification\data\flowers-102\jpg\image_02822.jpg,55,test,bishop of llandaff
D:\Flower-Classification\data\flowers-102\jpg\image_04827.jpg,84,train,desert-rose
D:\Flower-Classification\data\flowers-102\jpg\image_06101.jpg,63,train,silverbush
D:\Flower-Classification\data\flowers-102\jpg\image_02792.jpg,55,test,bishop of llandaff
D:\Flower-Classification\data\flowers-102\jpg\image_03502.jpg,29,test,sweet william
D:\Flower-Classification\data\flowers-102\jpg\image_01344.jpg,50,test,petunia
D:\Flower-Classification\data\flowers-102\jpg\image_03333.jpg,7,train,bird of paradise
D:\Flower-Classification\data\flowers-102\jpg\image_03267.jpg,64,test,californian poppy
D:\Flower-Classification\data\flowers-102\jpg\image_05117.jpg,1,test,hard-leaved pocket orchid
D:\Flower-Classification\data\flowers-102\jpg\image_06143.jpg,63,test,silverbush
D:\Flower-Classification\data\flowers-102\jpg\image_01507.jpg,43,test,poinsettia
D:\Flower-Classification\data\flowers-102\jpg\image_07984.jpg,100,test,trumpet creeper
D:\Flower-Classification\data\flowers-102\jpg\image_07940.jpg,99,test,blanket flower
D:\Flower-Classification\data\flowers-102\jpg\image_02318.jpg,42,test,sword lily
D:\Flower-Classification\data\flowers-102\jpg\image_05138.jpg,1,val,hard-leaved pocket orchid
D:\Flower-Classification\data\flowers-102\jpg\image_03875.jpg,16,train,purple coneflower
D:\Flower-Classification\data\flowers-102\jpg\image_01526.jpg,43,test,poinsettia
D:\Flower-Classification\data\flowers-102\jpg\image_06966.jpg,33,train,mexican aster
D:\Flower-Classification\data\flowers-102\jpg\image_05463.jpg,86,val,magnolia
D:\Flower-Classification\data\flowers-102\jpg\image_06578.jpg,24,train,grape hyacinth
D:\Flower-Classification\data\flowers-102\jpg\image_05697.jpg,41,test,daffodil
D:\Flower-Classification\data\flowers-102\jpg\image_06127.jpg,63,train,silverbush
D:\Flower-Classification\data\flowers-102\jpg\image_06567.jpg,49,train,common dandelion
D:\Flower-Classification\data\flowers-102\jpg\image_04618.jpg,39,test,lenten rose
D:\Flower-Classification\data\flowers-102\jpg\image_03380.jpg,22,test,fritillary
D:\Flower-Classification\data\flowers-102\jpg\image_07624.jpg,95,val,camellia
D:\Flower-Classification\data\flowers-102\jpg\image_00760.jpg,88,test,watercress
D:\Flower-Classification\data\flowers-102\jpg\image_00882.jpg,80,test,frangipani
D:\Flower-Classification\data\flowers-102\jpg\image_00939.jpg,80,test,frangipani
D:\Flower-Classification\data\flowers-102\jpg\image_06382.jpg,14,test,yellow iris
D:\Flower-Classification\data\flowers-102\jpg\image_06154.jpg,18,test,balloon flower
D:\Flower-Classification\data\flowers-102\jpg\image_04455.jpg,89,test,canna lily
D:\Flower-Classification\data\flowers-102\jpg\image_03749.jpg,36,test,cape flower
D:\Flower-Classification\data\flowers-102\jpg\image_05062.jpg,58,train,orange dahlia
D:\Flower-Classification\data\flowers-102\jpg\image_06655.jpg,15,test,globe-flower
D:\Flower-Classification\data\flowers-102\jpg\image_00148.jpg,76,test,passion flower
D:\Flower-Classification\data\flowers-102\jpg\image_02428.jpg,42,test,sword lily
D:\Flower-Classification\data\flowers-102\jpg\image_05824.jpg,37,val,great masterwort
D:\Flower-Classification\data\flowers-102\jpg\image_04760.jpg,54,test,pelargonium
D:\Flower-Classification\data\flowers-102\jpg\image_04408.jpg,89,val,canna lily
D:\Flower-Classification\data\flowers-102\jpg\image_08169.jpg,61,test,japanese anemone
D:\Flower-Classification\data\flowers-102\jpg\image_01983.jpg,79,test,anthurium
D:\Flower-Classification\data\flowers-102\jpg\image_00197.jpg,76,test,passion flower
D:\Flower-Classification\data\flowers-102\jpg\image_02161.jpg,74,test,thorn apple
D:\Flower-Classification\data\flowers-102\jpg\image_06944.jpg,33,test,mexican aster
D:\Flower-Classification\data\flowers-102\jpg\image_00105.jpg,76,test,passion flower
D:\Flower-Classification\data\flowers-102\jpg\image_06834.jpg,23,val,red ginger
D:\Flower-Classification\data\flowers-102\jpg\image_04976.jpg,46,test,marigold
D:\Flower-Classification\data\flowers-102\jpg\image_07796.jpg,97,test,mexican petunia
D:\Flower-Classification\data\flowers-102\jpg\image_06526.jpg,25,test,corn poppy
D:\Flower-Classification\data\flowers-102\jpg\image_00563.jpg,87,test,cyclamen
D:\Flower-Classification\data\flowers-102\jpg\image_06468.jpg,32,train,love in the mist
D:\Flower-Classification\data\flowers-102\jpg\image_02250.jpg,40,val,barbeton daisy
D:\Flower-Classification\data\flowers-102\jpg\image_06491.jpg,25,train,corn poppy
D:\Flower-Classification\data\flowers-102\jpg\image_05503.jpg,86,test,magnolia
D:\Flower-Classification\data\flowers-102\jpg\image_05891.jpg,62,train,black-eyed susan
D:\Flower-Classification\data\flowers-102\jpg\image_06926.jpg,30,test,carnation
D:\Flower-Classification\data\flowers-102\jpg\image_08125.jpg,56,test,gaura
D:\Flower-Classification\data\flowers-102\jpg\image_04199.jpg,51,test,wild pansy
D:\Flower-Classification\data\flowers-102\jpg\image_03831.jpg,16,test,purple coneflower
D:\Flower-Classification\data\flowers-102\jpg\image_03835.jpg,16,train,purple coneflower
D:\Flower-Classification\data\flowers-102\jpg\image_06184.jpg,18,test,balloon flower
D:\Flower-Classification\data\flowers-102\jpg\image_00268.jpg,72,test,water lily
D:\Flower-Classification\data\flowers-102\jpg\image_02506.jpg,75,val,morning glory
D:\Flower-Classification\data\flowers-102\jpg\image_06238.jpg,48,test,oxeye daisy
D:\Flower-Classification\data\flowers-102\jpg\image_06135.jpg,63,test,silverbush
D:\Flower-Classification\data\flowers-102\jpg\image_05514.jpg,86,test,magnolia
D:\Flower-Classification\data\flowers-102\jpg\image_07340.jpg,93,test,foxglove
D:\Flower-Classification\data\flowers-102\jpg\image_03456.jpg,22,test,fritillary
D:\Flower-Classification\data\flowers-102\jpg\image_05162.jpg,4,val,english marigold
D:\Flower-Classification\data\flowers-102\jpg\image_05557.jpg,65,test,osteospermum
D:\Flower-Classification\data\flowers-102\jpg\image_08122.jpg,56,train,gaura
D:\Flower-Classification\data\flowers-102\jpg\image_03599.jpg,71,test,azalea
D:\Flower-Classification\data\flowers-102\jpg\image_01283.jpg,73,test,rose
D:\Flower-Classification\data\flowers-102\jpg\image_04747.jpg,54,test,pelargonium
D:\Flower-Classification\data\flowers-102\jpg\image_03339.jpg,7,val,bird of paradise
D:\Flower-Classification\data\flowers-102\jpg\image_02053.jpg,79,test,anthurium
D:\Flower-Classification\data\flowers-102\jpg\image_03186.jpg,64,test,californian poppy
D:\Flower-Classification\data\flowers-102\jpg\image_05711.jpg,41,val,daffodil
D:\Flower-Classification\data\flowers-102\jpg\image_07613.jpg,95,test,camellia
D:\Flower-Classification\data\flowers-102\jpg\image_05043.jpg,58,test,orange dahlia
D:\Flower-Classification\data\flowers-102\jpg\image_05437.jpg,53,train,sunflower
D:\Flower-Classification\data\flowers-102\jpg\image_07080.jpg,66,train,spring crocus
D:\Flower-Classification\data\flowers-102\jpg\image_04182.jpg,51,test,wild pansy
D:\Flower-Classification\data\flowers-102\jpg\image_01746.jpg,82,test,hibiscus
D:\Flower-Classification\data\flowers-102\jpg\image_00165.jpg,76,test,passion flower
D:\Flower-Classification\data\flowers-102\jpg\image_06625.jpg,2,test,canterbury bells
D:\Flower-Classification\data\flowers-102\jpg\image_04403.jpg,89,val,canna lily
D:\Flower-Classification\data\flowers-102\jpg\image_01796.jpg,82,val,hibiscus
D:\Flower-Classification\data\flowers-102\jpg\image_07172.jpg,5,test,tiger lily
D:\Flower-Classification\data\flowers-102\jpg\image_02760.jpg,55,test,bishop of llandaff
D:\Flower-Classification\data\flowers-102\jpg\image_07452.jpg,93,test,foxglove
D:\Flower-Classification\data\flowers-102\jpg\image_01800.jpg,82,test,hibiscus
D:\Flower-Classification\data\flowers-102\jpg\image_05364.jpg,21,test,pincushion flower
D:\Flower-Classification\data\flowers-102\jpg\image_07608.jpg,95,test,camellia
D:\Flower-Classification\data\flowers-102\jpg\image_06301.jpg,49,test,common dandelion
D:\Flower-Classification\data\flowers-102\jpg\image_02402.jpg,42,test,sword lily
D:\Flower-Classification\data\flowers-102\jpg\image_05861.jpg,62,test,black-eyed susan
D:\Flower-Classification\data\flowers-102\jpg\image_06617.jpg,2,test,canterbury bells
D:\Flower-Classification\data\flowers-102\jpg\image_07494.jpg,94,val,bougainvillea
D:\Flower-Classification\data\flowers-102\jpg\image_05375.jpg,21,test,pincushion flower
D:\Flower-Classification\data\flowers-102\jpg\image_04857.jpg,90,test,hippeastrum
D:\Flower-Classification\data\flowers-102\jpg\image_02838.jpg,55,test,bishop of llandaff
D:\Flower-Classification\data\flowers-102\jpg\image_01728.jpg,82,test,hibiscus
D:\Flower-Classification\data\flowers-102\jpg\image_04309.jpg,17,test,peruvian lily
D:\Flower-Classification\data\flowers-102\jpg\image_05222.jpg,27,test,stemless gentian
D:\Flower-Classification\data\flowers-102\jpg\image_01336.jpg,50,test,petunia
D:\Flower-Classification\data\flowers-102\jpg\image_02446.jpg,75,test,morning glory
D:\Flower-Classification\data\flowers-102\jpg\image_08180.jpg,61,test,japanese anemone
D:\Flower-Classification\data\flowers-102\jpg\image_00948.jpg,45,test,wallflower
D:\Flower-Classification\data\flowers-102\jpg\image_01533.jpg,43,train,poinsettia
D:\Flower-Classification\data\flowers-102\jpg\image_07265.jpg,56,test,gaura
D:\Flower-Classification\data\flowers-102\jpg\image_00205.jpg,76,test,passion flower
D:\Flower-Classification\data\flowers-102\jpg\image_05777.jpg,12,test,king protea
D:\Flower-Classification\data\flowers-102\jpg\image_02218.jpg,40,test,barbeton daisy
D:\Flower-Classification\data\flowers-102\jpg\image_00166.jpg,76,test,passion flower
D:\Flower-Classification\data\flowers-102\jpg\image_03813.jpg,36,test,cape flower
D:\Flower-Classification\data\flowers-102\jpg\image_07737.jpg,96,test,mallow
D:\Flower-Classification\data\flowers-102\jpg\image_04769.jpg,84,test,desert-rose
D:\Flower-Classification\data\flowers-102\jpg\image_06742.jpg,0,test,pink primrose
D:\Flower-Classification\data\flowers-102\jpg\image_00034.jpg,76,test,passion flower
D:\Flower-Classification\data\flowers-102\jpg\image_01167.jpg,73,test,rose
D:\Flower-Classification\data\flowers-102\jpg\image_08142.jpg,56,test,gaura
D:\Flower-Classification\data\flowers-102\jpg\image_07303.jpg,92,test,ball moss
D:\Flower-Classification\data\flowers-102\jpg\image_00304.jpg,72,val,water lily
D:\Flower-Classification\data\flowers-102\jpg\image_03767.jpg,36,test,cape flower
D:\Flower-Classification\data\flowers-102\jpg\image_08077.jpg,30,val,carnation
D:\Flower-Classification\data\flowers-102\jpg\image_07162.jpg,5,test,tiger lily
D:\Flower-Classification\data\flowers-102\jpg\image_02563.jpg,83,test,columbine
D:\Flower-Classification\data\flowers-102\jpg\image_04233.jpg,51,test,wild pansy
D:\Flower-Classification\data\flowers-102\jpg\image_00322.jpg,72,test,water lily
D:\Flower-Classification\data\flowers-102\jpg\image_00450.jpg,87,test,cyclamen
D:\Flower-Classification\data\flowers-102\jpg\image_01594.jpg,81,test,clematis
D:\Flower-Classification\data\flowers-102\jpg\image_06446.jpg,32,val,love in the mist
D:\Flower-Classification\data\flowers-102\jpg\image_05944.jpg,67,test,bearded iris
D:\Flower-Classification\data\flowers-102\jpg\image_00489.jpg,87,test,cyclamen
D:\Flower-Classification\data\flowers-102\jpg\image_02884.jpg,85,train,tree mallow
D:\Flower-Classification\data\flowers-102\jpg\image_04035.jpg,11,val,colt's foot
D:\Flower-Classification\data\flowers-102\jpg\image_00250.jpg,76,test,passion flower
D:\Flower-Classification\data\flowers-102\jpg\image_02955.jpg,59,test,pink-yellow dahlia?
D:\Flower-Classification\data\flowers-102\jpg\image_00447.jpg,87,test,cyclamen
D:\Flower-Classification\data\flowers-102\jpg\image_00266.jpg,72,test,water lily
D:\Flower-Classification\data\flowers-102\jpg\image_02450.jpg,75,test,morning glory
D:\Flower-Classification\data\flowers-102\jpg\image_06220.jpg,48,test,oxeye daisy
D:\Flower-Classification\data\flowers-102\jpg\image_03162.jpg,10,test,snapdragon
D:\Flower-Classification\data\flowers-102\jpg\image_00406.jpg,72,test,water lily
D:\Flower-Classification\data\flowers-102\jpg\image_04131.jpg,28,test,artichoke
D:\Flower-Classification\data\flowers-102\jpg\image_01959.jpg,77,test,lotus
D:\Flower-Classification\data\flowers-102\jpg\image_07875.jpg,98,test,bromelia
D:\Flower-Classification\data\flowers-102\jpg\image_00930.jpg,80,test,frangipani
D:\Flower-Classification\data\flowers-102\jpg\image_05737.jpg,41,test,daffodil
D:\Flower-Classification\data\flowers-102\jpg\image_06140.jpg,63,test,silverbush
D:\Flower-Classification\data\flowers-102\jpg\image_04241.jpg,51,train,wild pansy
D:\Flower-Classification\data\flowers-102\jpg\image_01468.jpg,50,test,petunia
D:\Flower-Classification\data\flowers-102\jpg\image_02772.jpg,55,test,bishop of llandaff
D:\Flower-Classification\data\flowers-102\jpg\image_07386.jpg,93,val,foxglove
D:\Flower-Classification\data\flowers-102\jpg\image_05599.jpg,31,train,garden phlox
D:\Flower-Classification\data\flowers-102\jpg\image_04782.jpg,84,val,desert-rose
D:\Flower-Classification\data\flowers-102\jpg\image_00318.jpg,72,test,water lily
D:\Flower-Classification\data\flowers-102\jpg\image_04191.jpg,51,test,wild pansy
D:\Flower-Classification\data\flowers-102\jpg\image_07407.jpg,93,test,foxglove
D:\Flower-Classification\data\flowers-102\jpg\image_07261.jpg,56,test,gaura
D:\Flower-Classification\data\flowers-102\jpg\image_04217.jpg,51,test,wild pansy
D:\Flower-Classification\data\flowers-102\jpg\image_02163.jpg,74,val,thorn apple
D:\Flower-Classification\data\flowers-102\jpg\image_05898.jpg,62,val,black-eyed susan
D:\Flower-Classification\data\flowers-102\jpg\image_06597.jpg,24,test,grape hyacinth
D:\Flower-Classification\data\flowers-102\jpg\image_06260.jpg,60,test,cautleya spicata
D:\Flower-Classification\data\flowers-102\jpg\image_04620.jpg,39,test,lenten rose
D:\Flower-Classification\data\flowers-102\jpg\image_01927.jpg,77,test,lotus
D:\Flower-Classification\data\flowers-102\jpg\image_06226.jpg,48,test,oxeye daisy
D:\Flower-Classification\data\flowers-102\jpg\image_05725.jpg,41,test,daffodil
D:\Flower-Classification\data\flowers-102\jpg\image_04289.jpg,17,train,peruvian lily
D:\Flower-Classification\data\flowers-102\jpg\image_05453.jpg,53,test,sunflower
D:\Flower-Classification\data\flowers-102\jpg\image_01911.jpg,77,test,lotus
D:\Flower-Classification\data\flowers-102\jpg\image_07907.jpg,99,val,blanket flower
D:\Flower-Classification\data\flowers-102\jpg\image_04253.jpg,17,test,peruvian lily
D:\Flower-Classification\data\flowers-102\jpg\image_01682.jpg,81,test,clematis
D:\Flower-Classification\data\flowers-102\jpg\image_06327.jpg,49,test,common dandelion
D:\Flower-Classification\data\flowers-102\jpg\image_06056.jpg,13,test,spear thistle
D:\Flower-Classification\data\flowers-102\jpg\image_01264.jpg,73,test,rose
D:\Flower-Classification\data\flowers-102\jpg\image_03223.jpg,64,test,californian poppy
D:\Flower-Classification\data\flowers-102\jpg\image_07890.jpg,98,test,bromelia
D:\Flower-Classification\data\flowers-102\jpg\image_05741.jpg,41,val,daffodil
D:\Flower-Classification\data\flowers-102\jpg\image_00380.jpg,72,train,water lily
D:\Flower-Classification\data\flowers-102\jpg\image_04416.jpg,89,test,canna lily
D:\Flower-Classification\data\flowers-102\jpg\image_00271.jpg,72,test,water lily
D:\Flower-Classification\data\flowers-102\jpg\image_03709.jpg,52,val,primula
D:\Flower-Classification\data\flowers-102\jpg\image_01536.jpg,43,test,poinsettia
D:\Flower-Classification\data\flowers-102\jpg\image_01560.jpg,43,test,poinsettia
D:\Flower-Classification\data\flowers-102\jpg\image_00537.jpg,87,test,cyclamen
D:\Flower-Classification\data\flowers-102\jpg\image_03542.jpg,29,test,sweet william
D:\Flower-Classification\data\flowers-102\jpg\image_04860.jpg,90,train,hippeastrum
D:\Flower-Classification\data\flowers-102\jpg\image_03611.jpg,71,test,azalea
D:\Flower-Classification\data\flowers-102\jpg\image_05176.jpg,4,test,english marigold
D:\Flower-Classification\data\flowers-102\jpg\image_00401.jpg,72,train,water lily
D:\Flower-Classification\data\flowers-102\jpg\image_04460.jpg,89,test,canna lily
D:\Flower-Classification\data\flowers-102\jpg\image_03247.jpg,64,test,californian poppy
D:\Flower-Classification\data\flowers-102\jpg\image_04734.jpg,54,test,pelargonium
D:\Flower-Classification\data\flowers-102\jpg\image_07258.jpg,56,train,gaura
D:\Flower-Classification\data\flowers-102\jpg\image_04183.jpg,51,test,wild pansy
D:\Flower-Classification\data\flowers-102\jpg\image_01631.jpg,81,test,clematis
D:\Flower-Classification\data\flowers-102\jpg\image_04580.jpg,39,test,lenten rose
D:\Flower-Classification\data\flowers-102\jpg\image_02631.jpg,83,test,columbine
D:\Flower-Classification\data\flowers-102\jpg\image_00312.jpg,72,test,water lily
D:\Flower-Classification\data\flowers-102\jpg\image_01047.jpg,45,test,wallflower
D:\Flower-Classification\data\flowers-102\jpg\image_07912.jpg,99,test,blanket flower
D:\Flower-Classification\data\flowers-102\jpg\image_00164.jpg,76,test,passion flower
D:\Flower-Classification\data\flowers-102\jpg\image_05046.jpg,58,train,orange dahlia
D:\Flower-Classification\data\flowers-102\jpg\image_04798.jpg,84,test,desert-rose
D:\Flower-Classification\data\flowers-102\jpg\image_03259.jpg,64,test,californian poppy
D:\Flower-Classification\data\flowers-102\jpg\image_04930.jpg,19,test,giant white arum lily
D:\Flower-Classification\data\flowers-102\jpg\image_07679.jpg,95,test,camellia
D:\Flower-Classification\data\flowers-102\jpg\image_05307.jpg,69,test,tree poppy
D:\Flower-Classification\data\flowers-102\jpg\image_02808.jpg,55,test,bishop of llandaff
D:\Flower-Classification\data\flowers-102\jpg\image_01881.jpg,77,test,lotus
D:\Flower-Classification\data\flowers-102\jpg\image_00745.jpg,88,test,watercress
D:\Flower-Classification\data\flowers-102\jpg\image_01095.jpg,45,test,wallflower
D:\Flower-Classification\data\flowers-102\jpg\image_03033.jpg,91,val,bee balm
D:\Flower-Classification\data\flowers-102\jpg\image_06997.jpg,34,test,alpine sea holly
D:\Flower-Classification\data\flowers-102\jpg\image_01877.jpg,77,test,lotus
D:\Flower-Classification\data\flowers-102\jpg\image_00351.jpg,72,test,water lily
D:\Flower-Classification\data\flowers-102\jpg\image_02482.jpg,75,test,morning glory
D:\Flower-Classification\data\flowers-102\jpg\image_00478.jpg,87,test,cyclamen
D:\Flower-Classification\data\flowers-102\jpg\image_04010.jpg,11,test,colt's foot
D:\Flower-Classification\data\flowers-102\jpg\image_06379.jpg,14,test,yellow iris
D:\Flower-Classification\data\flowers-102\jpg\image_02321.jpg,42,test,sword lily
D:\Flower-Classification\data\flowers-102\jpg\image_01066.jpg,45,test,wallflower
D:\Flower-Classification\data\flowers-102\jpg\image_02968.jpg,59,test,pink-yellow dahlia?
D:\Flower-Classification\data\flowers-102\jpg\image_02572.jpg,83,test,columbine
D:\Flower-Classification\data\flowers-102\jpg\image_07039.jpg,38,train,siam tulip
D:\Flower-Classification\data\flowers-102\jpg\image_07095.jpg,9,val,globe thistle
D:\Flower-Classification\data\flowers-102\jpg\image_00088.jpg,76,test,passion flower
D:\Flower-Classification\data\flowers-102\jpg\image_05034.jpg,58,test,orange dahlia
D:\Flower-Classification\data\flowers-102\jpg\image_04569.jpg,39,test,lenten rose
D:\Flower-Classification\data\flowers-102\jpg\image_05108.jpg,1,train,hard-leaved pocket orchid
D:\Flower-Classification\data\flowers-102\jpg\image_04774.jpg,84,val,desert-rose
D:\Flower-Classification\data\flowers-102\jpg\image_06573.jpg,24,val,grape hyacinth
D:\Flower-Classification\data\flowers-102\jpg\image_01342.jpg,50,test,petunia
D:\Flower-Classification\data\flowers-102\jpg\image_00022.jpg,76,test,passion flower
D:\Flower-Classification\data\flowers-102\jpg\image_00394.jpg,72,test,water lily
D:\Flower-Classification\data\flowers-102\jpg\image_05266.jpg,27,val,stemless gentian
D:\Flower-Classification\data\flowers-102\jpg\image_01310.jpg,73,test,rose
D:\Flower-Classification\data\flowers-102\jpg\image_02456.jpg,75,test,morning glory
D:\Flower-Classification\data\flowers-102\jpg\image_06369.jpg,14,test,yellow iris
D:\Flower-Classification\data\flowers-102\jpg\image_07719.jpg,96,test,mallow
D:\Flower-Classification\data\flowers-102\jpg\image_07495.jpg,94,val,bougainvillea
D:\Flower-Classification\data\flowers-102\jpg\image_00796.jpg,80,test,frangipani
D:\Flower-Classification\data\flowers-102\jpg\image_00315.jpg,72,test,water lily
D:\Flower-Classification\data\flowers-102\jpg\image_01628.jpg,81,test,clematis
D:\Flower-Classification\data\flowers-102\jpg\image_03422.jpg,22,test,fritillary
D:\Flower-Classification\data\flowers-102\jpg\image_07709.jpg,96,train,mallow
D:\Flower-Classification\data\flowers-102\jpg\image_06050.jpg,13,test,spear thistle
D:\Flower-Classification\data\flowers-102\jpg\image_03732.jpg,52,test,primula
D:\Flower-Classification\data\flowers-102\jpg\image_05817.jpg,37,test,great masterwort
D:\Flower-Classification\data\flowers-102\jpg\image_04597.jpg,39,test,lenten rose
D:\Flower-Classification\data\flowers-102\jpg\image_02651.jpg,57,test,geranium
D:\Flower-Classification\data\flowers-102\jpg\image_00577.jpg,87,test,cyclamen
D:\Flower-Classification\data\flowers-102\jpg\image_06109.jpg,63,test,silverbush
D:\Flower-Classification\data\flowers-102\jpg\image_04695.jpg,47,test,buttercup
D:\Flower-Classification\data\flowers-102\jpg\image_06594.jpg,24,val,grape hyacinth
D:\Flower-Classification\data\flowers-102\jpg\image_02342.jpg,42,test,sword lily
D:\Flower-Classification\data\flowers-102\jpg\image_00275.jpg,72,test,water lily
D:\Flower-Classification\data\flowers-102\jpg\image_02628.jpg,83,test,columbine
D:\Flower-Classification\data\flowers-102\jpg\image_02185.jpg,74,val,thorn apple
D:\Flower-Classification\data\flowers-102\jpg\image_05809.jpg,37,train,great masterwort
D:\Flower-Classification\data\flowers-102\jpg\image_00286.jpg,72,test,water lily
D:\Flower-Classification\data\flowers-102\jpg\image_07249.jpg,56,test,gaura
D:\Flower-Classification\data\flowers-102\jpg\image_06067.jpg,13,test,spear thistle
D:\Flower-Classification\data\flowers-102\jpg\image_04904.jpg,19,train,giant white arum lily
D:\Flower-Classification\data\flowers-102\jpg\image_06675.jpg,15,val,globe-flower
D:\Flower-Classification\data\flowers-102\jpg\image_04143.jpg,28,test,artichoke
D:\Flower-Classification\data\flowers-102\jpg\image_05797.jpg,37,val,great masterwort
D:\Flower-Classification\data\flowers-102\jpg\image_01655.jpg,81,train,clematis
D:\Flower-Classification\data\flowers-102\jpg\image_05957.jpg,68,test,windflower
D:\Flower-Classification\data\flowers-102\jpg\image_06728.jpg,78,test,toad lily
D:\Flower-Classification\data\flowers-102\jpg\image_06444.jpg,32,test,love in the mist
D:\Flower-Classification\data\flowers-102\jpg\image_03957.jpg,50,val,petunia
D:\Flower-Classification\data\flowers-102\jpg\image_01234.jpg,73,train,rose
D:\Flower-Classification\data\flowers-102\jpg\image_01378.jpg,50,test,petunia
D:\Flower-Classification\data\flowers-102\jpg\image_07409.jpg,93,test,foxglove
D:\Flower-Classification\data\flowers-102\jpg\image_00490.jpg,87,test,cyclamen
D:\Flower-Classification\data\flowers-102\jpg\image_00180.jpg,76,test,passion flower
D:\Flower-Classification\data\flowers-102\jpg\image_06015.jpg,92,test,ball moss
D:\Flower-Classification\data\flowers-102\jpg\image_04682.jpg,47,val,buttercup
D:\Flower-Classification\data\flowers-102\jpg\image_01258.jpg,73,test,rose
D:\Flower-Classification\data\flowers-102\jpg\image_01709.jpg,82,test,hibiscus
D:\Flower-Classification\data\flowers-102\jpg\image_02912.jpg,85,val,tree mallow
D:\Flower-Classification\data\flowers-102\jpg\image_02381.jpg,42,test,sword lily
D:\Flower-Classification\data\flowers-102\jpg\image_03285.jpg,7,test,bird of paradise
D:\Flower-Classification\data\flowers-102\jpg\image_02673.jpg,57,test,geranium
D:\Flower-Classification\data\flowers-102\jpg\image_00122.jpg,76,test,passion flower
D:\Flower-Classification\data\flowers-102\jpg\image_02149.jpg,74,test,thorn apple
D:\Flower-Classification\data\flowers-102\jpg\image_05323.jpg,69,val,tree poppy
D:\Flower-Classification\data\flowers-102\jpg\image_04470.jpg,89,test,canna lily
D:\Flower-Classification\data\flowers-102\jpg\image_05368.jpg,21,test,pincushion flower
D:\Flower-Classification\data\flowers-102\jpg\image_00368.jpg,72,test,water lily
D:\Flower-Classification\data\flowers-102\jpg\image_00167.jpg,76,test,passion flower
D:\Flower-Classification\data\flowers-102\jpg\image_02041.jpg,79,test,anthurium
D:\Flower-Classification\data\flowers-102\jpg\image_07056.jpg,66,val,spring crocus
D:\Flower-Classification\data\flowers-102\jpg\image_02720.jpg,57,val,geranium
D:\Flower-Classification\data\flowers-102\jpg\image_04650.jpg,47,test,buttercup
D:\Flower-Classification\data\flowers-102\jpg\image_00824.jpg,80,test,frangipani
D:\Flower-Classification\data\flowers-102\jpg\image_00446.jpg,87,test,cyclamen
D:\Flower-Classification\data\flowers-102\jpg\image_07078.jpg,66,test,spring crocus
D:\Flower-Classification\data\flowers-102\jpg\image_03058.jpg,91,train,bee balm
D:\Flower-Classification\data\flowers-102\jpg\image_05686.jpg,41,test,daffodil
D:\Flower-Classification\data\flowers-102\jpg\image_06854.jpg,26,val,prince of wales feathers
D:\Flower-Classification\data\flowers-102\jpg\image_07020.jpg,38,test,siam tulip
D:\Flower-Classification\data\flowers-102\jpg\image_02290.jpg,40,test,barbeton daisy
D:\Flower-Classification\data\flowers-102\jpg\image_01192.jpg,73,test,rose
D:\Flower-Classification\data\flowers-102\jpg\image_01512.jpg,43,test,poinsettia
D:\Flower-Classification\data\flowers-102\jpg\image_02643.jpg,57,train,geranium
D:\Flower-Classification\data\flowers-102\jpg\image_07461.jpg,93,test,foxglove
D:\Flower-Classification\data\flowers-102\jpg\image_06300.jpg,49,val,common dandelion
D:\Flower-Classification\data\flowers-102\jpg\image_06749.jpg,0,val,pink primrose
D:\Flower-Classification\data\flowers-102\jpg\image_08046.jpg,101,val,blackberry lily
D:\Flower-Classification\data\flowers-102\jpg\image_06136.jpg,63,test,silverbush
D:\Flower-Classification\data\flowers-102\jpg\image_05179.jpg,4,val,english marigold
D:\Flower-Classification\data\flowers-102\jpg\image_05973.jpg,68,test,windflower
D:\Flower-Classification\data\flowers-102\jpg\image_01232.jpg,73,test,rose
D:\Flower-Classification\data\flowers-102\jpg\image_05538.jpg,65,train,osteospermum
D:\Flower-Classification\data\flowers-102\jpg\image_01531.jpg,43,test,poinsettia
D:\Flower-Classification\data\flowers-102\jpg\image_00200.jpg,76,train,passion flower
D:\Flower-Classification\data\flowers-102\jpg\image_05492.jpg,86,test,magnolia
D:\Flower-Classification\data\flowers-102\jpg\image_07782.jpg,97,test,mexican petunia
D:\Flower-Classification\data\flowers-102\jpg\image_04992.jpg,46,test,marigold
D:\Flower-Classification\data\flowers-102\jpg\image_07832.jpg,97,test,mexican petunia
D:\Flower-Classification\data\flowers-102\jpg\image_03530.jpg,29,test,sweet william
D:\Flower-Classification\data\flowers-102\jpg\image_07280.jpg,61,val,japanese anemone
D:\Flower-Classification\data\flowers-102\jpg\image_07633.jpg,95,test,camellia
D:\Flower-Classification\data\flowers-102\jpg\image_01151.jpg,73,test,rose
D:\Flower-Classification\data\flowers-102\jpg\image_02957.jpg,59,test,pink-yellow dahlia?
D:\Flower-Classification\data\flowers-102\jpg\image_06357.jpg,14,train,yellow iris
D:\Flower-Classification\data\flowers-102\jpg\image_05229.jpg,27,test,stemless gentian
D:\Flower-Classification\data\flowers-102\jpg\image_08021.jpg,101,test,blackberry lily
D:\Flower-Classification\data\flowers-102\jpg\image_01480.jpg,50,test,petunia
D:\Flower-Classification\data\flowers-102\jpg\image_03008.jpg,59,test,pink-yellow dahlia?
D:\Flower-Classification\data\flowers-102\jpg\image_05835.jpg,37,test,great masterwort
D:\Flower-Classification\data\flowers-102\jpg\image_02288.jpg,40,test,barbeton daisy
D:\Flower-Classification\data\flowers-102\jpg\image_04834.jpg,90,test,hippeastrum
D:\Flower-Classification\data\flowers-102\jpg\image_04057.jpg,11,val,colt's foot
D:\Flower-Classification\data\flowers-102\jpg\image_00979.jpg,45,val,wallflower
D:\Flower-Classification\data\flowers-102\jpg\image_02252.jpg,40,test,barbeton daisy
D:\Flower-Classification\data\flowers-102\jpg\image_04297.jpg,17,train,peruvian lily
D:\Flower-Classification\data\flowers-102\jpg\image_04465.jpg,89,test,canna lily
D:\Flower-Classification\data\flowers-102\jpg\image_01783.jpg,82,test,hibiscus
D:\Flower-Classification\data\flowers-102\jpg\image_07502.jpg,94,test,bougainvillea
D:\Flower-Classification\data\flowers-102\jpg\image_06801.jpg,20,test,fire lily
D:\Flower-Classification\data\flowers-102\jpg\image_04778.jpg,84,val,desert-rose
D:\Flower-Classification\data\flowers-102\jpg\image_00677.jpg,88,test,watercress
D:\Flower-Classification\data\flowers-102\jpg\image_07314.jpg,93,test,foxglove
D:\Flower-Classification\data\flowers-102\jpg\image_05404.jpg,53,val,sunflower
D:\Flower-Classification\data\flowers-102\jpg\image_06900.jpg,30,test,carnation
D:\Flower-Classification\data\flowers-102\jpg\image_03794.jpg,36,test,cape flower
D:\Flower-Classification\data\flowers-102\jpg\image_05440.jpg,53,test,sunflower
D:\Flower-Classification\data\flowers-102\jpg\image_08121.jpg,56,val,gaura
D:\Flower-Classification\data\flowers-102\jpg\image_02708.jpg,57,test,geranium
D:\Flower-Classification\data\flowers-102\jpg\image_04401.jpg,89,test,canna lily
D:\Flower-Classification\data\flowers-102\jpg\image_05518.jpg,86,test,magnolia
D:\Flower-Classification\data\flowers-102\jpg\image_02823.jpg,55,test,bishop of llandaff
D:\Flower-Classification\data\flowers-102\jpg\image_05092.jpg,1,test,hard-leaved pocket orchid
D:\Flower-Classification\data\flowers-102\jpg\image_04797.jpg,84,train,desert-rose
D:\Flower-Classification\data\flowers-102\jpg\image_00887.jpg,80,test,frangipani
D:\Flower-Classification\data\flowers-102\jpg\image_03006.jpg,59,train,pink-yellow dahlia?
D:\Flower-Classification\data\flowers-102\jpg\image_06330.jpg,49,test,common dandelion
D:\Flower-Classification\data\flowers-102\jpg\image_03704.jpg,52,test,primula
D:\Flower-Classification\data\flowers-102\jpg\image_01750.jpg,82,test,hibiscus
D:\Flower-Classification\data\flowers-102\jpg\image_04144.jpg,28,test,artichoke
D:\Flower-Classification\data\flowers-102\jpg\image_00767.jpg,88,test,watercress
D:\Flower-Classification\data\flowers-102\jpg\image_07233.jpg,6,train,moon orchid
D:\Flower-Classification\data\flowers-102\jpg\image_02491.jpg,75,test,morning glory
D:\Flower-Classification\data\flowers-102\jpg\image_01688.jpg,81,val,clematis
D:\Flower-Classification\data\flowers-102\jpg\image_03122.jpg,10,test,snapdragon
D:\Flower-Classification\data\flowers-102\jpg\image_06838.jpg,23,test,red ginger
D:\Flower-Classification\data\flowers-102\jpg\image_02159.jpg,74,val,thorn apple
D:\Flower-Classification\data\flowers-102\jpg\image_00711.jpg,88,test,watercress
D:\Flower-Classification\data\flowers-102\jpg\image_04521.jpg,70,test,gazania
D:\Flower-Classification\data\flowers-102\jpg\image_02547.jpg,75,test,morning glory
D:\Flower-Classification\data\flowers-102\jpg\image_08086.jpg,34,train,alpine sea holly
D:\Flower-Classification\data\flowers-102\jpg\image_02910.jpg,85,val,tree mallow
D:\Flower-Classification\data\flowers-102\jpg\image_06319.jpg,49,test,common dandelion
D:\Flower-Classification\data\flowers-102\jpg\image_01021.jpg,45,test,wallflower
D:\Flower-Classification\data\flowers-102\jpg\image_05756.jpg,12,test,king protea
D:\Flower-Classification\data\flowers-102\jpg\image_03176.jpg,10,test,snapdragon
D:\Flower-Classification\data\flowers-102\jpg\image_03437.jpg,22,test,fritillary
D:\Flower-Classification\data\flowers-102\jpg\image_00284.jpg,72,test,water lily
D:\Flower-Classification\data\flowers-102\jpg\image_00498.jpg,87,val,cyclamen
D:\Flower-Classification\data\flowers-102\jpg\image_07920.jpg,99,test,blanket flower
D:\Flower-Classification\data\flowers-102\jpg\image_02093.jpg,74,test,thorn apple
D:\Flower-Classification\data\flowers-102\jpg\image_02538.jpg,75,test,morning glory
D:\Flower-Classification\data\flowers-102\jpg\image_03909.jpg,16,test,purple coneflower
D:\Flower-Classification\data\flowers-102\jpg\image_06115.jpg,63,test,silverbush
D:\Flower-Classification\data\flowers-102\jpg\image_00645.jpg,88,test,watercress
D:\Flower-Classification\data\flowers-102\jpg\image_03828.jpg,16,test,purple coneflower
D:\Flower-Classification\data\flowers-102\jpg\image_02091.jpg,74,test,thorn apple
D:\Flower-Classification\data\flowers-102\jpg\image_05579.jpg,65,val,osteospermum
D:\Flower-Classification\data\flowers-102\jpg\image_00891.jpg,80,test,frangipani
D:\Flower-Classification\data\flowers-102\jpg\image_04418.jpg,89,train,canna lily
D:\Flower-Classification\data\flowers-102\jpg\image_07522.jpg,94,test,bougainvillea
D:\Flower-Classification\data\flowers-102\jpg\image_05164.jpg,4,train,english marigold
D:\Flower-Classification\data\flowers-102\jpg\image_06222.jpg,48,test,oxeye daisy
D:\Flower-Classification\data\flowers-102\jpg\image_00981.jpg,45,test,wallflower
D:\Flower-Classification\data\flowers-102\jpg\image_00185.jpg,76,test,passion flower
D:\Flower-Classification\data\flowers-102\jpg\image_07888.jpg,98,test,bromelia
D:\Flower-Classification\data\flowers-102\jpg\image_07962.jpg,100,test,trumpet creeper
D:\Flower-Classification\data\flowers-102\jpg\image_05165.jpg,4,test,english marigold
D:\Flower-Classification\data\flowers-102\jpg\image_07136.jpg,44,train,bolero deep blue
D:\Flower-Classification\data\flowers-102\jpg\image_04511.jpg,70,test,gazania
D:\Flower-Classification\data\flowers-102\jpg\image_06592.jpg,24,train,grape hyacinth
D:\Flower-Classification\data\flowers-102\jpg\image_04575.jpg,39,test,lenten rose
D:\Flower-Classification\data\flowers-102\jpg\image_03572.jpg,71,test,azalea
D:\Flower-Classification\data\flowers-102\jpg\image_04742.jpg,54,test,pelargonium
D:\Flower-Classification\data\flowers-102\jpg\image_05933.jpg,67,test,bearded iris
D:\Flower-Classification\data\flowers-102\jpg\image_07596.jpg,95,test,camellia
D:\Flower-Classification\data\flowers-102\jpg\image_04935.jpg,19,train,giant white arum lily
D:\Flower-Classification\data\flowers-102\jpg\image_04666.jpg,47,test,buttercup
D:\Flower-Classification\data\flowers-102\jpg\image_06424.jpg,8,train,monkshood
D:\Flower-Classification\data\flowers-102\jpg\image_00007.jpg,76,test,passion flower
D:\Flower-Classification\data\flowers-102\jpg\image_06153.jpg,18,test,balloon flower
D:\Flower-Classification\data\flowers-102\jpg\image_03099.jpg,10,test,snapdragon
D:\Flower-Classification\data\flowers-102\jpg\image_03829.jpg,16,test,purple coneflower
D:\Flower-Classification\data\flowers-102\jpg\image_03628.jpg,71,test,azalea
D:\Flower-Classification\data\flowers-102\jpg\image_01940.jpg,77,test,lotus
D:\Flower-Classification\data\flowers-102\jpg\image_01602.jpg,81,train,clematis
D:\Flower-Classification\data\flowers-102\jpg\image_01165.jpg,73,test,rose
D:\Flower-Classification\data\flowers-102\jpg\image_02541.jpg,75,test,morning glory
D:\Flower-Classification\data\flowers-102\jpg\image_03114.jpg,10,train,snapdragon
D:\Flower-Classification\data\flowers-102\jpg\image_01650.jpg,81,test,clematis
D:\Flower-Classification\data\flowers-102\jpg\image_03081.jpg,91,test,bee balm
D:\Flower-Classification\data\flowers-102\jpg\image_04048.jpg,11,test,colt's foot
D:\Flower-Classification\data\flowers-102\jpg\image_02731.jpg,57,test,geranium
D:\Flower-Classification\data\flowers-102\jpg\image_05449.jpg,53,val,sunflower
D:\Flower-Classification\data\flowers-102\jpg\image_04240.jpg,51,test,wild pansy
D:\Flower-Classification\data\flowers-102\jpg\image_04302.jpg,17,test,peruvian lily
D:\Flower-Classification\data\flowers-102\jpg\image_03011.jpg,59,test,pink-yellow dahlia?
D:\Flower-Classification\data\flowers-102\jpg\image_00345.jpg,72,test,water lily
D:\Flower-Classification\data\flowers-102\jpg\image_00471.jpg,87,test,cyclamen
D:\Flower-Classification\data\flowers-102\jpg\image_02188.jpg,74,test,thorn apple
D:\Flower-Classification\data\flowers-102\jpg\image_01097.jpg,45,test,wallflower
D:\Flower-Classification\data\flowers-102\jpg\image_00569.jpg,87,test,cyclamen
D:\Flower-Classification\data\flowers-102\jpg\image_04515.jpg,70,val,gazania
D:\Flower-Classification\data\flowers-102\jpg\image_02567.jpg,83,test,columbine
D:\Flower-Classification\data\flowers-102\jpg\image_04419.jpg,89,test,canna lily
D:\Flower-Classification\data\flowers-102\jpg\image_05011.jpg,46,test,marigold
D:\Flower-Classification\data\flowers-102\jpg\image_00118.jpg,76,train,passion flower
D:\Flower-Classification\data\flowers-102\jpg\image_04577.jpg,39,test,lenten rose
D:\Flower-Classification\data\flowers-102\jpg\image_04896.jpg,90,test,hippeastrum
D:\Flower-Classification\data\flowers-102\jpg\image_05539.jpg,65,test,osteospermum
D:\Flower-Classification\data\flowers-102\jpg\image_00867.jpg,80,test,frangipani
D:\Flower-Classification\data\flowers-102\jpg\image_02400.jpg,42,train,sword lily
D:\Flower-Classification\data\flowers-102\jpg\image_03476.jpg,29,test,sweet william
D:\Flower-Classification\data\flowers-102\jpg\image_06842.jpg,23,train,red ginger
D:\Flower-Classification\data\flowers-102\jpg\image_04725.jpg,54,test,pelargonium
D:\Flower-Classification\data\flowers-102\jpg\image_01394.jpg,50,test,petunia
D:\Flower-Classification\data\flowers-102\jpg\image_07810.jpg,97,test,mexican petunia
D:\Flower-Classification\data\flowers-102\jpg\image_02173.jpg,74,test,thorn apple
D:\Flower-Classification\data\flowers-102\jpg\image_04879.jpg,90,val,hippeastrum
D:\Flower-Classification\data\flowers-102\jpg\image_00341.jpg,72,test,water lily
D:\Flower-Classification\data\flowers-102\jpg\image_04231.jpg,51,test,wild pansy
D:\Flower-Classification\data\flowers-102\jpg\image_07747.jpg,96,test,mallow
D:\Flower-Classification\data\flowers-102\jpg\image_04854.jpg,90,test,hippeastrum
D:\Flower-Classification\data\flowers-102\jpg\image_03754.jpg,36,test,cape flower
D:\Flower-Classification\data\flowers-102\jpg\image_00296.jpg,72,test,water lily
D:\Flower-Classification\data\flowers-102\jpg\image_01567.jpg,43,test,poinsettia
D:\Flower-Classification\data\flowers-102\jpg\image_06282.jpg,60,test,cautleya spicata
D:\Flower-Classification\data\flowers-102\jpg\image_06770.jpg,0,test,pink primrose
D:\Flower-Classification\data\flowers-102\jpg\image_02617.jpg,83,test,columbine
D:\Flower-Classification\data\flowers-102\jpg\image_05396.jpg,21,train,pincushion flower
D:\Flower-Classification\data\flowers-102\jpg\image_06465.jpg,32,val,love in the mist
D:\Flower-Classification\data\flowers-102\jpg\image_02195.jpg,40,test,barbeton daisy
D:\Flower-Classification\data\flowers-102\jpg\image_03237.jpg,64,train,californian poppy
D:\Flower-Classification\data\flowers-102\jpg\image_04909.jpg,19,test,giant white arum lily
D:\Flower-Classification\data\flowers-102\jpg\image_00265.jpg,72,test,water lily
D:\Flower-Classification\data\flowers-102\jpg\image_04417.jpg,89,val,canna lily
D:\Flower-Classification\data\flowers-102\jpg\image_06230.jpg,48,test,oxeye daisy
D:\Flower-Classification\data\flowers-102\jpg\image_01823.jpg,82,test,hibiscus
D:\Flower-Classification\data\flowers-102\jpg\image_05569.jpg,65,test,osteospermum
D:\Flower-Classification\data\flowers-102\jpg\image_00385.jpg,72,test,water lily
D:\Flower-Classification\data\flowers-102\jpg\image_03698.jpg,52,test,primula
D:\Flower-Classification\data\flowers-102\jpg\image_06156.jpg,18,val,balloon flower
D:\Flower-Classification\data\flowers-102\jpg\image_01160.jpg,73,test,rose
D:\Flower-Classification\data\flowers-102\jpg\image_03338.jpg,7,test,bird of paradise
D:\Flower-Classification\data\flowers-102\jpg\image_05227.jpg,27,test,stemless gentian
D:\Flower-Classification\data\flowers-102\jpg\image_00762.jpg,88,test,watercress
D:\Flower-Classification\data\flowers-102\jpg\image_02119.jpg,74,test,thorn apple
D:\Flower-Classification\data\flowers-102\jpg\image_04701.jpg,54,test,pelargonium
D:\Flower-Classification\data\flowers-102\jpg\image_01032.jpg,45,test,wallflower
D:\Flower-Classification\data\flowers-102\jpg\image_02143.jpg,74,test,thorn apple
D:\Flower-Classification\data\flowers-102\jpg\image_05225.jpg,27,test,stemless gentian
D:\Flower-Classification\data\flowers-102\jpg\image_07271.jpg,61,test,japanese anemone
D:\Flower-Classification\data\flowers-102\jpg\image_07755.jpg,97,test,mexican petunia
D:\Flower-Classification\data\flowers-102\jpg\image_01547.jpg,43,test,poinsettia
D:\Flower-Classification\data\flowers-102\jpg\image_00011.jpg,76,test,passion flower
D:\Flower-Classification\data\flowers-102\jpg\image_06674.jpg,15,train,globe-flower
D:\Flower-Classification\data\flowers-102\jpg\image_04375.jpg,35,test,ruby-lipped cattleya
D:\Flower-Classification\data\flowers-102\jpg\image_06665.jpg,15,test,globe-flower
D:\Flower-Classification\data\flowers-102\jpg\image_03404.jpg,22,train,fritillary
D:\Flower-Classification\data\flowers-102\jpg\image_04669.jpg,47,test,buttercup
D:\Flower-Classification\data\flowers-102\jpg\image_05330.jpg,69,train,tree poppy
D:\Flower-Classification\data\flowers-102\jpg\image_04561.jpg,39,test,lenten rose
D:\Flower-Classification\data\flowers-102\jpg\image_05212.jpg,27,test,stemless gentian
D:\Flower-Classification\data\flowers-102\jpg\image_03777.jpg,36,test,cape flower
D:\Flower-Classification\data\flowers-102\jpg\image_03524.jpg,29,val,sweet william
D:\Flower-Classification\data\flowers-102\jpg\image_01163.jpg,73,test,rose
D:\Flower-Classification\data\flowers-102\jpg\image_03882.jpg,16,test,purple coneflower
D:\Flower-Classification\data\flowers-102\jpg\image_02244.jpg,40,test,barbeton daisy
D:\Flower-Classification\data\flowers-102\jpg\image_08067.jpg,30,test,carnation
D:\Flower-Classification\data\flowers-102\jpg\image_07936.jpg,99,test,blanket flower
D:\Flower-Classification\data\flowers-102\jpg\image_03554.jpg,71,test,azalea
D:\Flower-Classification\data\flowers-102\jpg\image_07170.jpg,5,test,tiger lily
D:\Flower-Classification\data\flowers-102\jpg\image_01291.jpg,73,test,rose
D:\Flower-Classification\data\flowers-102\jpg\image_01785.jpg,82,train,hibiscus
D:\Flower-Classification\data\flowers-102\jpg\image_00066.jpg,76,test,passion flower
D:\Flower-Classification\data\flowers-102\jpg\image_03358.jpg,7,test,bird of paradise
D:\Flower-Classification\data\flowers-102\jpg\image_05929.jpg,67,test,bearded iris
D:\Flower-Classification\data\flowers-102\jpg\image_01338.jpg,50,test,petunia
D:\Flower-Classification\data\flowers-102\jpg\image_07412.jpg,93,test,foxglove
D:\Flower-Classification\data\flowers-102\jpg\image_02471.jpg,75,train,morning glory
D:\Flower-Classification\data\flowers-102\jpg\image_06469.jpg,32,val,love in the mist
D:\Flower-Classification\data\flowers-102\jpg\image_00545.jpg,87,test,cyclamen
D:\Flower-Classification\data\flowers-102\jpg\image_00224.jpg,76,test,passion flower
D:\Flower-Classification\data\flowers-102\jpg\image_08055.jpg,90,test,hippeastrum
D:\Flower-Classification\data\flowers-102\jpg\image_07195.jpg,5,train,tiger lily
D:\Flower-Classification\data\flowers-102\jpg\image_02895.jpg,85,test,tree mallow
D:\Flower-Classification\data\flowers-102\jpg\image_05532.jpg,65,test,osteospermum
D:\Flower-Classification\data\flowers-102\jpg\image_00634.jpg,88,test,watercress
D:\Flower-Classification\data\flowers-102\jpg\image_06731.jpg,78,val,toad lily
D:\Flower-Classification\data\flowers-102\jpg\image_02430.jpg,42,test,sword lily
D:\Flower-Classification\data\flowers-102\jpg\image_04616.jpg,39,val,lenten rose
D:\Flower-Classification\data\flowers-102\jpg\image_06452.jpg,32,test,love in the mist
D:\Flower-Classification\data\flowers-102\jpg\image_00365.jpg,72,test,water lily
D:\Flower-Classification\data\flowers-102\jpg\image_00793.jpg,80,test,frangipani
D:\Flower-Classification\data\flowers-102\jpg\image_01591.jpg,81,test,clematis
D:\Flower-Classification\data\flowers-102\jpg\image_05546.jpg,65,test,osteospermum
D:\Flower-Classification\data\flowers-102\jpg\image_01367.jpg,50,test,petunia
D:\Flower-Classification\data\flowers-102\jpg\image_02665.jpg,57,test,geranium
D:\Flower-Classification\data\flowers-102\jpg\image_00178.jpg,76,test,passion flower
D:\Flower-Classification\data\flowers-102\jpg\image_01126.jpg,45,train,wallflower
D:\Flower-Classification\data\flowers-102\jpg\image_05443.jpg,53,train,sunflower
D:\Flower-Classification\data\flowers-102\jpg\image_06412.jpg,8,test,monkshood
D:\Flower-Classification\data\flowers-102\jpg\image_06950.jpg,33,train,mexican aster
D:\Flower-Classification\data\flowers-102\jpg\image_07048.jpg,66,test,spring crocus
D:\Flower-Classification\data\flowers-102\jpg\image_01704.jpg,82,test,hibiscus
D:\Flower-Classification\data\flowers-102\jpg\image_06187.jpg,18,test,balloon flower
D:\Flower-Classification\data\flowers-102\jpg\image_07429.jpg,93,test,foxglove
D:\Flower-Classification\data\flowers-102\jpg\image_08053.jpg,23,test,red ginger
D:\Flower-Classification\data\flowers-102\jpg\image_03355.jpg,7,test,bird of paradise
D:\Flower-Classification\data\flowers-102\jpg\image_07897.jpg,99,test,blanket flower
D:\Flower-Classification\data\flowers-102\jpg\image_08040.jpg,101,test,blackberry lily
D:\Flower-Classification\data\flowers-102\jpg\image_04975.jpg,46,train,marigold
D:\Flower-Classification\data\flowers-102\jpg\image_07938.jpg,99,test,blanket flower
D:\Flower-Classification\data\flowers-102\jpg\image_00079.jpg,76,train,passion flower
D:\Flower-Classification\data\flowers-102\jpg\image_03197.jpg,64,test,californian poppy
D:\Flower-Classification\data\flowers-102\jpg\image_05383.jpg,21,test,pincushion flower
D:\Flower-Classification\data\flowers-102\jpg\image_00212.jpg,76,val,passion flower
D:\Flower-Classification\data\flowers-102\jpg\image_07459.jpg,93,test,foxglove
D:\Flower-Classification\data\flowers-102\jpg\image_01489.jpg,50,test,petunia
D:\Flower-Classification\data\flowers-102\jpg\image_01919.jpg,77,test,lotus
D:\Flower-Classification\data\flowers-102\jpg\image_05632.jpg,3,test,sweet pea
D:\Flower-Classification\data\flowers-102\jpg\image_02919.jpg,85,test,tree mallow
D:\Flower-Classification\data\flowers-102\jpg\image_00004.jpg,76,test,passion flower
D:\Flower-Classification\data\flowers-102\jpg\image_01314.jpg,50,val,petunia
D:\Flower-Classification\data\flowers-102\jpg\image_01694.jpg,81,test,clematis
D:\Flower-Classification\data\flowers-102\jpg\image_07848.jpg,98,test,bromelia
D:\Flower-Classification\data\flowers-102\jpg\image_06772.jpg,0,test,pink primrose
D:\Flower-Classification\data\flowers-102\jpg\image_02975.jpg,59,test,pink-yellow dahlia?
D:\Flower-Classification\data\flowers-102\jpg\image_01923.jpg,77,train,lotus
D:\Flower-Classification\data\flowers-102\jpg\image_07345.jpg,93,test,foxglove
D:\Flower-Classification\data\flowers-102\jpg\image_07228.jpg,6,val,moon orchid
D:\Flower-Classification\data\flowers-102\jpg\image_01459.jpg,50,val,petunia
D:\Flower-Classification\data\flowers-102\jpg\image_04180.jpg,51,test,wild pansy
D:\Flower-Classification\data\flowers-102\jpg\image_03416.jpg,22,test,fritillary
D:\Flower-Classification\data\flowers-102\jpg\image_01405.jpg,50,test,petunia
D:\Flower-Classification\data\flowers-102\jpg\image_01738.jpg,82,test,hibiscus
D:\Flower-Classification\data\flowers-102\jpg\image_07184.jpg,5,val,tiger lily
D:\Flower-Classification\data\flowers-102\jpg\image_00169.jpg,76,val,passion flower
D:\Flower-Classification\data\flowers-102\jpg\image_00828.jpg,80,test,frangipani
D:\Flower-Classification\data\flowers-102\jpg\image_07186.jpg,5,test,tiger lily
D:\Flower-Classification\data\flowers-102\jpg\image_04074.jpg,11,test,colt's foot
D:\Flower-Classification\data\flowers-102\jpg\image_07414.jpg,93,test,foxglove
D:\Flower-Classification\data\flowers-102\jpg\image_05132.jpg,1,val,hard-leaved pocket orchid
D:\Flower-Classification\data\flowers-102\jpg\image_04546.jpg,70,test,gazania
D:\Flower-Classification\data\flowers-102\jpg\image_00282.jpg,72,test,water lily
D:\Flower-Classification\data\flowers-102\jpg\image_02666.jpg,57,test,geranium
D:\Flower-Classification\data\flowers-102\jpg\image_08063.jpg,98,train,bromelia
D:\Flower-Classification\data\flowers-102\jpg\image_02948.jpg,59,test,pink-yellow dahlia?
D:\Flower-Classification\data\flowers-102\jpg\image_04076.jpg,11,val,colt's foot
D:\Flower-Classification\data\flowers-102\jpg\image_03529.jpg,29,test,sweet william
D:\Flower-Classification\data\flowers-102\jpg\image_01136.jpg,45,test,wallflower
D:\Flower-Classification\data\flowers-102\jpg\image_02557.jpg,83,test,columbine
D:\Flower-Classification\data\flowers-102\jpg\image_04873.jpg,90,test,hippeastrum
D:\Flower-Classification\data\flowers-102\jpg\image_04590.jpg,39,test,lenten rose
D:\Flower-Classification\data\flowers-102\jpg\image_02065.jpg,79,test,anthurium
D:\Flower-Classification\data\flowers-102\jpg\image_02221.jpg,40,test,barbeton daisy
D:\Flower-Classification\data\flowers-102\jpg\image_05306.jpg,69,train,tree poppy
D:\Flower-Classification\data\flowers-102\jpg\image_03840.jpg,16,test,purple coneflower
D:\Flower-Classification\data\flowers-102\jpg\image_06181.jpg,18,train,balloon flower
D:\Flower-Classification\data\flowers-102\jpg\image_05562.jpg,65,test,osteospermum
D:\Flower-Classification\data\flowers-102\jpg\image_01528.jpg,43,train,poinsettia
D:\Flower-Classification\data\flowers-102\jpg\image_07632.jpg,95,test,camellia
D:\Flower-Classification\data\flowers-102\jpg\image_03095.jpg,10,test,snapdragon
D:\Flower-Classification\data\flowers-102\jpg\image_04174.jpg,51,test,wild pansy
D:\Flower-Classification\data\flowers-102\jpg\image_06376.jpg,14,val,yellow iris
D:\Flower-Classification\data\flowers-102\jpg\image_04287.jpg,17,train,peruvian lily
D:\Flower-Classification\data\flowers-102\jpg\image_01811.jpg,82,test,hibiscus
D:\Flower-Classification\data\flowers-102\jpg\image_05313.jpg,69,test,tree poppy
D:\Flower-Classification\data\flowers-102\jpg\image_07864.jpg,98,test,bromelia
D:\Flower-Classification\data\flowers-102\jpg\image_03194.jpg,64,val,californian poppy
D:\Flower-Classification\data\flowers-102\jpg\image_05471.jpg,86,test,magnolia
D:\Flower-Classification\data\flowers-102\jpg\image_01615.jpg,81,test,clematis
D:\Flower-Classification\data\flowers-102\jpg\image_02294.jpg,40,test,barbeton daisy
D:\Flower-Classification\data\flowers-102\jpg\image_07065.jpg,66,train,spring crocus
D:\Flower-Classification\data\flowers-102\jpg\image_00919.jpg,80,test,frangipani
D:\Flower-Classification\data\flowers-102\jpg\image_03623.jpg,71,test,azalea
D:\Flower-Classification\data\flowers-102\jpg\image_07867.jpg,98,test,bromelia
D:\Flower-Classification\data\flowers-102\jpg\image_03264.jpg,64,test,californian poppy
D:\Flower-Classification\data\flowers-102\jpg\image_01413.jpg,50,val,petunia
D:\Flower-Classification\data\flowers-102\jpg\image_04865.jpg,90,test,hippeastrum
D:\Flower-Classification\data\flowers-102\jpg\image_00863.jpg,80,test,frangipani
D:\Flower-Classification\data\flowers-102\jpg\image_07000.jpg,34,train,alpine sea holly
D:\Flower-Classification\data\flowers-102\jpg\image_05749.jpg,12,test,king protea
D:\Flower-Classification\data\flowers-102\jpg\image_07463.jpg,93,test,foxglove
D:\Flower-Classification\data\flowers-102\jpg\image_03105.jpg,10,test,snapdragon
D:\Flower-Classification\data\flowers-102\jpg\image_07003.jpg,34,val,alpine sea holly
D:\Flower-Classification\data\flowers-102\jpg\image_03904.jpg,16,test,purple coneflower
D:\Flower-Classification\data\flowers-102\jpg\image_03499.jpg,29,test,sweet william
D:\Flower-Classification\data\flowers-102\jpg\image_07894.jpg,99,test,blanket flower
D:\Flower-Classification\data\flowers-102\jpg\image_00509.jpg,87,test,cyclamen
D:\Flower-Classification\data\flowers-102\jpg\image_01839.jpg,77,test,lotus
D:\Flower-Classification\data\flowers-102\jpg\image_07230.jpg,6,val,moon orchid
D:\Flower-Classification\data\flowers-102\jpg\image_05231.jpg,27,test,stemless gentian
D:\Flower-Classification\data\flowers-102\jpg\image_03967.jpg,50,train,petunia
D:\Flower-Classification\data\flowers-102\jpg\image_00932.jpg,80,test,frangipani
D:\Flower-Classification\data\flowers-102\jpg\image_00935.jpg,80,test,frangipani
D:\Flower-Classification\data\flowers-102\jpg\image_07934.jpg,99,train,blanket flower
D:\Flower-Classification\data\flowers-102\jpg\image_04737.jpg,54,test,pelargonium
D:\Flower-Classification\data\flowers-102\jpg\image_05831.jpg,37,test,great masterwort
D:\Flower-Classification\data\flowers-102\jpg\image_04114.jpg,28,test,artichoke
D:\Flower-Classification\data\flowers-102\jpg\image_04315.jpg,17,test,peruvian lily
D:\Flower-Classification\data\flowers-102\jpg\image_02240.jpg,40,test,barbeton daisy
D:\Flower-Classification\data\flowers-102\jpg\image_05745.jpg,12,test,king protea
D:\Flower-Classification\data\flowers-102\jpg\image_06495.jpg,25,test,corn poppy
D:\Flower-Classification\data\flowers-102\jpg\image_02215.jpg,40,val,barbeton daisy
D:\Flower-Classification\data\flowers-102\jpg\image_01566.jpg,43,train,poinsettia
D:\Flower-Classification\data\flowers-102\jpg\image_00943.jpg,80,test,frangipani
D:\Flower-Classification\data\flowers-102\jpg\image_05757.jpg,12,val,king protea
D:\Flower-Classification\data\flowers-102\jpg\image_05572.jpg,65,test,osteospermum
D:\Flower-Classification\data\flowers-102\jpg\image_07756.jpg,97,test,mexican petunia
D:\Flower-Classification\data\flowers-102\jpg\image_04826.jpg,84,test,desert-rose
D:\Flower-Classification\data\flowers-102\jpg\image_02777.jpg,55,test,bishop of llandaff
D:\Flower-Classification\data\flowers-102\jpg\image_06803.jpg,20,train,fire lily
D:\Flower-Classification\data\flowers-102\jpg\image_02974.jpg,59,test,pink-yellow dahlia?
D:\Flower-Classification\data\flowers-102\jpg\image_07529.jpg,94,test,bougainvillea
D:\Flower-Classification\data\flowers-102\jpg\image_02961.jpg,59,test,pink-yellow dahlia?
D:\Flower-Classification\data\flowers-102\jpg\image_05498.jpg,86,train,magnolia
D:\Flower-Classification\data\flowers-102\jpg\image_03810.jpg,36,test,cape flower
D:\Flower-Classification\data\flowers-102\jpg\image_04238.jpg,51,train,wild pansy
D:\Flower-Classification\data\flowers-102\jpg\image_04066.jpg,11,train,colt's foot
D:\Flower-Classification\data\flowers-102\jpg\image_04942.jpg,19,test,giant white arum lily
D:\Flower-Classification\data\flowers-102\jpg\image_01939.jpg,77,test,lotus
D:\Flower-Classification\data\flowers-102\jpg\image_01891.jpg,77,test,lotus
D:\Flower-Classification\data\flowers-102\jpg\image_00653.jpg,88,test,watercress
D:\Flower-Classification\data\flowers-102\jpg\image_08092.jpg,9,train,globe thistle
D:\Flower-Classification\data\flowers-102\jpg\image_02921.jpg,59,test,pink-yellow dahlia?
D:\Flower-Classification\data\flowers-102\jpg\image_05477.jpg,86,test,magnolia
D:\Flower-Classification\data\flowers-102\jpg\image_02900.jpg,85,test,tree mallow
D:\Flower-Classification\data\flowers-102\jpg\image_04029.jpg,11,test,colt's foot
D:\Flower-Classification\data\flowers-102\jpg\image_07523.jpg,94,val,bougainvillea
D:\Flower-Classification\data\flowers-102\jpg\image_03065.jpg,91,val,bee balm
D:\Flower-Classification\data\flowers-102\jpg\image_05871.jpg,62,test,black-eyed susan
D:\Flower-Classification\data\flowers-102\jpg\image_05451.jpg,53,test,sunflower
D:\Flower-Classification\data\flowers-102\jpg\image_02779.jpg,55,train,bishop of llandaff
D:\Flower-Classification\data\flowers-102\jpg\image_07165.jpg,5,train,tiger lily
D:\Flower-Classification\data\flowers-102\jpg\image_00484.jpg,87,test,cyclamen
D:\Flower-Classification\data\flowers-102\jpg\image_02003.jpg,79,train,anthurium
D:\Flower-Classification\data\flowers-102\jpg\image_00028.jpg,76,train,passion flower
D:\Flower-Classification\data\flowers-102\jpg\image_02701.jpg,57,test,geranium
D:\Flower-Classification\data\flowers-102\jpg\image_02214.jpg,40,test,barbeton daisy
D:\Flower-Classification\data\flowers-102\jpg\image_04607.jpg,39,test,lenten rose
D:\Flower-Classification\data\flowers-102\jpg\image_06032.jpg,92,test,ball moss
D:\Flower-Classification\data\flowers-102\jpg\image_06992.jpg,34,test,alpine sea holly
D:\Flower-Classification\data\flowers-102\jpg\image_02535.jpg,75,test,morning glory
D:\Flower-Classification\data\flowers-102\jpg\image_00702.jpg,88,test,watercress
D:\Flower-Classification\data\flowers-102\jpg\image_03045.jpg,91,test,bee balm
D:\Flower-Classification\data\flowers-102\jpg\image_08091.jpg,9,test,globe thistle
D:\Flower-Classification\data\flowers-102\jpg\image_03013.jpg,59,val,pink-yellow dahlia?
D:\Flower-Classification\data\flowers-102\jpg\image_04489.jpg,70,val,gazania
D:\Flower-Classification\data\flowers-102\jpg\image_06436.jpg,8,val,monkshood
D:\Flower-Classification\data\flowers-102\jpg\image_06677.jpg,15,test,globe-flower
D:\Flower-Classification\data\flowers-102\jpg\image_04599.jpg,39,test,lenten rose
D:\Flower-Classification\data\flowers-102\jpg\image_07451.jpg,93,test,foxglove
D:\Flower-Classification\data\flowers-102\jpg\image_08168.jpg,61,test,japanese anemone
D:\Flower-Classification\data\flowers-102\jpg\image_07238.jpg,56,test,gaura
D:\Flower-Classification\data\flowers-102\jpg\image_00912.jpg,80,train,frangipani
D:\Flower-Classification\data\flowers-102\jpg\image_06290.jpg,60,test,cautleya spicata
D:\Flower-Classification\data\flowers-102\jpg\image_00346.jpg,72,test,water lily
D:\Flower-Classification\data\flowers-102\jpg\image_03233.jpg,64,test,californian poppy
D:\Flower-Classification\data\flowers-102\jpg\image_00362.jpg,72,test,water lily
D:\Flower-Classification\data\flowers-102\jpg\image_02189.jpg,40,test,barbeton daisy
D:\Flower-Classification\data\flowers-102\jpg\image_02936.jpg,59,test,pink-yellow dahlia?
D:\Flower-Classification\data\flowers-102\jpg\image_03609.jpg,71,train,azalea
D:\Flower-Classification\data\flowers-102\jpg\image_02744.jpg,57,test,geranium
D:\Flower-Classification\data\flowers-102\jpg\image_03795.jpg,36,test,cape flower
D:\Flower-Classification\data\flowers-102\jpg\image_02046.jpg,79,test,anthurium
D:\Flower-Classification\data\flowers-102\jpg\image_06505.jpg,25,val,corn poppy
D:\Flower-Classification\data\flowers-102\jpg\image_04324.jpg,17,test,peruvian lily
D:\Flower-Classification\data\flowers-102\jpg\image_00914.jpg,80,test,frangipani
D:\Flower-Classification\data\flowers-102\jpg\image_01538.jpg,43,test,poinsettia
D:\Flower-Classification\data\flowers-102\jpg\image_07559.jpg,94,test,bougainvillea
D:\Flower-Classification\data\flowers-102\jpg\image_01702.jpg,82,test,hibiscus
D:\Flower-Classification\data\flowers-102\jpg\image_00020.jpg,76,test,passion flower
D:\Flower-Classification\data\flowers-102\jpg\image_04668.jpg,47,test,buttercup
D:\Flower-Classification\data\flowers-102\jpg\image_05317.jpg,69,val,tree poppy
D:\Flower-Classification\data\flowers-102\jpg\image_05441.jpg,53,val,sunflower
D:\Flower-Classification\data\flowers-102\jpg\image_04370.jpg,35,test,ruby-lipped cattleya
D:\Flower-Classification\data\flowers-102\jpg\image_08098.jpg,44,test,bolero deep blue
D:\Flower-Classification\data\flowers-102\jpg\image_03000.jpg,59,val,pink-yellow dahlia?
D:\Flower-Classification\data\flowers-102\jpg\image_04140.jpg,28,test,artichoke
D:\Flower-Classification\data\flowers-102\jpg\image_08155.jpg,61,test,japanese anemone
D:\Flower-Classification\data\flowers-102\jpg\image_03826.jpg,36,test,cape flower
D:\Flower-Classification\data\flowers-102\jpg\image_00101.jpg,76,test,passion flower
D:\Flower-Classification\data\flowers-102\jpg\image_04344.jpg,35,test,ruby-lipped cattleya
D:\Flower-Classification\data\flowers-102\jpg\image_04490.jpg,70,val,gazania
D:\Flower-Classification\data\flowers-102\jpg\image_02542.jpg,75,test,morning glory
D:\Flower-Classification\data\flowers-102\jpg\image_04889.jpg,90,test,hippeastrum
D:\Flower-Classification\data\flowers-102\jpg\image_07641.jpg,95,test,camellia
D:\Flower-Classification\data\flowers-102\jpg\image_01139.jpg,45,test,wallflower
D:\Flower-Classification\data\flowers-102\jpg\image_06660.jpg,15,train,globe-flower
D:\Flower-Classification\data\flowers-102\jpg\image_07034.jpg,38,test,siam tulip
D:\Flower-Classification\data\flowers-102\jpg\image_01597.jpg,81,test,clematis
D:\Flower-Classification\data\flowers-102\jpg\image_00631.jpg,88,test,watercress
D:\Flower-Classification\data\flowers-102\jpg\image_05511.jpg,86,val,magnolia
D:\Flower-Classification\data\flowers-102\jpg\image_02365.jpg,42,test,sword lily
D:\Flower-Classification\data\flowers-102\jpg\image_00403.jpg,72,test,water lily
D:\Flower-Classification\data\flowers-102\jpg\image_00584.jpg,87,test,cyclamen
D:\Flower-Classification\data\flowers-102\jpg\image_05137.jpg,1,train,hard-leaved pocket orchid
D:\Flower-Classification\data\flowers-102\jpg\image_02460.jpg,75,test,morning glory
D:\Flower-Classification\data\flowers-102\jpg\image_05289.jpg,69,train,tree poppy
D:\Flower-Classification\data\flowers-102\jpg\image_01093.jpg,45,test,wallflower
D:\Flower-Classification\data\flowers-102\jpg\image_01304.jpg,73,train,rose
D:\Flower-Classification\data\flowers-102\jpg\image_05470.jpg,86,test,magnolia
D:\Flower-Classification\data\flowers-102\jpg\image_05502.jpg,86,test,magnolia
D:\Flower-Classification\data\flowers-102\jpg\image_00624.jpg,88,test,watercress
D:\Flower-Classification\data\flowers-102\jpg\image_04649.jpg,47,test,buttercup
D:\Flower-Classification\data\flowers-102\jpg\image_04744.jpg,54,test,pelargonium
D:\Flower-Classification\data\flowers-102\jpg\image_06916.jpg,30,test,carnation
D:\Flower-Classification\data\flowers-102\jpg\image_00092.jpg,76,test,passion flower
D:\Flower-Classification\data\flowers-102\jpg\image_00221.jpg,76,test,passion flower
D:\Flower-Classification\data\flowers-102\jpg\image_07149.jpg,44,test,bolero deep blue
D:\Flower-Classification\data\flowers-102\jpg\image_06066.jpg,13,train,spear thistle
D:\Flower-Classification\data\flowers-102\jpg\image_06427.jpg,8,val,monkshood
D:\Flower-Classification\data\flowers-102\jpg\image_06091.jpg,13,test,spear thistle
D:\Flower-Classification\data\flowers-102\jpg\image_02219.jpg,40,test,barbeton daisy
D:\Flower-Classification\data\flowers-102\jpg\image_03353.jpg,7,test,bird of paradise
D:\Flower-Classification\data\flowers-102\jpg\image_02662.jpg,57,test,geranium
D:\Flower-Classification\data\flowers-102\jpg\image_00530.jpg,87,test,cyclamen
D:\Flower-Classification\data\flowers-102\jpg\image_03219.jpg,64,val,californian poppy
D:\Flower-Classification\data\flowers-102\jpg\image_05084.jpg,58,val,orange dahlia
D:\Flower-Classification\data\flowers-102\jpg\image_07561.jpg,94,test,bougainvillea
D:\Flower-Classification\data\flowers-102\jpg\image_05461.jpg,86,train,magnolia
D:\Flower-Classification\data\flowers-102\jpg\image_04477.jpg,89,test,canna lily
D:\Flower-Classification\data\flowers-102\jpg\image_02338.jpg,42,test,sword lily
D:\Flower-Classification\data\flowers-102\jpg\image_00714.jpg,88,test,watercress
D:\Flower-Classification\data\flowers-102\jpg\image_02544.jpg,75,test,morning glory
D:\Flower-Classification\data\flowers-102\jpg\image_07776.jpg,97,test,mexican petunia
D:\Flower-Classification\data\flowers-102\jpg\image_06939.jpg,33,val,mexican aster
D:\Flower-Classification\data\flowers-102\jpg\image_02826.jpg,55,test,bishop of llandaff
D:\Flower-Classification\data\flowers-102\jpg\image_01622.jpg,81,test,clematis
D:\Flower-Classification\data\flowers-102\jpg\image_04781.jpg,84,test,desert-rose
D:\Flower-Classification\data\flowers-102\jpg\image_03448.jpg,22,val,fritillary
D:\Flower-Classification\data\flowers-102\jpg\image_05955.jpg,67,test,bearded iris
D:\Flower-Classification\data\flowers-102\jpg\image_07450.jpg,93,test,foxglove
D:\Flower-Classification\data\flowers-102\jpg\image_04915.jpg,19,test,giant white arum lily
D:\Flower-Classification\data\flowers-102\jpg\image_03073.jpg,91,test,bee balm
D:\Flower-Classification\data\flowers-102\jpg\image_01374.jpg,50,test,petunia
D:\Flower-Classification\data\flowers-102\jpg\image_06619.jpg,2,test,canterbury bells
D:\Flower-Classification\data\flowers-102\jpg\image_05318.jpg,69,test,tree poppy
D:\Flower-Classification\data\flowers-102\jpg\image_03667.jpg,52,train,primula
D:\Flower-Classification\data\flowers-102\jpg\image_06551.jpg,49,test,common dandelion
D:\Flower-Classification\data\flowers-102\jpg\image_04718.jpg,54,test,pelargonium
D:\Flower-Classification\data\flowers-102\jpg\image_06422.jpg,8,test,monkshood
D:\Flower-Classification\data\flowers-102\jpg\image_02444.jpg,42,test,sword lily
D:\Flower-Classification\data\flowers-102\jpg\image_03072.jpg,91,train,bee balm
D:\Flower-Classification\data\flowers-102\jpg\image_05934.jpg,67,val,bearded iris
D:\Flower-Classification\data\flowers-102\jpg\image_07644.jpg,95,val,camellia
D:\Flower-Classification\data\flowers-102\jpg\image_02026.jpg,79,test,anthurium
D:\Flower-Classification\data\flowers-102\jpg\image_00247.jpg,76,test,passion flower
D:\Flower-Classification\data\flowers-102\jpg\image_07121.jpg,9,test,globe thistle
D:\Flower-Classification\data\flowers-102\jpg\image_06584.jpg,24,val,grape hyacinth
D:\Flower-Classification\data\flowers-102\jpg\image_05291.jpg,69,val,tree poppy
D:\Flower-Classification\data\flowers-102\jpg\image_04265.jpg,17,test,peruvian lily
D:\Flower-Classification\data\flowers-102\jpg\image_07628.jpg,95,train,camellia
D:\Flower-Classification\data\flowers-102\jpg\image_05783.jpg,12,train,king protea
D:\Flower-Classification\data\flowers-102\jpg\image_01248.jpg,73,test,rose
D:\Flower-Classification\data\flowers-102\jpg\image_06787.jpg,20,test,fire lily
D:\Flower-Classification\data\flowers-102\jpg\image_03025.jpg,59,val,pink-yellow dahlia?
D:\Flower-Classification\data\flowers-102\jpg\image_03295.jpg,7,val,bird of paradise
D:\Flower-Classification\data\flowers-102\jpg\image_02216.jpg,40,test,barbeton daisy
D:\Flower-Classification\data\flowers-102\jpg\image_00967.jpg,45,test,wallflower
D:\Flower-Classification\data\flowers-102\jpg\image_01837.jpg,77,test,lotus
D:\Flower-Classification\data\flowers-102\jpg\image_01997.jpg,79,train,anthurium
D:\Flower-Classification\data\flowers-102\jpg\image_06544.jpg,49,test,common dandelion
D:\Flower-Classification\data\flowers-102\jpg\image_01437.jpg,50,test,petunia
D:\Flower-Classification\data\flowers-102\jpg\image_07798.jpg,97,test,mexican petunia
D:\Flower-Classification\data\flowers-102\jpg\image_03094.jpg,91,val,bee balm
D:\Flower-Classification\data\flowers-102\jpg\image_03255.jpg,64,test,californian poppy
D:\Flower-Classification\data\flowers-102\jpg\image_04983.jpg,46,test,marigold
D:\Flower-Classification\data\flowers-102\jpg\image_05771.jpg,12,test,king protea
D:\Flower-Classification\data\flowers-102\jpg\image_05083.jpg,58,train,orange dahlia
D:\Flower-Classification\data\flowers-102\jpg\image_01496.jpg,43,test,poinsettia
D:\Flower-Classification\data\flowers-102\jpg\image_03614.jpg,71,test,azalea
D:\Flower-Classification\data\flowers-102\jpg\image_06788.jpg,20,train,fire lily
D:\Flower-Classification\data\flowers-102\jpg\image_05163.jpg,4,test,english marigold
D:\Flower-Classification\data\flowers-102\jpg\image_01868.jpg,77,test,lotus
D:\Flower-Classification\data\flowers-102\jpg\image_05679.jpg,3,test,sweet pea
D:\Flower-Classification\data\flowers-102\jpg\image_05220.jpg,27,test,stemless gentian
D:\Flower-Classification\data\flowers-102\jpg\image_02526.jpg,75,test,morning glory
D:\Flower-Classification\data\flowers-102\jpg\image_03780.jpg,36,val,cape flower
D:\Flower-Classification\data\flowers-102\jpg\image_05906.jpg,67,train,bearded iris
D:\Flower-Classification\data\flowers-102\jpg\image_05877.jpg,62,test,black-eyed susan
D:\Flower-Classification\data\flowers-102\jpg\image_02224.jpg,40,test,barbeton daisy
D:\Flower-Classification\data\flowers-102\jpg\image_08150.jpg,56,test,gaura
D:\Flower-Classification\data\flowers-102\jpg\image_04859.jpg,90,test,hippeastrum
D:\Flower-Classification\data\flowers-102\jpg\image_05061.jpg,58,test,orange dahlia
D:\Flower-Classification\data\flowers-102\jpg\image_00344.jpg,72,test,water lily
D:\Flower-Classification\data\flowers-102\jpg\image_04997.jpg,46,test,marigold
D:\Flower-Classification\data\flowers-102\jpg\image_01441.jpg,50,test,petunia
D:\Flower-Classification\data\flowers-102\jpg\image_08152.jpg,61,test,japanese anemone
D:\Flower-Classification\data\flowers-102\jpg\image_04665.jpg,47,test,buttercup
D:\Flower-Classification\data\flowers-102\jpg\image_03419.jpg,22,test,fritillary
D:\Flower-Classification\data\flowers-102\jpg\image_06821.jpg,23,test,red ginger
D:\Flower-Classification\data\flowers-102\jpg\image_03962.jpg,50,test,petunia
D:\Flower-Classification\data\flowers-102\jpg\image_06885.jpg,26,train,prince of wales feathers
D:\Flower-Classification\data\flowers-102\jpg\image_01010.jpg,45,val,wallflower
D:\Flower-Classification\data\flowers-102\jpg\image_06142.jpg,63,train,silverbush
D:\Flower-Classification\data\flowers-102\jpg\image_00047.jpg,76,test,passion flower
D:\Flower-Classification\data\flowers-102\jpg\image_04789.jpg,84,val,desert-rose
D:\Flower-Classification\data\flowers-102\jpg\image_04128.jpg,28,val,artichoke
D:\Flower-Classification\data\flowers-102\jpg\image_07145.jpg,44,test,bolero deep blue
D:\Flower-Classification\data\flowers-102\jpg\image_04519.jpg,70,test,gazania
D:\Flower-Classification\data\flowers-102\jpg\image_05159.jpg,4,test,english marigold
D:\Flower-Classification\data\flowers-102\jpg\image_05520.jpg,86,test,magnolia
D:\Flower-Classification\data\flowers-102\jpg\image_01713.jpg,82,test,hibiscus
D:\Flower-Classification\data\flowers-102\jpg\image_05130.jpg,1,test,hard-leaved pocket orchid
D:\Flower-Classification\data\flowers-102\jpg\image_00885.jpg,80,test,frangipani
D:\Flower-Classification\data\flowers-102\jpg\image_06016.jpg,92,train,ball moss
D:\Flower-Classification\data\flowers-102\jpg\image_02051.jpg,79,test,anthurium
D:\Flower-Classification\data\flowers-102\jpg\image_04531.jpg,70,test,gazania
D:\Flower-Classification\data\flowers-102\jpg\image_07026.jpg,38,train,siam tulip
D:\Flower-Classification\data\flowers-102\jpg\image_07074.jpg,66,val,spring crocus
D:\Flower-Classification\data\flowers-102\jpg\image_02420.jpg,42,train,sword lily
D:\Flower-Classification\data\flowers-102\jpg\image_00568.jpg,87,test,cyclamen
D:\Flower-Classification\data\flowers-102\jpg\image_03618.jpg,71,test,azalea
D:\Flower-Classification\data\flowers-102\jpg\image_06589.jpg,24,test,grape hyacinth
D:\Flower-Classification\data\flowers-102\jpg\image_03942.jpg,50,test,petunia
D:\Flower-Classification\data\flowers-102\jpg\image_00528.jpg,87,test,cyclamen
D:\Flower-Classification\data\flowers-102\jpg\image_02828.jpg,55,train,bishop of llandaff
D:\Flower-Classification\data\flowers-102\jpg\image_07627.jpg,95,test,camellia
D:\Flower-Classification\data\flowers-102\jpg\image_05681.jpg,3,test,sweet pea
D:\Flower-Classification\data\flowers-102\jpg\image_07318.jpg,93,test,foxglove
D:\Flower-Classification\data\flowers-102\jpg\image_00635.jpg,88,test,watercress
D:\Flower-Classification\data\flowers-102\jpg\image_06390.jpg,14,val,yellow iris
D:\Flower-Classification\data\flowers-102\jpg\image_06691.jpg,15,val,globe-flower
D:\Flower-Classification\data\flowers-102\jpg\image_01654.jpg,81,train,clematis
D:\Flower-Classification\data\flowers-102\jpg\image_05340.jpg,21,test,pincushion flower
D:\Flower-Classification\data\flowers-102\jpg\image_01210.jpg,73,test,rose
D:\Flower-Classification\data\flowers-102\jpg\image_08130.jpg,56,test,gaura
D:\Flower-Classification\data\flowers-102\jpg\image_03107.jpg,10,test,snapdragon
D:\Flower-Classification\data\flowers-102\jpg\image_01130.jpg,45,test,wallflower
D:\Flower-Classification\data\flowers-102\jpg\image_02146.jpg,74,train,thorn apple
D:\Flower-Classification\data\flowers-102\jpg\image_01949.jpg,77,test,lotus
D:\Flower-Classification\data\flowers-102\jpg\image_07322.jpg,93,test,foxglove
D:\Flower-Classification\data\flowers-102\jpg\image_01546.jpg,43,val,poinsettia
D:\Flower-Classification\data\flowers-102\jpg\image_03418.jpg,22,test,fritillary
D:\Flower-Classification\data\flowers-102\jpg\image_04647.jpg,47,test,buttercup
D:\Flower-Classification\data\flowers-102\jpg\image_02449.jpg,75,test,morning glory
D:\Flower-Classification\data\flowers-102\jpg\image_00203.jpg,76,test,passion flower
D:\Flower-Classification\data\flowers-102\jpg\image_07959.jpg,100,test,trumpet creeper
D:\Flower-Classification\data\flowers-102\jpg\image_05476.jpg,86,test,magnolia
D:\Flower-Classification\data\flowers-102\jpg\image_05151.jpg,4,test,english marigold
D:\Flower-Classification\data\flowers-102\jpg\image_01368.jpg,50,test,petunia
D:\Flower-Classification\data\flowers-102\jpg\image_01671.jpg,81,test,clematis
D:\Flower-Classification\data\flowers-102\jpg\image_05558.jpg,65,test,osteospermum
D:\Flower-Classification\data\flowers-102\jpg\image_05677.jpg,3,test,sweet pea
D:\Flower-Classification\data\flowers-102\jpg\image_03592.jpg,71,test,azalea
D:\Flower-Classification\data\flowers-102\jpg\image_00139.jpg,76,test,passion flower
D:\Flower-Classification\data\flowers-102\jpg\image_02027.jpg,79,test,anthurium
D:\Flower-Classification\data\flowers-102\jpg\image_05789.jpg,12,train,king protea
D:\Flower-Classification\data\flowers-102\jpg\image_00555.jpg,87,test,cyclamen
D:\Flower-Classification\data\flowers-102\jpg\image_01909.jpg,77,test,lotus
D:\Flower-Classification\data\flowers-102\jpg\image_03133.jpg,10,test,snapdragon
D:\Flower-Classification\data\flowers-102\jpg\image_04869.jpg,90,test,hippeastrum
D:\Flower-Classification\data\flowers-102\jpg\image_02110.jpg,74,val,thorn apple
D:\Flower-Classification\data\flowers-102\jpg\image_02232.jpg,40,test,barbeton daisy
D:\Flower-Classification\data\flowers-102\jpg\image_02139.jpg,74,test,thorn apple
D:\Flower-Classification\data\flowers-102\jpg\image_00472.jpg,87,test,cyclamen
D:\Flower-Classification\data\flowers-102\jpg\image_01007.jpg,45,test,wallflower
D:\Flower-Classification\data\flowers-102\jpg\image_06347.jpg,14,test,yellow iris
D:\Flower-Classification\data\flowers-102\jpg\image_04686.jpg,47,test,buttercup
D:\Flower-Classification\data\flowers-102\jpg\image_07989.jpg,100,val,trumpet creeper
D:\Flower-Classification\data\flowers-102\jpg\image_05764.jpg,12,test,king protea
D:\Flower-Classification\data\flowers-102\jpg\image_04508.jpg,70,test,gazania
D:\Flower-Classification\data\flowers-102\jpg\image_07380.jpg,93,test,foxglove
D:\Flower-Classification\data\flowers-102\jpg\image_02208.jpg,40,test,barbeton daisy
D:\Flower-Classification\data\flowers-102\jpg\image_04738.jpg,54,val,pelargonium
D:\Flower-Classification\data\flowers-102\jpg\image_00795.jpg,80,val,frangipani
D:\Flower-Classification\data\flowers-102\jpg\image_00860.jpg,80,test,frangipani
D:\Flower-Classification\data\flowers-102\jpg\image_07075.jpg,66,test,spring crocus
D:\Flower-Classification\data\flowers-102\jpg\image_04596.jpg,39,test,lenten rose
D:\Flower-Classification\data\flowers-102\jpg\image_05196.jpg,4,test,english marigold
D:\Flower-Classification\data\flowers-102\jpg\image_00383.jpg,72,train,water lily
D:\Flower-Classification\data\flowers-102\jpg\image_00123.jpg,76,test,passion flower
D:\Flower-Classification\data\flowers-102\jpg\image_00387.jpg,72,test,water lily
D:\Flower-Classification\data\flowers-102\jpg\image_06921.jpg,30,test,carnation
D:\Flower-Classification\data\flowers-102\jpg\image_03068.jpg,91,test,bee balm
D:\Flower-Classification\data\flowers-102\jpg\image_05434.jpg,53,test,sunflower
D:\Flower-Classification\data\flowers-102\jpg\image_01011.jpg,45,test,wallflower
D:\Flower-Classification\data\flowers-102\jpg\image_00523.jpg,87,test,cyclamen
D:\Flower-Classification\data\flowers-102\jpg\image_00405.jpg,72,test,water lily
D:\Flower-Classification\data\flowers-102\jpg\image_07579.jpg,94,test,bougainvillea
D:\Flower-Classification\data\flowers-102\jpg\image_07520.jpg,94,val,bougainvillea
D:\Flower-Classification\data\flowers-102\jpg\image_04587.jpg,39,test,lenten rose
D:\Flower-Classification\data\flowers-102\jpg\image_08113.jpg,92,val,ball moss
D:\Flower-Classification\data\flowers-102\jpg\image_04535.jpg,70,test,gazania
D:\Flower-Classification\data\flowers-102\jpg\image_04348.jpg,35,test,ruby-lipped cattleya
D:\Flower-Classification\data\flowers-102\jpg\image_05813.jpg,37,test,great masterwort
D:\Flower-Classification\data\flowers-102\jpg\image_03565.jpg,71,test,azalea
D:\Flower-Classification\data\flowers-102\jpg\image_00219.jpg,76,test,passion flower
D:\Flower-Classification\data\flowers-102\jpg\image_02712.jpg,57,test,geranium
D:\Flower-Classification\data\flowers-102\jpg\image_01267.jpg,73,test,rose
D:\Flower-Classification\data\flowers-102\jpg\image_04391.jpg,35,test,ruby-lipped cattleya
D:\Flower-Classification\data\flowers-102\jpg\image_03034.jpg,91,train,bee balm
D:\Flower-Classification\data\flowers-102\jpg\image_07077.jpg,66,val,spring crocus
D:\Flower-Classification\data\flowers-102\jpg\image_04948.jpg,19,test,giant white arum lily
D:\Flower-Classification\data\flowers-102\jpg\image_01355.jpg,50,test,petunia
D:\Flower-Classification\data\flowers-102\jpg\image_01089.jpg,45,val,wallflower
D:\Flower-Classification\data\flowers-102\jpg\image_06464.jpg,32,test,love in the mist
D:\Flower-Classification\data\flowers-102\jpg\image_04709.jpg,54,test,pelargonium
D:\Flower-Classification\data\flowers-102\jpg\image_01758.jpg,82,test,hibiscus
D:\Flower-Classification\data\flowers-102\jpg\image_08157.jpg,61,val,japanese anemone
D:\Flower-Classification\data\flowers-102\jpg\image_03137.jpg,10,test,snapdragon
D:\Flower-Classification\data\flowers-102\jpg\image_04554.jpg,70,train,gazania
D:\Flower-Classification\data\flowers-102\jpg\image_06686.jpg,15,val,globe-flower
D:\Flower-Classification\data\flowers-102\jpg\image_07741.jpg,96,train,mallow
D:\Flower-Classification\data\flowers-102\jpg\image_03242.jpg,64,test,californian poppy
D:\Flower-Classification\data\flowers-102\jpg\image_00426.jpg,72,test,water lily
D:\Flower-Classification\data\flowers-102\jpg\image_02307.jpg,40,train,barbeton daisy
D:\Flower-Classification\data\flowers-102\jpg\image_02554.jpg,83,train,columbine
D:\Flower-Classification\data\flowers-102\jpg\image_05115.jpg,1,train,hard-leaved pocket orchid
D:\Flower-Classification\data\flowers-102\jpg\image_00376.jpg,72,test,water lily
D:\Flower-Classification\data\flowers-102\jpg\image_05836.jpg,37,test,great masterwort
D:\Flower-Classification\data\flowers-102\jpg\image_07364.jpg,93,test,foxglove
D:\Flower-Classification\data\flowers-102\jpg\image_00773.jpg,88,train,watercress
D:\Flower-Classification\data\flowers-102\jpg\image_04998.jpg,46,test,marigold
D:\Flower-Classification\data\flowers-102\jpg\image_08025.jpg,101,test,blackberry lily
D:\Flower-Classification\data\flowers-102\jpg\image_04347.jpg,35,train,ruby-lipped cattleya
D:\Flower-Classification\data\flowers-102\jpg\image_01559.jpg,43,test,poinsettia
D:\Flower-Classification\data\flowers-102\jpg\image_05320.jpg,69,val,tree poppy
D:\Flower-Classification\data\flowers-102\jpg\image_00240.jpg,76,test,passion flower
D:\Flower-Classification\data\flowers-102\jpg\image_01305.jpg,73,test,rose
D:\Flower-Classification\data\flowers-102\jpg\image_00899.jpg,80,test,frangipani
D:\Flower-Classification\data\flowers-102\jpg\image_06715.jpg,78,train,toad lily
D:\Flower-Classification\data\flowers-102\jpg\image_07119.jpg,9,test,globe thistle
D:\Flower-Classification\data\flowers-102\jpg\image_07131.jpg,44,train,bolero deep blue
D:\Flower-Classification\data\flowers-102\jpg\image_01373.jpg,50,test,petunia
D:\Flower-Classification\data\flowers-102\jpg\image_02323.jpg,42,test,sword lily
D:\Flower-Classification\data\flowers-102\jpg\image_06864.jpg,26,test,prince of wales feathers
D:\Flower-Classification\data\flowers-102\jpg\image_02757.jpg,55,test,bishop of llandaff
D:\Flower-Classification\data\flowers-102\jpg\image_00579.jpg,87,test,cyclamen
D:\Flower-Classification\data\flowers-102\jpg\image_06497.jpg,25,test,corn poppy
D:\Flower-Classification\data\flowers-102\jpg\image_02519.jpg,75,train,morning glory
D:\Flower-Classification\data\flowers-102\jpg\image_03901.jpg,16,test,purple coneflower
D:\Flower-Classification\data\flowers-102\jpg\image_05024.jpg,58,test,orange dahlia
D:\Flower-Classification\data\flowers-102\jpg\image_05966.jpg,68,test,windflower
D:\Flower-Classification\data\flowers-102\jpg\image_02150.jpg,74,test,thorn apple
D:\Flower-Classification\data\flowers-102\jpg\image_06865.jpg,26,val,prince of wales feathers
D:\Flower-Classification\data\flowers-102\jpg\image_05690.jpg,41,test,daffodil
D:\Flower-Classification\data\flowers-102\jpg\image_03940.jpg,50,test,petunia
D:\Flower-Classification\data\flowers-102\jpg\image_07840.jpg,98,test,bromelia
D:\Flower-Classification\data\flowers-102\jpg\image_02226.jpg,40,test,barbeton daisy
D:\Flower-Classification\data\flowers-102\jpg\image_05989.jpg,68,val,windflower
D:\Flower-Classification\data\flowers-102\jpg\image_07017.jpg,38,test,siam tulip
D:\Flower-Classification\data\flowers-102\jpg\image_04049.jpg,11,test,colt's foot
D:\Flower-Classification\data\flowers-102\jpg\image_06150.jpg,18,test,balloon flower
D:\Flower-Classification\data\flowers-102\jpg\image_07212.jpg,6,val,moon orchid
D:\Flower-Classification\data\flowers-102\jpg\image_02305.jpg,40,test,barbeton daisy
D:\Flower-Classification\data\flowers-102\jpg\image_01069.jpg,45,test,wallflower
D:\Flower-Classification\data\flowers-102\jpg\image_00029.jpg,76,test,passion flower
D:\Flower-Classification\data\flowers-102\jpg\image_03903.jpg,16,val,purple coneflower
D:\Flower-Classification\data\flowers-102\jpg\image_02477.jpg,75,val,morning glory
D:\Flower-Classification\data\flowers-102\jpg\image_04194.jpg,51,test,wild pansy
D:\Flower-Classification\data\flowers-102\jpg\image_06218.jpg,48,train,oxeye daisy
D:\Flower-Classification\data\flowers-102\jpg\image_06216.jpg,48,test,oxeye daisy
D:\Flower-Classification\data\flowers-102\jpg\image_03887.jpg,16,train,purple coneflower
D:\Flower-Classification\data\flowers-102\jpg\image_03557.jpg,71,test,azalea
D:\Flower-Classification\data\flowers-102\jpg\image_02788.jpg,55,test,bishop of llandaff
D:\Flower-Classification\data\flowers-102\jpg\image_08096.jpg,9,train,globe thistle
D:\Flower-Classification\data\flowers-102\jpg\image_05298.jpg,69,test,tree poppy
D:\Flower-Classification\data\flowers-102\jpg\image_04329.jpg,35,train,ruby-lipped cattleya
D:\Flower-Classification\data\flowers-102\jpg\image_04045.jpg,11,train,colt's foot
D:\Flower-Classification\data\flowers-102\jpg\image_07941.jpg,99,train,blanket flower
D:\Flower-Classification\data\flowers-102\jpg\image_06509.jpg,25,val,corn poppy
D:\Flower-Classification\data\flowers-102\jpg\image_07108.jpg,9,test,globe thistle
D:\Flower-Classification\data\flowers-102\jpg\image_03927.jpg,50,test,petunia
D:\Flower-Classification\data\flowers-102\jpg\image_03997.jpg,11,test,colt's foot
D:\Flower-Classification\data\flowers-102\jpg\image_03923.jpg,50,val,petunia
D:\Flower-Classification\data\flowers-102\jpg\image_06627.jpg,2,test,canterbury bells
D:\Flower-Classification\data\flowers-102\jpg\image_07216.jpg,6,test,moon orchid
D:\Flower-Classification\data\flowers-102\jpg\image_04761.jpg,54,val,pelargonium
D:\Flower-Classification\data\flowers-102\jpg\image_07723.jpg,96,test,mallow
D:\Flower-Classification\data\flowers-102\jpg\image_07215.jpg,6,train,moon orchid
D:\Flower-Classification\data\flowers-102\jpg\image_06365.jpg,14,test,yellow iris
D:\Flower-Classification\data\flowers-102\jpg\image_08007.jpg,101,train,blackberry lily
D:\Flower-Classification\data\flowers-102\jpg\image_02813.jpg,55,test,bishop of llandaff
D:\Flower-Classification\data\flowers-102\jpg\image_00108.jpg,76,test,passion flower
D:\Flower-Classification\data\flowers-102\jpg\image_06698.jpg,78,train,toad lily
D:\Flower-Classification\data\flowers-102\jpg\image_04818.jpg,84,test,desert-rose
D:\Flower-Classification\data\flowers-102\jpg\image_06512.jpg,25,val,corn poppy
D:\Flower-Classification\data\flowers-102\jpg\image_08107.jpg,5,test,tiger lily
D:\Flower-Classification\data\flowers-102\jpg\image_04081.jpg,28,test,artichoke
D:\Flower-Classification\data\flowers-102\jpg\image_00413.jpg,72,test,water lily
D:\Flower-Classification\data\flowers-102\jpg\image_02436.jpg,42,test,sword lily
D:\Flower-Classification\data\flowers-102\jpg\image_03564.jpg,71,val,azalea
D:\Flower-Classification\data\flowers-102\jpg\image_05376.jpg,21,val,pincushion flower
D:\Flower-Classification\data\flowers-102\jpg\image_03762.jpg,36,test,cape flower
D:\Flower-Classification\data\flowers-102\jpg\image_06743.jpg,0,test,pink primrose
D:\Flower-Classification\data\flowers-102\jpg\image_01679.jpg,81,test,clematis
D:\Flower-Classification\data\flowers-102\jpg\image_05238.jpg,27,test,stemless gentian
D:\Flower-Classification\data\flowers-102\jpg\image_04312.jpg,17,val,peruvian lily
D:\Flower-Classification\data\flowers-102\jpg\image_05041.jpg,58,test,orange dahlia
D:\Flower-Classification\data\flowers-102\jpg\image_05912.jpg,67,test,bearded iris
D:\Flower-Classification\data\flowers-102\jpg\image_08117.jpg,92,test,ball moss
D:\Flower-Classification\data\flowers-102\jpg\image_00910.jpg,80,test,frangipani
D:\Flower-Classification\data\flowers-102\jpg\image_05527.jpg,65,test,osteospermum
D:\Flower-Classification\data\flowers-102\jpg\image_02915.jpg,85,val,tree mallow
D:\Flower-Classification\data\flowers-102\jpg\image_02009.jpg,79,test,anthurium
D:\Flower-Classification\data\flowers-102\jpg\image_05855.jpg,62,val,black-eyed susan
D:\Flower-Classification\data\flowers-102\jpg\image_04840.jpg,90,test,hippeastrum
D:\Flower-Classification\data\flowers-102\jpg\image_01664.jpg,81,test,clematis
D:\Flower-Classification\data\flowers-102\jpg\image_05971.jpg,68,val,windflower
D:\Flower-Classification\data\flowers-102\jpg\image_02945.jpg,59,train,pink-yellow dahlia?
D:\Flower-Classification\data\flowers-102\jpg\image_05658.jpg,3,val,sweet pea
D:\Flower-Classification\data\flowers-102\jpg\image_05136.jpg,1,test,hard-leaved pocket orchid
D:\Flower-Classification\data\flowers-102\jpg\image_03955.jpg,50,train,petunia
D:\Flower-Classification\data\flowers-102\jpg\image_04529.jpg,70,val,gazania
D:\Flower-Classification\data\flowers-102\jpg\image_06805.jpg,20,test,fire lily
D:\Flower-Classification\data\flowers-102\jpg\image_00742.jpg,88,test,watercress
D:\Flower-Classification\data\flowers-102\jpg\image_02179.jpg,74,val,thorn apple
D:\Flower-Classification\data\flowers-102\jpg\image_01490.jpg,50,test,petunia
D:\Flower-Classification\data\flowers-102\jpg\image_00251.jpg,76,test,passion flower
D:\Flower-Classification\data\flowers-102\jpg\image_07655.jpg,95,test,camellia
D:\Flower-Classification\data\flowers-102\jpg\image_05199.jpg,4,train,english marigold
D:\Flower-Classification\data\flowers-102\jpg\image_03879.jpg,16,val,purple coneflower
D:\Flower-Classification\data\flowers-102\jpg\image_07636.jpg,95,test,camellia
D:\Flower-Classification\data\flowers-102\jpg\image_06858.jpg,26,val,prince of wales feathers
D:\Flower-Classification\data\flowers-102\jpg\image_06554.jpg,49,test,common dandelion
D:\Flower-Classification\data\flowers-102\jpg\image_07653.jpg,95,train,camellia
D:\Flower-Classification\data\flowers-102\jpg\image_00499.jpg,87,test,cyclamen
D:\Flower-Classification\data\flowers-102\jpg\image_00921.jpg,80,train,frangipani
D:\Flower-Classification\data\flowers-102\jpg\image_01946.jpg,77,test,lotus
D:\Flower-Classification\data\flowers-102\jpg\image_03442.jpg,22,train,fritillary
D:\Flower-Classification\data\flowers-102\jpg\image_06320.jpg,49,test,common dandelion
D:\Flower-Classification\data\flowers-102\jpg\image_07214.jpg,6,train,moon orchid
D:\Flower-Classification\data\flowers-102\jpg\image_03142.jpg,10,val,snapdragon
D:\Flower-Classification\data\flowers-102\jpg\image_06824.jpg,23,val,red ginger
D:\Flower-Classification\data\flowers-102\jpg\image_00330.jpg,72,test,water lily
D:\Flower-Classification\data\flowers-102\jpg\image_04384.jpg,35,test,ruby-lipped cattleya
D:\Flower-Classification\data\flowers-102\jpg\image_03029.jpg,91,val,bee balm
D:\Flower-Classification\data\flowers-102\jpg\image_01353.jpg,50,test,petunia
D:\Flower-Classification\data\flowers-102\jpg\image_06807.jpg,20,test,fire lily
D:\Flower-Classification\data\flowers-102\jpg\image_07884.jpg,98,test,bromelia
D:\Flower-Classification\data\flowers-102\jpg\image_05111.jpg,1,test,hard-leaved pocket orchid
D:\Flower-Classification\data\flowers-102\jpg\image_02260.jpg,40,test,barbeton daisy
D:\Flower-Classification\data\flowers-102\jpg\image_07843.jpg,98,test,bromelia
D:\Flower-Classification\data\flowers-102\jpg\image_05660.jpg,3,test,sweet pea
D:\Flower-Classification\data\flowers-102\jpg\image_02109.jpg,74,test,thorn apple
D:\Flower-Classification\data\flowers-102\jpg\image_00121.jpg,76,test,passion flower
D:\Flower-Classification\data\flowers-102\jpg\image_07821.jpg,97,test,mexican petunia
D:\Flower-Classification\data\flowers-102\jpg\image_00173.jpg,76,test,passion flower
D:\Flower-Classification\data\flowers-102\jpg\image_05028.jpg,58,val,orange dahlia
D:\Flower-Classification\data\flowers-102\jpg\image_05732.jpg,41,test,daffodil
D:\Flower-Classification\data\flowers-102\jpg\image_03132.jpg,10,val,snapdragon
D:\Flower-Classification\data\flowers-102\jpg\image_00913.jpg,80,test,frangipani
D:\Flower-Classification\data\flowers-102\jpg\image_03271.jpg,64,test,californian poppy
D:\Flower-Classification\data\flowers-102\jpg\image_00171.jpg,76,test,passion flower
D:\Flower-Classification\data\flowers-102\jpg\image_02433.jpg,42,test,sword lily
D:\Flower-Classification\data\flowers-102\jpg\image_05884.jpg,62,test,black-eyed susan
D:\Flower-Classification\data\flowers-102\jpg\image_07248.jpg,56,test,gaura
D:\Flower-Classification\data\flowers-102\jpg\image_06273.jpg,60,train,cautleya spicata
D:\Flower-Classification\data\flowers-102\jpg\image_00517.jpg,87,test,cyclamen
D:\Flower-Classification\data\flowers-102\jpg\image_01450.jpg,50,test,petunia
D:\Flower-Classification\data\flowers-102\jpg\image_01562.jpg,43,test,poinsettia
D:\Flower-Classification\data\flowers-102\jpg\image_01227.jpg,73,test,rose
D:\Flower-Classification\data\flowers-102\jpg\image_05551.jpg,65,test,osteospermum
D:\Flower-Classification\data\flowers-102\jpg\image_01454.jpg,50,test,petunia
D:\Flower-Classification\data\flowers-102\jpg\image_07161.jpg,44,test,bolero deep blue
D:\Flower-Classification\data\flowers-102\jpg\image_07854.jpg,98,test,bromelia
D:\Flower-Classification\data\flowers-102\jpg\image_03222.jpg,64,test,californian poppy
D:\Flower-Classification\data\flowers-102\jpg\image_01605.jpg,81,test,clematis
D:\Flower-Classification\data\flowers-102\jpg\image_07027.jpg,38,test,siam tulip
D:\Flower-Classification\data\flowers-102\jpg\image_02425.jpg,42,test,sword lily
D:\Flower-Classification\data\flowers-102\jpg\image_07097.jpg,9,test,globe thistle
D:\Flower-Classification\data\flowers-102\jpg\image_08069.jpg,30,val,carnation
D:\Flower-Classification\data\flowers-102\jpg\image_03181.jpg,10,train,snapdragon
D:\Flower-Classification\data\flowers-102\jpg\image_04402.jpg,89,test,canna lily
D:\Flower-Classification\data\flowers-102\jpg\image_03491.jpg,29,test,sweet william
D:\Flower-Classification\data\flowers-102\jpg\image_05119.jpg,1,test,hard-leaved pocket orchid
D:\Flower-Classification\data\flowers-102\jpg\image_06019.jpg,92,val,ball moss
D:\Flower-Classification\data\flowers-102\jpg\image_06386.jpg,14,train,yellow iris
D:\Flower-Classification\data\flowers-102\jpg\image_01808.jpg,82,test,hibiscus
D:\Flower-Classification\data\flowers-102\jpg\image_08103.jpg,6,train,moon orchid
D:\Flower-Classification\data\flowers-102\jpg\image_04914.jpg,19,test,giant white arum lily
D:\Flower-Classification\data\flowers-102\jpg\image_06877.jpg,26,test,prince of wales feathers
D:\Flower-Classification\data\flowers-102\jpg\image_01636.jpg,81,test,clematis
D:\Flower-Classification\data\flowers-102\jpg\image_01191.jpg,73,test,rose
D:\Flower-Classification\data\flowers-102\jpg\image_01665.jpg,81,test,clematis
D:\Flower-Classification\data\flowers-102\jpg\image_06964.jpg,33,val,mexican aster
D:\Flower-Classification\data\flowers-102\jpg\image_00731.jpg,88,test,watercress
D:\Flower-Classification\data\flowers-102\jpg\image_06247.jpg,60,test,cautleya spicata
D:\Flower-Classification\data\flowers-102\jpg\image_01604.jpg,81,test,clematis
D:\Flower-Classification\data\flowers-102\jpg\image_06176.jpg,18,test,balloon flower
D:\Flower-Classification\data\flowers-102\jpg\image_03050.jpg,91,train,bee balm
D:\Flower-Classification\data\flowers-102\jpg\image_06480.jpg,32,train,love in the mist
D:\Flower-Classification\data\flowers-102\jpg\image_00068.jpg,76,test,passion flower
D:\Flower-Classification\data\flowers-102\jpg\image_01177.jpg,73,test,rose
D:\Flower-Classification\data\flowers-102\jpg\image_06955.jpg,33,val,mexican aster
D:\Flower-Classification\data\flowers-102\jpg\image_04235.jpg,51,test,wild pansy
D:\Flower-Classification\data\flowers-102\jpg\image_00372.jpg,72,test,water lily
D:\Flower-Classification\data\flowers-102\jpg\image_06898.jpg,30,test,carnation
D:\Flower-Classification\data\flowers-102\jpg\image_07915.jpg,99,val,blanket flower
D:\Flower-Classification\data\flowers-102\jpg\image_03563.jpg,71,test,azalea
D:\Flower-Classification\data\flowers-102\jpg\image_04684.jpg,47,test,buttercup
D:\Flower-Classification\data\flowers-102\jpg\image_01475.jpg,50,test,petunia
D:\Flower-Classification\data\flowers-102\jpg\image_06721.jpg,78,test,toad lily
D:\Flower-Classification\data\flowers-102\jpg\image_07423.jpg,93,test,foxglove
D:\Flower-Classification\data\flowers-102\jpg\image_03932.jpg,50,test,petunia
D:\Flower-Classification\data\flowers-102\jpg\image_00342.jpg,72,test,water lily
D:\Flower-Classification\data\flowers-102\jpg\image_00525.jpg,87,test,cyclamen
D:\Flower-Classification\data\flowers-102\jpg\image_07835.jpg,98,val,bromelia
D:\Flower-Classification\data\flowers-102\jpg\image_04927.jpg,19,val,giant white arum lily
D:\Flower-Classification\data\flowers-102\jpg\image_08134.jpg,56,test,gaura
D:\Flower-Classification\data\flowers-102\jpg\image_04770.jpg,84,train,desert-rose
D:\Flower-Classification\data\flowers-102\jpg\image_04572.jpg,39,train,lenten rose
D:\Flower-Classification\data\flowers-102\jpg\image_05773.jpg,12,val,king protea
D:\Flower-Classification\data\flowers-102\jpg\image_03958.jpg,50,test,petunia
D:\Flower-Classification\data\flowers-102\jpg\image_03653.jpg,52,test,primula
D:\Flower-Classification\data\flowers-102\jpg\image_03950.jpg,50,test,petunia
D:\Flower-Classification\data\flowers-102\jpg\image_01412.jpg,50,test,petunia
D:\Flower-Classification\data\flowers-102\jpg\image_07349.jpg,93,test,foxglove
D:\Flower-Classification\data\flowers-102\jpg\image_00361.jpg,72,test,water lily
D:\Flower-Classification\data\flowers-102\jpg\image_00024.jpg,76,test,passion flower
D:\Flower-Classification\data\flowers-102\jpg\image_06180.jpg,18,train,balloon flower
D:\Flower-Classification\data\flowers-102\jpg\image_01695.jpg,81,val,clematis
D:\Flower-Classification\data\flowers-102\jpg\image_04138.jpg,28,test,artichoke
D:\Flower-Classification\data\flowers-102\jpg\image_05610.jpg,31,test,garden phlox
D:\Flower-Classification\data\flowers-102\jpg\image_05895.jpg,62,val,black-eyed susan
D:\Flower-Classification\data\flowers-102\jpg\image_03878.jpg,16,test,purple coneflower
D:\Flower-Classification\data\flowers-102\jpg\image_01551.jpg,43,test,poinsettia
D:\Flower-Classification\data\flowers-102\jpg\image_04232.jpg,51,test,wild pansy
D:\Flower-Classification\data\flowers-102\jpg\image_02107.jpg,74,test,thorn apple
D:\Flower-Classification\data\flowers-102\jpg\image_02907.jpg,85,test,tree mallow
D:\Flower-Classification\data\flowers-102\jpg\image_04308.jpg,17,test,peruvian lily
D:\Flower-Classification\data\flowers-102\jpg\image_05209.jpg,4,test,english marigold
D:\Flower-Classification\data\flowers-102\jpg\image_08100.jpg,6,test,moon orchid
D:\Flower-Classification\data\flowers-102\jpg\image_07610.jpg,95,test,camellia
D:\Flower-Classification\data\flowers-102\jpg\image_01936.jpg,77,test,lotus
D:\Flower-Classification\data\flowers-102\jpg\image_07231.jpg,6,val,moon orchid
D:\Flower-Classification\data\flowers-102\jpg\image_08087.jpg,34,val,alpine sea holly
D:\Flower-Classification\data\flowers-102\jpg\image_02153.jpg,74,test,thorn apple
D:\Flower-Classification\data\flowers-102\jpg\image_07347.jpg,93,test,foxglove
D:\Flower-Classification\data\flowers-102\jpg\image_04306.jpg,17,test,peruvian lily
D:\Flower-Classification\data\flowers-102\jpg\image_05959.jpg,68,test,windflower
D:\Flower-Classification\data\flowers-102\jpg\image_05922.jpg,67,train,bearded iris
D:\Flower-Classification\data\flowers-102\jpg\image_03153.jpg,10,test,snapdragon
D:\Flower-Classification\data\flowers-102\jpg\image_05935.jpg,67,test,bearded iris
D:\Flower-Classification\data\flowers-102\jpg\image_00990.jpg,45,test,wallflower
D:\Flower-Classification\data\flowers-102\jpg\image_07574.jpg,94,test,bougainvillea
D:\Flower-Classification\data\flowers-102\jpg\image_04831.jpg,90,val,hippeastrum
D:\Flower-Classification\data\flowers-102\jpg\image_08003.jpg,101,train,blackberry lily
D:\Flower-Classification\data\flowers-102\jpg\image_02166.jpg,74,train,thorn apple
D:\Flower-Classification\data\flowers-102\jpg\image_02489.jpg,75,test,morning glory
D:\Flower-Classification\data\flowers-102\jpg\image_01791.jpg,82,test,hibiscus
D:\Flower-Classification\data\flowers-102\jpg\image_07468.jpg,94,test,bougainvillea
D:\Flower-Classification\data\flowers-102\jpg\image_03800.jpg,36,test,cape flower
D:\Flower-Classification\data\flowers-102\jpg\image_03738.jpg,36,val,cape flower
D:\Flower-Classification\data\flowers-102\jpg\image_03790.jpg,36,test,cape flower
D:\Flower-Classification\data\flowers-102\jpg\image_05673.jpg,3,test,sweet pea
D:\Flower-Classification\data\flowers-102\jpg\image_01516.jpg,43,test,poinsettia
D:\Flower-Classification\data\flowers-102\jpg\image_02412.jpg,42,test,sword lily
D:\Flower-Classification\data\flowers-102\jpg\image_06874.jpg,26,test,prince of wales feathers
D:\Flower-Classification\data\flowers-102\jpg\image_02346.jpg,42,test,sword lily
D:\Flower-Classification\data\flowers-102\jpg\image_01415.jpg,50,test,petunia
D:\Flower-Classification\data\flowers-102\jpg\image_01610.jpg,81,test,clematis
D:\Flower-Classification\data\flowers-102\jpg\image_07749.jpg,96,test,mallow
D:\Flower-Classification\data\flowers-102\jpg\image_02068.jpg,79,test,anthurium
D:\Flower-Classification\data\flowers-102\jpg\image_05700.jpg,41,test,daffodil
D:\Flower-Classification\data\flowers-102\jpg\image_02234.jpg,40,test,barbeton daisy
D:\Flower-Classification\data\flowers-102\jpg\image_07174.jpg,5,test,tiger lily
D:\Flower-Classification\data\flowers-102\jpg\image_08005.jpg,101,test,blackberry lily
D:\Flower-Classification\data\flowers-102\jpg\image_01813.jpg,82,test,hibiscus
D:\Flower-Classification\data\flowers-102\jpg\image_05523.jpg,65,train,osteospermum
D:\Flower-Classification\data\flowers-102\jpg\image_08164.jpg,61,train,japanese anemone
D:\Flower-Classification\data\flowers-102\jpg\image_06429.jpg,8,test,monkshood
D:\Flower-Classification\data\flowers-102\jpg\image_03477.jpg,29,test,sweet william
D:\Flower-Classification\data\flowers-102\jpg\image_05258.jpg,27,test,stemless gentian
D:\Flower-Classification\data\flowers-102\jpg\image_02194.jpg,40,test,barbeton daisy
D:\Flower-Classification\data\flowers-102\jpg\image_00283.jpg,72,test,water lily
D:\Flower-Classification\data\flowers-102\jpg\image_06994.jpg,34,train,alpine sea holly
D:\Flower-Classification\data\flowers-102\jpg\image_07103.jpg,9,test,globe thistle
D:\Flower-Classification\data\flowers-102\jpg\image_07998.jpg,100,test,trumpet creeper
D:\Flower-Classification\data\flowers-102\jpg\image_06116.jpg,63,test,silverbush
D:\Flower-Classification\data\flowers-102\jpg\image_03567.jpg,71,test,azalea
D:\Flower-Classification\data\flowers-102\jpg\image_02740.jpg,57,test,geranium
D:\Flower-Classification\data\flowers-102\jpg\image_01246.jpg,73,test,rose
D:\Flower-Classification\data\flowers-102\jpg\image_04622.jpg,39,test,lenten rose
D:\Flower-Classification\data\flowers-102\jpg\image_07124.jpg,44,val,bolero deep blue
D:\Flower-Classification\data\flowers-102\jpg\image_04903.jpg,19,test,giant white arum lily
D:\Flower-Classification\data\flowers-102\jpg\image_07213.jpg,6,val,moon orchid
D:\Flower-Classification\data\flowers-102\jpg\image_06534.jpg,49,val,common dandelion
D:\Flower-Classification\data\flowers-102\jpg\image_07772.jpg,97,test,mexican petunia
D:\Flower-Classification\data\flowers-102\jpg\image_05241.jpg,27,test,stemless gentian
D:\Flower-Classification\data\flowers-102\jpg\image_07190.jpg,5,test,tiger lily
D:\Flower-Classification\data\flowers-102\jpg\image_04126.jpg,28,test,artichoke
D:\Flower-Classification\data\flowers-102\jpg\image_06934.jpg,33,val,mexican aster
D:\Flower-Classification\data\flowers-102\jpg\image_03644.jpg,52,test,primula
D:\Flower-Classification\data\flowers-102\jpg\image_04999.jpg,46,test,marigold
D:\Flower-Classification\data\flowers-102\jpg\image_07960.jpg,100,test,trumpet creeper
D:\Flower-Classification\data\flowers-102\jpg\image_01579.jpg,43,test,poinsettia
D:\Flower-Classification\data\flowers-102\jpg\image_08012.jpg,101,test,blackberry lily
D:\Flower-Classification\data\flowers-102\jpg\image_01385.jpg,50,train,petunia
D:\Flower-Classification\data\flowers-102\jpg\image_04858.jpg,90,test,hippeastrum
D:\Flower-Classification\data\flowers-102\jpg\image_05729.jpg,41,test,daffodil
D:\Flower-Classification\data\flowers-102\jpg\image_07326.jpg,93,train,foxglove
D:\Flower-Classification\data\flowers-102\jpg\image_02726.jpg,57,test,geranium
D:\Flower-Classification\data\flowers-102\jpg\image_00309.jpg,72,test,water lily
D:\Flower-Classification\data\flowers-102\jpg\image_00207.jpg,76,test,passion flower
D:\Flower-Classification\data\flowers-102\jpg\image_05346.jpg,21,val,pincushion flower
D:\Flower-Classification\data\flowers-102\jpg\image_00243.jpg,76,test,passion flower
D:\Flower-Classification\data\flowers-102\jpg\image_00561.jpg,87,test,cyclamen
D:\Flower-Classification\data\flowers-102\jpg\image_05618.jpg,31,test,garden phlox
D:\Flower-Classification\data\flowers-102\jpg\image_04617.jpg,39,test,lenten rose
D:\Flower-Classification\data\flowers-102\jpg\image_01008.jpg,45,test,wallflower
D:\Flower-Classification\data\flowers-102\jpg\image_03291.jpg,7,test,bird of paradise
D:\Flower-Classification\data\flowers-102\jpg\image_06504.jpg,25,test,corn poppy
D:\Flower-Classification\data\flowers-102\jpg\image_01316.jpg,50,test,petunia
D:\Flower-Classification\data\flowers-102\jpg\image_07742.jpg,96,train,mallow
D:\Flower-Classification\data\flowers-102\jpg\image_05382.jpg,21,test,pincushion flower
D:\Flower-Classification\data\flowers-102\jpg\image_00739.jpg,88,test,watercress
D:\Flower-Classification\data\flowers-102\jpg\image_06891.jpg,30,test,carnation
D:\Flower-Classification\data\flowers-102\jpg\image_03895.jpg,16,test,purple coneflower
D:\Flower-Classification\data\flowers-102\jpg\image_02387.jpg,42,test,sword lily
D:\Flower-Classification\data\flowers-102\jpg\image_02057.jpg,79,test,anthurium
D:\Flower-Classification\data\flowers-102\jpg\image_03190.jpg,64,test,californian poppy
D:\Flower-Classification\data\flowers-102\jpg\image_04343.jpg,35,test,ruby-lipped cattleya
D:\Flower-Classification\data\flowers-102\jpg\image_01023.jpg,45,test,wallflower
D:\Flower-Classification\data\flowers-102\jpg\image_01172.jpg,73,test,rose
D:\Flower-Classification\data\flowers-102\jpg\image_03042.jpg,91,test,bee balm
D:\Flower-Classification\data\flowers-102\jpg\image_03742.jpg,36,test,cape flower
D:\Flower-Classification\data\flowers-102\jpg\image_00400.jpg,72,val,water lily
D:\Flower-Classification\data\flowers-102\jpg\image_03725.jpg,52,train,primula
D:\Flower-Classification\data\flowers-102\jpg\image_02970.jpg,59,test,pink-yellow dahlia?
D:\Flower-Classification\data\flowers-102\jpg\image_00817.jpg,80,test,frangipani
D:\Flower-Classification\data\flowers-102\jpg\image_05889.jpg,62,test,black-eyed susan
D:\Flower-Classification\data\flowers-102\jpg\image_06447.jpg,32,test,love in the mist
D:\Flower-Classification\data\flowers-102\jpg\image_03244.jpg,64,test,californian poppy
D:\Flower-Classification\data\flowers-102\jpg\image_04373.jpg,35,test,ruby-lipped cattleya
D:\Flower-Classification\data\flowers-102\jpg\image_08010.jpg,101,test,blackberry lily
D:\Flower-Classification\data\flowers-102\jpg\image_05914.jpg,67,test,bearded iris
D:\Flower-Classification\data\flowers-102\jpg\image_04679.jpg,47,val,buttercup
D:\Flower-Classification\data\flowers-102\jpg\image_06654.jpg,15,test,globe-flower
D:\Flower-Classification\data\flowers-102\jpg\image_01456.jpg,50,train,petunia
D:\Flower-Classification\data\flowers-102\jpg\image_04407.jpg,89,test,canna lily
D:\Flower-Classification\data\flowers-102\jpg\image_01988.jpg,79,val,anthurium
D:\Flower-Classification\data\flowers-102\jpg\image_02111.jpg,74,test,thorn apple
D:\Flower-Classification\data\flowers-102\jpg\image_01436.jpg,50,test,petunia
D:\Flower-Classification\data\flowers-102\jpg\image_02517.jpg,75,test,morning glory
D:\Flower-Classification\data\flowers-102\jpg\image_04664.jpg,47,test,buttercup
D:\Flower-Classification\data\flowers-102\jpg\image_07134.jpg,44,test,bolero deep blue
D:\Flower-Classification\data\flowers-102\jpg\image_01129.jpg,45,test,wallflower
D:\Flower-Classification\data\flowers-102\jpg\image_03963.jpg,50,test,petunia
D:\Flower-Classification\data\flowers-102\jpg\image_08163.jpg,61,test,japanese anemone
D:\Flower-Classification\data\flowers-102\jpg\image_04369.jpg,35,train,ruby-lipped cattleya
D:\Flower-Classification\data\flowers-102\jpg\image_00877.jpg,80,test,frangipani
D:\Flower-Classification\data\flowers-102\jpg\image_07942.jpg,100,train,trumpet creeper
D:\Flower-Classification\data\flowers-102\jpg\image_06407.jpg,8,test,monkshood
D:\Flower-Classification\data\flowers-102\jpg\image_05865.jpg,62,test,black-eyed susan
D:\Flower-Classification\data\flowers-102\jpg\image_04878.jpg,90,test,hippeastrum
D:\Flower-Classification\data\flowers-102\jpg\image_05924.jpg,67,test,bearded iris
D:\Flower-Classification\data\flowers-102\jpg\image_07975.jpg,100,val,trumpet creeper
D:\Flower-Classification\data\flowers-102\jpg\image_06598.jpg,24,test,grape hyacinth
D:\Flower-Classification\data\flowers-102\jpg\image_04441.jpg,89,test,canna lily
D:\Flower-Classification\data\flowers-102\jpg\image_06473.jpg,32,test,love in the mist
D:\Flower-Classification\data\flowers-102\jpg\image_00590.jpg,87,train,cyclamen
D:\Flower-Classification\data\flowers-102\jpg\image_00618.jpg,88,test,watercress
D:\Flower-Classification\data\flowers-102\jpg\image_08104.jpg,6,val,moon orchid
D:\Flower-Classification\data\flowers-102\jpg\image_05044.jpg,58,test,orange dahlia
D:\Flower-Classification\data\flowers-102\jpg\image_07702.jpg,96,test,mallow
D:\Flower-Classification\data\flowers-102\jpg\image_05960.jpg,68,test,windflower
D:\Flower-Classification\data\flowers-102\jpg\image_08159.jpg,61,test,japanese anemone
D:\Flower-Classification\data\flowers-102\jpg\image_03811.jpg,36,train,cape flower
D:\Flower-Classification\data\flowers-102\jpg\image_03479.jpg,29,test,sweet william
D:\Flower-Classification\data\flowers-102\jpg\image_01443.jpg,50,test,petunia
D:\Flower-Classification\data\flowers-102\jpg\image_07785.jpg,97,test,mexican petunia
D:\Flower-Classification\data\flowers-102\jpg\image_00616.jpg,88,test,watercress
D:\Flower-Classification\data\flowers-102\jpg\image_02969.jpg,59,test,pink-yellow dahlia?
D:\Flower-Classification\data\flowers-102\jpg\image_03168.jpg,10,test,snapdragon
D:\Flower-Classification\data\flowers-102\jpg\image_04328.jpg,35,test,ruby-lipped cattleya
D:\Flower-Classification\data\flowers-102\jpg\image_00878.jpg,80,test,frangipani
D:\Flower-Classification\data\flowers-102\jpg\image_01545.jpg,43,train,poinsettia
D:\Flower-Classification\data\flowers-102\jpg\image_07746.jpg,96,test,mallow
D:\Flower-Classification\data\flowers-102\jpg\image_04984.jpg,46,test,marigold
D:\Flower-Classification\data\flowers-102\jpg\image_07299.jpg,89,test,canna lily
D:\Flower-Classification\data\flowers-102\jpg\image_05837.jpg,37,test,great masterwort
D:\Flower-Classification\data\flowers-102\jpg\image_02022.jpg,79,test,anthurium
D:\Flower-Classification\data\flowers-102\jpg\image_05438.jpg,53,test,sunflower
D:\Flower-Classification\data\flowers-102\jpg\image_05082.jpg,58,test,orange dahlia
D:\Flower-Classification\data\flowers-102\jpg\image_02658.jpg,57,test,geranium
D:\Flower-Classification\data\flowers-102\jpg\image_03362.jpg,7,train,bird of paradise
D:\Flower-Classification\data\flowers-102\jpg\image_05792.jpg,12,test,king protea
D:\Flower-Classification\data\flowers-102\jpg\image_01061.jpg,45,test,wallflower
D:\Flower-Classification\data\flowers-102\jpg\image_00716.jpg,88,test,watercress
D:\Flower-Classification\data\flowers-102\jpg\image_00995.jpg,45,test,wallflower
D:\Flower-Classification\data\flowers-102\jpg\image_05585.jpg,31,train,garden phlox
D:\Flower-Classification\data\flowers-102\jpg\image_05270.jpg,27,test,stemless gentian
D:\Flower-Classification\data\flowers-102\jpg\image_01787.jpg,82,test,hibiscus
D:\Flower-Classification\data\flowers-102\jpg\image_03522.jpg,29,test,sweet william
D:\Flower-Classification\data\flowers-102\jpg\image_03139.jpg,10,test,snapdragon
D:\Flower-Classification\data\flowers-102\jpg\image_01303.jpg,73,test,rose
D:\Flower-Classification\data\flowers-102\jpg\image_04082.jpg,28,test,artichoke
D:\Flower-Classification\data\flowers-102\jpg\image_06863.jpg,26,test,prince of wales feathers
D:\Flower-Classification\data\flowers-102\jpg\image_02627.jpg,83,test,columbine
D:\Flower-Classification\data\flowers-102\jpg\image_06738.jpg,0,val,pink primrose
D:\Flower-Classification\data\flowers-102\jpg\image_03301.jpg,7,test,bird of paradise
D:\Flower-Classification\data\flowers-102\jpg\image_02571.jpg,83,val,columbine
D:\Flower-Classification\data\flowers-102\jpg\image_03409.jpg,22,test,fritillary
D:\Flower-Classification\data\flowers-102\jpg\image_00601.jpg,88,test,watercress
D:\Flower-Classification\data\flowers-102\jpg\image_00262.jpg,72,test,water lily
D:\Flower-Classification\data\flowers-102\jpg\image_02931.jpg,59,test,pink-yellow dahlia?
D:\Flower-Classification\data\flowers-102\jpg\image_05691.jpg,41,val,daffodil
D:\Flower-Classification\data\flowers-102\jpg\image_00414.jpg,72,test,water lily
D:\Flower-Classification\data\flowers-102\jpg\image_03408.jpg,22,test,fritillary
D:\Flower-Classification\data\flowers-102\jpg\image_05720.jpg,41,val,daffodil
D:\Flower-Classification\data\flowers-102\jpg\image_01626.jpg,81,test,clematis
D:\Flower-Classification\data\flowers-102\jpg\image_06370.jpg,14,test,yellow iris
D:\Flower-Classification\data\flowers-102\jpg\image_00629.jpg,88,test,watercress
D:\Flower-Classification\data\flowers-102\jpg\image_05991.jpg,68,test,windflower
D:\Flower-Classification\data\flowers-102\jpg\image_05907.jpg,67,test,bearded iris
D:\Flower-Classification\data\flowers-102\jpg\image_03506.jpg,29,test,sweet william
D:\Flower-Classification\data\flowers-102\jpg\image_03766.jpg,36,test,cape flower
D:\Flower-Classification\data\flowers-102\jpg\image_01153.jpg,73,test,rose
D:\Flower-Classification\data\flowers-102\jpg\image_00557.jpg,87,test,cyclamen
D:\Flower-Classification\data\flowers-102\jpg\image_05820.jpg,37,test,great masterwort
D:\Flower-Classification\data\flowers-102\jpg\image_07472.jpg,94,test,bougainvillea
D:\Flower-Classification\data\flowers-102\jpg\image_02980.jpg,59,test,pink-yellow dahlia?
D:\Flower-Classification\data\flowers-102\jpg\image_05110.jpg,1,test,hard-leaved pocket orchid
D:\Flower-Classification\data\flowers-102\jpg\image_02529.jpg,75,test,morning glory
D:\Flower-Classification\data\flowers-102\jpg\image_08037.jpg,101,test,blackberry lily
D:\Flower-Classification\data\flowers-102\jpg\image_07171.jpg,5,val,tiger lily
D:\Flower-Classification\data\flowers-102\jpg\image_03924.jpg,50,test,petunia
D:\Flower-Classification\data\flowers-102\jpg\image_01886.jpg,77,val,lotus
D:\Flower-Classification\data\flowers-102\jpg\image_07961.jpg,100,test,trumpet creeper
D:\Flower-Classification\data\flowers-102\jpg\image_04492.jpg,70,test,gazania
D:\Flower-Classification\data\flowers-102\jpg\image_01212.jpg,73,val,rose
D:\Flower-Classification\data\flowers-102\jpg\image_02236.jpg,40,test,barbeton daisy
D:\Flower-Classification\data\flowers-102\jpg\image_02016.jpg,79,test,anthurium
D:\Flower-Classification\data\flowers-102\jpg\image_02814.jpg,55,test,bishop of llandaff
D:\Flower-Classification\data\flowers-102\jpg\image_02304.jpg,40,test,barbeton daisy
D:\Flower-Classification\data\flowers-102\jpg\image_03377.jpg,22,test,fritillary
D:\Flower-Classification\data\flowers-102\jpg\image_08019.jpg,101,test,blackberry lily
D:\Flower-Classification\data\flowers-102\jpg\image_03171.jpg,10,val,snapdragon
D:\Flower-Classification\data\flowers-102\jpg\image_08018.jpg,101,train,blackberry lily
D:\Flower-Classification\data\flowers-102\jpg\image_06588.jpg,24,test,grape hyacinth
D:\Flower-Classification\data\flowers-102\jpg\image_00430.jpg,72,test,water lily
D:\Flower-Classification\data\flowers-102\jpg\image_02490.jpg,75,test,morning glory
D:\Flower-Classification\data\flowers-102\jpg\image_05481.jpg,86,test,magnolia
D:\Flower-Classification\data\flowers-102\jpg\image_02951.jpg,59,test,pink-yellow dahlia?
D:\Flower-Classification\data\flowers-102\jpg\image_05038.jpg,58,test,orange dahlia
D:\Flower-Classification\data\flowers-102\jpg\image_05002.jpg,46,val,marigold
D:\Flower-Classification\data\flowers-102\jpg\image_00418.jpg,72,test,water lily
D:\Flower-Classification\data\flowers-102\jpg\image_03369.jpg,22,test,fritillary
D:\Flower-Classification\data\flowers-102\jpg\image_03731.jpg,52,val,primula
D:\Flower-Classification\data\flowers-102\jpg\image_05670.jpg,3,train,sweet pea
D:\Flower-Classification\data\flowers-102\jpg\image_02377.jpg,42,test,sword lily
D:\Flower-Classification\data\flowers-102\jpg\image_06107.jpg,63,test,silverbush
D:\Flower-Classification\data\flowers-102\jpg\image_00080.jpg,76,test,passion flower
D:\Flower-Classification\data\flowers-102\jpg\image_08093.jpg,9,val,globe thistle
D:\Flower-Classification\data\flowers-102\jpg\image_04972.jpg,46,test,marigold
D:\Flower-Classification\data\flowers-102\jpg\image_02530.jpg,75,test,morning glory
D:\Flower-Classification\data\flowers-102\jpg\image_03200.jpg,64,test,californian poppy
D:\Flower-Classification\data\flowers-102\jpg\image_07996.jpg,100,test,trumpet creeper
D:\Flower-Classification\data\flowers-102\jpg\image_03603.jpg,71,test,azalea
D:\Flower-Classification\data\flowers-102\jpg\image_02735.jpg,57,test,geranium
D:\Flower-Classification\data\flowers-102\jpg\image_07389.jpg,93,train,foxglove
D:\Flower-Classification\data\flowers-102\jpg\image_02367.jpg,42,test,sword lily
D:\Flower-Classification\data\flowers-102\jpg\image_07457.jpg,93,test,foxglove
D:\Flower-Classification\data\flowers-102\jpg\image_02842.jpg,55,test,bishop of llandaff
D:\Flower-Classification\data\flowers-102\jpg\image_06188.jpg,18,test,balloon flower
D:\Flower-Classification\data\flowers-102\jpg\image_02181.jpg,74,test,thorn apple
D:\Flower-Classification\data\flowers-102\jpg\image_07533.jpg,94,test,bougainvillea
D:\Flower-Classification\data\flowers-102\jpg\image_04125.jpg,28,test,artichoke
D:\Flower-Classification\data\flowers-102\jpg\image_07219.jpg,6,val,moon orchid
D:\Flower-Classification\data\flowers-102\jpg\image_03711.jpg,52,test,primula
D:\Flower-Classification\data\flowers-102\jpg\image_04841.jpg,90,test,hippeastrum
D:\Flower-Classification\data\flowers-102\jpg\image_01393.jpg,50,test,petunia
D:\Flower-Classification\data\flowers-102\jpg\image_02724.jpg,57,test,geranium
D:\Flower-Classification\data\flowers-102\jpg\image_06914.jpg,30,test,carnation
D:\Flower-Classification\data\flowers-102\jpg\image_04147.jpg,28,test,artichoke
D:\Flower-Classification\data\flowers-102\jpg\image_04449.jpg,89,train,canna lily
D:\Flower-Classification\data\flowers-102\jpg\image_07618.jpg,95,test,camellia
D:\Flower-Classification\data\flowers-102\jpg\image_01666.jpg,81,test,clematis
D:\Flower-Classification\data\flowers-102\jpg\image_02264.jpg,40,test,barbeton daisy
D:\Flower-Classification\data\flowers-102\jpg\image_05224.jpg,27,val,stemless gentian
D:\Flower-Classification\data\flowers-102\jpg\image_07492.jpg,94,test,bougainvillea
D:\Flower-Classification\data\flowers-102\jpg\image_00241.jpg,76,test,passion flower
D:\Flower-Classification\data\flowers-102\jpg\image_04864.jpg,90,test,hippeastrum
D:\Flower-Classification\data\flowers-102\jpg\image_02432.jpg,42,test,sword lily
D:\Flower-Classification\data\flowers-102\jpg\image_01449.jpg,50,test,petunia
D:\Flower-Classification\data\flowers-102\jpg\image_01197.jpg,73,test,rose
D:\Flower-Classification\data\flowers-102\jpg\image_00564.jpg,87,train,cyclamen
D:\Flower-Classification\data\flowers-102\jpg\image_02168.jpg,74,test,thorn apple
D:\Flower-Classification\data\flowers-102\jpg\image_02752.jpg,57,test,geranium
D:\Flower-Classification\data\flowers-102\jpg\image_01041.jpg,45,test,wallflower
D:\Flower-Classification\data\flowers-102\jpg\image_03751.jpg,36,test,cape flower
D:\Flower-Classification\data\flowers-102\jpg\image_04821.jpg,84,test,desert-rose
D:\Flower-Classification\data\flowers-102\jpg\image_06467.jpg,32,val,love in the mist
D:\Flower-Classification\data\flowers-102\jpg\image_06859.jpg,26,val,prince of wales feathers
D:\Flower-Classification\data\flowers-102\jpg\image_00191.jpg,76,test,passion flower
D:\Flower-Classification\data\flowers-102\jpg\image_01766.jpg,82,test,hibiscus
D:\Flower-Classification\data\flowers-102\jpg\image_02399.jpg,42,test,sword lily
D:\Flower-Classification\data\flowers-102\jpg\image_04028.jpg,11,test,colt's foot
D:\Flower-Classification\data\flowers-102\jpg\image_05398.jpg,21,test,pincushion flower
D:\Flower-Classification\data\flowers-102\jpg\image_05380.jpg,21,test,pincushion flower
D:\Flower-Classification\data\flowers-102\jpg\image_00449.jpg,87,test,cyclamen
D:\Flower-Classification\data\flowers-102\jpg\image_05432.jpg,53,test,sunflower
D:\Flower-Classification\data\flowers-102\jpg\image_06671.jpg,15,test,globe-flower
D:\Flower-Classification\data\flowers-102\jpg\image_06607.jpg,24,test,grape hyacinth
D:\Flower-Classification\data\flowers-102\jpg\image_08123.jpg,56,test,gaura
D:\Flower-Classification\data\flowers-102\jpg\image_07021.jpg,38,test,siam tulip
D:\Flower-Classification\data\flowers-102\jpg\image_00971.jpg,45,test,wallflower
D:\Flower-Classification\data\flowers-102\jpg\image_01033.jpg,45,test,wallflower
D:\Flower-Classification\data\flowers-102\jpg\image_03445.jpg,22,val,fritillary
D:\Flower-Classification\data\flowers-102\jpg\image_05230.jpg,27,train,stemless gentian
D:\Flower-Classification\data\flowers-102\jpg\image_02434.jpg,42,test,sword lily
D:\Flower-Classification\data\flowers-102\jpg\image_03662.jpg,52,test,primula
D:\Flower-Classification\data\flowers-102\jpg\image_02721.jpg,57,test,geranium
D:\Flower-Classification\data\flowers-102\jpg\image_04173.jpg,51,test,wild pansy
D:\Flower-Classification\data\flowers-102\jpg\image_06570.jpg,49,test,common dandelion
D:\Flower-Classification\data\flowers-102\jpg\image_08154.jpg,61,train,japanese anemone
D:\Flower-Classification\data\flowers-102\jpg\image_04961.jpg,46,val,marigold
D:\Flower-Classification\data\flowers-102\jpg\image_03161.jpg,10,test,snapdragon
D:\Flower-Classification\data\flowers-102\jpg\image_03064.jpg,91,val,bee balm
D:\Flower-Classification\data\flowers-102\jpg\image_07413.jpg,93,test,foxglove
D:\Flower-Classification\data\flowers-102\jpg\image_07532.jpg,94,test,bougainvillea
D:\Flower-Classification\data\flowers-102\jpg\image_06518.jpg,25,val,corn poppy
D:\Flower-Classification\data\flowers-102\jpg\image_05915.jpg,67,test,bearded iris
D:\Flower-Classification\data\flowers-102\jpg\image_01632.jpg,81,test,clematis
D:\Flower-Classification\data\flowers-102\jpg\image_01941.jpg,77,test,lotus
D:\Flower-Classification\data\flowers-102\jpg\image_00456.jpg,87,test,cyclamen
D:\Flower-Classification\data\flowers-102\jpg\image_01987.jpg,79,train,anthurium
D:\Flower-Classification\data\flowers-102\jpg\image_07503.jpg,94,val,bougainvillea
D:\Flower-Classification\data\flowers-102\jpg\image_07617.jpg,95,train,camellia
D:\Flower-Classification\data\flowers-102\jpg\image_00134.jpg,76,test,passion flower
D:\Flower-Classification\data\flowers-102\jpg\image_04940.jpg,19,test,giant white arum lily
D:\Flower-Classification\data\flowers-102\jpg\image_07030.jpg,38,train,siam tulip
D:\Flower-Classification\data\flowers-102\jpg\image_06521.jpg,25,val,corn poppy
D:\Flower-Classification\data\flowers-102\jpg\image_07257.jpg,56,test,gaura
D:\Flower-Classification\data\flowers-102\jpg\image_02807.jpg,55,test,bishop of llandaff
D:\Flower-Classification\data\flowers-102\jpg\image_03880.jpg,16,test,purple coneflower
D:\Flower-Classification\data\flowers-102\jpg\image_05543.jpg,65,test,osteospermum
D:\Flower-Classification\data\flowers-102\jpg\image_02689.jpg,57,train,geranium
D:\Flower-Classification\data\flowers-102\jpg\image_00661.jpg,88,test,watercress
D:\Flower-Classification\data\flowers-102\jpg\image_03396.jpg,22,test,fritillary
D:\Flower-Classification\data\flowers-102\jpg\image_06060.jpg,13,val,spear thistle
D:\Flower-Classification\data\flowers-102\jpg\image_06397.jpg,8,test,monkshood
D:\Flower-Classification\data\flowers-102\jpg\image_05778.jpg,12,test,king protea
D:\Flower-Classification\data\flowers-102\jpg\image_08111.jpg,5,val,tiger lily
D:\Flower-Classification\data\flowers-102\jpg\image_01121.jpg,45,test,wallflower
D:\Flower-Classification\data\flowers-102\jpg\image_06560.jpg,49,val,common dandelion
D:\Flower-Classification\data\flowers-102\jpg\image_02431.jpg,42,test,sword lily
D:\Flower-Classification\data\flowers-102\jpg\image_03201.jpg,64,test,californian poppy
D:\Flower-Classification\data\flowers-102\jpg\image_00392.jpg,72,test,water lily
D:\Flower-Classification\data\flowers-102\jpg\image_03080.jpg,91,train,bee balm
D:\Flower-Classification\data\flowers-102\jpg\image_03801.jpg,36,test,cape flower
D:\Flower-Classification\data\flowers-102\jpg\image_03682.jpg,52,test,primula
D:\Flower-Classification\data\flowers-102\jpg\image_05071.jpg,58,train,orange dahlia
D:\Flower-Classification\data\flowers-102\jpg\image_01319.jpg,50,test,petunia
D:\Flower-Classification\data\flowers-102\jpg\image_06913.jpg,30,val,carnation
D:\Flower-Classification\data\flowers-102\jpg\image_00978.jpg,45,test,wallflower
D:\Flower-Classification\data\flowers-102\jpg\image_00896.jpg,80,test,frangipani
D:\Flower-Classification\data\flowers-102\jpg\image_06485.jpg,32,test,love in the mist
D:\Flower-Classification\data\flowers-102\jpg\image_01469.jpg,50,test,petunia
D:\Flower-Classification\data\flowers-102\jpg\image_03410.jpg,22,test,fritillary
D:\Flower-Classification\data\flowers-102\jpg\image_00098.jpg,76,test,passion flower
D:\Flower-Classification\data\flowers-102\jpg\image_06751.jpg,0,test,pink primrose
D:\Flower-Classification\data\flowers-102\jpg\image_06799.jpg,20,train,fire lily
D:\Flower-Classification\data\flowers-102\jpg\image_07260.jpg,56,test,gaura
D:\Flower-Classification\data\flowers-102\jpg\image_02275.jpg,40,train,barbeton daisy
D:\Flower-Classification\data\flowers-102\jpg\image_04011.jpg,11,test,colt's foot
D:\Flower-Classification\data\flowers-102\jpg\image_06853.jpg,26,test,prince of wales feathers
D:\Flower-Classification\data\flowers-102\jpg\image_02946.jpg,59,test,pink-yellow dahlia?
D:\Flower-Classification\data\flowers-102\jpg\image_02310.jpg,40,train,barbeton daisy
D:\Flower-Classification\data\flowers-102\jpg\image_03610.jpg,71,test,azalea
D:\Flower-Classification\data\flowers-102\jpg\image_07705.jpg,96,test,mallow
D:\Flower-Classification\data\flowers-102\jpg\image_01085.jpg,45,test,wallflower
D:\Flower-Classification\data\flowers-102\jpg\image_03858.jpg,16,test,purple coneflower
D:\Flower-Classification\data\flowers-102\jpg\image_01857.jpg,77,test,lotus
D:\Flower-Classification\data\flowers-102\jpg\image_05075.jpg,58,test,orange dahlia
D:\Flower-Classification\data\flowers-102\jpg\image_08095.jpg,9,train,globe thistle
D:\Flower-Classification\data\flowers-102\jpg\image_03444.jpg,22,test,fritillary
D:\Flower-Classification\data\flowers-102\jpg\image_02573.jpg,83,train,columbine
D:\Flower-Classification\data\flowers-102\jpg\image_04359.jpg,35,test,ruby-lipped cattleya
D:\Flower-Classification\data\flowers-102\jpg\image_00421.jpg,72,test,water lily
D:\Flower-Classification\data\flowers-102\jpg\image_07829.jpg,97,test,mexican petunia
D:\Flower-Classification\data\flowers-102\jpg\image_07730.jpg,96,test,mallow
D:\Flower-Classification\data\flowers-102\jpg\image_02695.jpg,57,test,geranium
D:\Flower-Classification\data\flowers-102\jpg\image_06657.jpg,15,test,globe-flower
D:\Flower-Classification\data\flowers-102\jpg\image_04775.jpg,84,test,desert-rose
D:\Flower-Classification\data\flowers-102\jpg\image_04350.jpg,35,val,ruby-lipped cattleya
D:\Flower-Classification\data\flowers-102\jpg\image_05091.jpg,1,train,hard-leaved pocket orchid
D:\Flower-Classification\data\flowers-102\jpg\image_01200.jpg,73,test,rose
D:\Flower-Classification\data\flowers-102\jpg\image_03841.jpg,16,test,purple coneflower
D:\Flower-Classification\data\flowers-102\jpg\image_00233.jpg,76,test,passion flower
D:\Flower-Classification\data\flowers-102\jpg\image_04838.jpg,90,test,hippeastrum
D:\Flower-Classification\data\flowers-102\jpg\image_06690.jpg,15,train,globe-flower
D:\Flower-Classification\data\flowers-102\jpg\image_00811.jpg,80,test,frangipani
D:\Flower-Classification\data\flowers-102\jpg\image_04148.jpg,28,test,artichoke
D:\Flower-Classification\data\flowers-102\jpg\image_03118.jpg,10,test,snapdragon
D:\Flower-Classification\data\flowers-102\jpg\image_05015.jpg,46,train,marigold
D:\Flower-Classification\data\flowers-102\jpg\image_05525.jpg,65,test,osteospermum
D:\Flower-Classification\data\flowers-102\jpg\image_07398.jpg,93,val,foxglove
D:\Flower-Classification\data\flowers-102\jpg\image_07250.jpg,56,test,gaura
D:\Flower-Classification\data\flowers-102\jpg\image_07931.jpg,99,val,blanket flower
D:\Flower-Classification\data\flowers-102\jpg\image_05936.jpg,67,test,bearded iris
D:\Flower-Classification\data\flowers-102\jpg\image_06039.jpg,92,val,ball moss
D:\Flower-Classification\data\flowers-102\jpg\image_06616.jpg,2,train,canterbury bells
D:\Flower-Classification\data\flowers-102\jpg\image_02358.jpg,42,test,sword lily
D:\Flower-Classification\data\flowers-102\jpg\image_03649.jpg,52,test,primula
D:\Flower-Classification\data\flowers-102\jpg\image_02854.jpg,55,val,bishop of llandaff
D:\Flower-Classification\data\flowers-102\jpg\image_04837.jpg,90,test,hippeastrum
D:\Flower-Classification\data\flowers-102\jpg\image_03559.jpg,71,test,azalea
D:\Flower-Classification\data\flowers-102\jpg\image_07028.jpg,38,val,siam tulip
D:\Flower-Classification\data\flowers-102\jpg\image_00842.jpg,80,test,frangipani
D:\Flower-Classification\data\flowers-102\jpg\image_07887.jpg,98,test,bromelia
D:\Flower-Classification\data\flowers-102\jpg\image_05872.jpg,62,test,black-eyed susan
D:\Flower-Classification\data\flowers-102\jpg\image_08179.jpg,61,val,japanese anemone
D:\Flower-Classification\data\flowers-102\jpg\image_02006.jpg,79,train,anthurium
D:\Flower-Classification\data\flowers-102\jpg\image_04888.jpg,90,test,hippeastrum
D:\Flower-Classification\data\flowers-102\jpg\image_07294.jpg,36,train,cape flower
D:\Flower-Classification\data\flowers-102\jpg\image_02661.jpg,57,test,geranium
D:\Flower-Classification\data\flowers-102\jpg\image_01703.jpg,82,test,hibiscus
D:\Flower-Classification\data\flowers-102\jpg\image_07567.jpg,94,test,bougainvillea
D:\Flower-Classification\data\flowers-102\jpg\image_03758.jpg,36,test,cape flower
D:\Flower-Classification\data\flowers-102\jpg\image_02154.jpg,74,test,thorn apple
D:\Flower-Classification\data\flowers-102\jpg\image_07845.jpg,98,test,bromelia
D:\Flower-Classification\data\flowers-102\jpg\image_06927.jpg,30,test,carnation
D:\Flower-Classification\data\flowers-102\jpg\image_05483.jpg,86,test,magnolia
D:\Flower-Classification\data\flowers-102\jpg\image_07146.jpg,44,test,bolero deep blue
D:\Flower-Classification\data\flowers-102\jpg\image_06297.jpg,49,test,common dandelion
D:\Flower-Classification\data\flowers-102\jpg\image_08075.jpg,30,train,carnation
D:\Flower-Classification\data\flowers-102\jpg\image_01224.jpg,73,test,rose
D:\Flower-Classification\data\flowers-102\jpg\image_06171.jpg,18,test,balloon flower
D:\Flower-Classification\data\flowers-102\jpg\image_02633.jpg,83,test,columbine
D:\Flower-Classification\data\flowers-102\jpg\image_04968.jpg,46,train,marigold
D:\Flower-Classification\data\flowers-102\jpg\image_00758.jpg,88,test,watercress
D:\Flower-Classification\data\flowers-102\jpg\image_01508.jpg,43,test,poinsettia
D:\Flower-Classification\data\flowers-102\jpg\image_03351.jpg,7,test,bird of paradise
D:\Flower-Classification\data\flowers-102\jpg\image_00770.jpg,88,test,watercress
D:\Flower-Classification\data\flowers-102\jpg\image_06811.jpg,20,test,fire lily
D:\Flower-Classification\data\flowers-102\jpg\image_02758.jpg,55,test,bishop of llandaff
D:\Flower-Classification\data\flowers-102\jpg\image_07438.jpg,93,test,foxglove
D:\Flower-Classification\data\flowers-102\jpg\image_05103.jpg,1,test,hard-leaved pocket orchid
D:\Flower-Classification\data\flowers-102\jpg\image_02511.jpg,75,val,morning glory
D:\Flower-Classification\data\flowers-102\jpg\image_05807.jpg,37,test,great masterwort
D:\Flower-Classification\data\flowers-102\jpg\image_06700.jpg,78,train,toad lily
D:\Flower-Classification\data\flowers-102\jpg\image_07093.jpg,9,val,globe thistle
D:\Flower-Classification\data\flowers-102\jpg\image_03824.jpg,36,test,cape flower
D:\Flower-Classification\data\flowers-102\jpg\image_03265.jpg,64,test,californian poppy
D:\Flower-Classification\data\flowers-102\jpg\image_03490.jpg,29,test,sweet william
D:\Flower-Classification\data\flowers-102\jpg\image_06962.jpg,33,train,mexican aster
D:\Flower-Classification\data\flowers-102\jpg\image_02570.jpg,83,test,columbine
D:\Flower-Classification\data\flowers-102\jpg\image_06411.jpg,8,val,monkshood
D:\Flower-Classification\data\flowers-102\jpg\image_04985.jpg,46,val,marigold
D:\Flower-Classification\data\flowers-102\jpg\image_01261.jpg,73,val,rose
D:\Flower-Classification\data\flowers-102\jpg\image_06714.jpg,78,train,toad lily
D:\Flower-Classification\data\flowers-102\jpg\image_06817.jpg,23,val,red ginger
D:\Flower-Classification\data\flowers-102\jpg\image_05680.jpg,3,test,sweet pea
D:\Flower-Classification\data\flowers-102\jpg\image_07748.jpg,96,train,mallow
D:\Flower-Classification\data\flowers-102\jpg\image_07531.jpg,94,test,bougainvillea
D:\Flower-Classification\data\flowers-102\jpg\image_07085.jpg,66,test,spring crocus
D:\Flower-Classification\data\flowers-102\jpg\image_01472.jpg,50,test,petunia
D:\Flower-Classification\data\flowers-102\jpg\image_03648.jpg,52,test,primula
D:\Flower-Classification\data\flowers-102\jpg\image_04268.jpg,17,test,peruvian lily
D:\Flower-Classification\data\flowers-102\jpg\image_02685.jpg,57,test,geranium
D:\Flower-Classification\data\flowers-102\jpg\image_05047.jpg,58,test,orange dahlia
D:\Flower-Classification\data\flowers-102\jpg\image_02802.jpg,55,val,bishop of llandaff
D:\Flower-Classification\data\flowers-102\jpg\image_06204.jpg,48,val,oxeye daisy
D:\Flower-Classification\data\flowers-102\jpg\image_03474.jpg,29,test,sweet william
D:\Flower-Classification\data\flowers-102\jpg\image_07320.jpg,93,test,foxglove
D:\Flower-Classification\data\flowers-102\jpg\image_07401.jpg,93,test,foxglove
D:\Flower-Classification\data\flowers-102\jpg\image_06137.jpg,63,test,silverbush
D:\Flower-Classification\data\flowers-102\jpg\image_06639.jpg,2,val,canterbury bells
D:\Flower-Classification\data\flowers-102\jpg\image_07015.jpg,38,val,siam tulip
D:\Flower-Classification\data\flowers-102\jpg\image_07415.jpg,93,test,foxglove
D:\Flower-Classification\data\flowers-102\jpg\image_01157.jpg,73,test,rose
D:\Flower-Classification\data\flowers-102\jpg\image_05845.jpg,37,val,great masterwort
D:\Flower-Classification\data\flowers-102\jpg\image_05472.jpg,86,train,magnolia
D:\Flower-Classification\data\flowers-102\jpg\image_02855.jpg,55,test,bishop of llandaff
D:\Flower-Classification\data\flowers-102\jpg\image_06656.jpg,15,test,globe-flower
D:\Flower-Classification\data\flowers-102\jpg\image_06848.jpg,23,val,red ginger
D:\Flower-Classification\data\flowers-102\jpg\image_06841.jpg,23,val,red ginger
D:\Flower-Classification\data\flowers-102\jpg\image_06483.jpg,32,test,love in the mist
D:\Flower-Classification\data\flowers-102\jpg\image_00111.jpg,76,test,passion flower
D:\Flower-Classification\data\flowers-102\jpg\image_04129.jpg,28,val,artichoke
D:\Flower-Classification\data\flowers-102\jpg\image_02223.jpg,40,test,barbeton daisy
D:\Flower-Classification\data\flowers-102\jpg\image_00095.jpg,76,test,passion flower
D:\Flower-Classification\data\flowers-102\jpg\image_07033.jpg,38,val,siam tulip
D:\Flower-Classification\data\flowers-102\jpg\image_07338.jpg,93,val,foxglove
D:\Flower-Classification\data\flowers-102\jpg\image_07467.jpg,94,test,bougainvillea
D:\Flower-Classification\data\flowers-102\jpg\image_02345.jpg,42,test,sword lily
D:\Flower-Classification\data\flowers-102\jpg\image_05261.jpg,27,train,stemless gentian
D:\Flower-Classification\data\flowers-102\jpg\image_01059.jpg,45,test,wallflower
D:\Flower-Classification\data\flowers-102\jpg\image_05920.jpg,67,test,bearded iris
D:\Flower-Classification\data\flowers-102\jpg\image_05630.jpg,3,test,sweet pea
D:\Flower-Classification\data\flowers-102\jpg\image_03839.jpg,16,test,purple coneflower
D:\Flower-Classification\data\flowers-102\jpg\image_05423.jpg,53,test,sunflower
D:\Flower-Classification\data\flowers-102\jpg\image_04345.jpg,35,test,ruby-lipped cattleya
D:\Flower-Classification\data\flowers-102\jpg\image_08082.jpg,87,test,cyclamen
D:\Flower-Classification\data\flowers-102\jpg\image_04223.jpg,51,train,wild pansy
D:\Flower-Classification\data\flowers-102\jpg\image_06183.jpg,18,val,balloon flower
D:\Flower-Classification\data\flowers-102\jpg\image_05728.jpg,41,train,daffodil
D:\Flower-Classification\data\flowers-102\jpg\image_01207.jpg,73,test,rose
D:\Flower-Classification\data\flowers-102\jpg\image_02967.jpg,59,test,pink-yellow dahlia?
D:\Flower-Classification\data\flowers-102\jpg\image_02127.jpg,74,test,thorn apple
D:\Flower-Classification\data\flowers-102\jpg\image_05583.jpg,65,val,osteospermum
D:\Flower-Classification\data\flowers-102\jpg\image_04933.jpg,19,test,giant white arum lily
D:\Flower-Classification\data\flowers-102\jpg\image_07987.jpg,100,test,trumpet creeper
D:\Flower-Classification\data\flowers-102\jpg\image_02356.jpg,42,test,sword lily
D:\Flower-Classification\data\flowers-102\jpg\image_01902.jpg,77,test,lotus
D:\Flower-Classification\data\flowers-102\jpg\image_02362.jpg,42,test,sword lily
D:\Flower-Classification\data\flowers-102\jpg\image_02821.jpg,55,test,bishop of llandaff
D:\Flower-Classification\data\flowers-102\jpg\image_00586.jpg,87,test,cyclamen
D:\Flower-Classification\data\flowers-102\jpg\image_06255.jpg,60,val,cautleya spicata
D:\Flower-Classification\data\flowers-102\jpg\image_06719.jpg,78,val,toad lily
D:\Flower-Classification\data\flowers-102\jpg\image_06276.jpg,60,val,cautleya spicata
D:\Flower-Classification\data\flowers-102\jpg\image_07151.jpg,44,test,bolero deep blue
D:\Flower-Classification\data\flowers-102\jpg\image_04646.jpg,47,test,buttercup
D:\Flower-Classification\data\flowers-102\jpg\image_02455.jpg,75,test,morning glory
D:\Flower-Classification\data\flowers-102\jpg\image_04801.jpg,84,test,desert-rose
D:\Flower-Classification\data\flowers-102\jpg\image_04866.jpg,90,test,hippeastrum
D:\Flower-Classification\data\flowers-102\jpg\image_06083.jpg,13,train,spear thistle
D:\Flower-Classification\data\flowers-102\jpg\image_03179.jpg,10,test,snapdragon
D:\Flower-Classification\data\flowers-102\jpg\image_00859.jpg,80,test,frangipani
D:\Flower-Classification\data\flowers-102\jpg\image_01971.jpg,79,test,anthurium
D:\Flower-Classification\data\flowers-102\jpg\image_01993.jpg,79,val,anthurium
D:\Flower-Classification\data\flowers-102\jpg\image_04203.jpg,51,test,wild pansy
D:\Flower-Classification\data\flowers-102\jpg\image_07141.jpg,44,val,bolero deep blue
D:\Flower-Classification\data\flowers-102\jpg\image_04277.jpg,17,test,peruvian lily
D:\Flower-Classification\data\flowers-102\jpg\image_07609.jpg,95,test,camellia
D:\Flower-Classification\data\flowers-102\jpg\image_02589.jpg,83,test,columbine
D:\Flower-Classification\data\flowers-102\jpg\image_00871.jpg,80,test,frangipani
D:\Flower-Classification\data\flowers-102\jpg\image_00086.jpg,76,test,passion flower
D:\Flower-Classification\data\flowers-102\jpg\image_06481.jpg,32,train,love in the mist
D:\Flower-Classification\data\flowers-102\jpg\image_00477.jpg,87,test,cyclamen
D:\Flower-Classification\data\flowers-102\jpg\image_07001.jpg,34,test,alpine sea holly
D:\Flower-Classification\data\flowers-102\jpg\image_02992.jpg,59,test,pink-yellow dahlia?
D:\Flower-Classification\data\flowers-102\jpg\image_02254.jpg,40,test,barbeton daisy
D:\Flower-Classification\data\flowers-102\jpg\image_06466.jpg,32,test,love in the mist
D:\Flower-Classification\data\flowers-102\jpg\image_00520.jpg,87,test,cyclamen
D:\Flower-Classification\data\flowers-102\jpg\image_01339.jpg,50,test,petunia
D:\Flower-Classification\data\flowers-102\jpg\image_00869.jpg,80,test,frangipani
D:\Flower-Classification\data\flowers-102\jpg\image_05752.jpg,12,train,king protea
D:\Flower-Classification\data\flowers-102\jpg\image_01239.jpg,73,test,rose
D:\Flower-Classification\data\flowers-102\jpg\image_01112.jpg,45,test,wallflower
D:\Flower-Classification\data\flowers-102\jpg\image_01216.jpg,73,test,rose
D:\Flower-Classification\data\flowers-102\jpg\image_00874.jpg,80,val,frangipani
D:\Flower-Classification\data\flowers-102\jpg\image_05509.jpg,86,test,magnolia
D:\Flower-Classification\data\flowers-102\jpg\image_06680.jpg,15,val,globe-flower
D:\Flower-Classification\data\flowers-102\jpg\image_04648.jpg,47,test,buttercup
D:\Flower-Classification\data\flowers-102\jpg\image_06669.jpg,15,val,globe-flower
D:\Flower-Classification\data\flowers-102\jpg\image_02765.jpg,55,test,bishop of llandaff
D:\Flower-Classification\data\flowers-102\jpg\image_01582.jpg,43,train,poinsettia
D:\Flower-Classification\data\flowers-102\jpg\image_05400.jpg,53,train,sunflower
D:\Flower-Classification\data\flowers-102\jpg\image_04819.jpg,84,test,desert-rose
D:\Flower-Classification\data\flowers-102\jpg\image_01039.jpg,45,test,wallflower
D:\Flower-Classification\data\flowers-102\jpg\image_08148.jpg,56,train,gaura
D:\Flower-Classification\data\flowers-102\jpg\image_04471.jpg,89,test,canna lily
D:\Flower-Classification\data\flowers-102\jpg\image_06550.jpg,49,train,common dandelion
D:\Flower-Classification\data\flowers-102\jpg\image_06778.jpg,20,test,fire lily
D:\Flower-Classification\data\flowers-102\jpg\image_06426.jpg,8,test,monkshood
D:\Flower-Classification\data\flowers-102\jpg\image_04955.jpg,46,test,marigold
D:\Flower-Classification\data\flowers-102\jpg\image_05829.jpg,37,val,great masterwort
D:\Flower-Classification\data\flowers-102\jpg\image_01587.jpg,81,train,clematis
D:\Flower-Classification\data\flowers-102\jpg\image_02457.jpg,75,test,morning glory
D:\Flower-Classification\data\flowers-102\jpg\image_03382.jpg,22,test,fritillary
D:\Flower-Classification\data\flowers-102\jpg\image_03814.jpg,36,val,cape flower
D:\Flower-Classification\data\flowers-102\jpg\image_02369.jpg,42,test,sword lily
D:\Flower-Classification\data\flowers-102\jpg\image_07878.jpg,98,test,bromelia
D:\Flower-Classification\data\flowers-102\jpg\image_00993.jpg,45,test,wallflower
D:\Flower-Classification\data\flowers-102\jpg\image_04525.jpg,70,test,gazania
D:\Flower-Classification\data\flowers-102\jpg\image_04296.jpg,17,val,peruvian lily
D:\Flower-Classification\data\flowers-102\jpg\image_02467.jpg,75,test,morning glory
D:\Flower-Classification\data\flowers-102\jpg\image_07352.jpg,93,test,foxglove
D:\Flower-Classification\data\flowers-102\jpg\image_06982.jpg,34,train,alpine sea holly
D:\Flower-Classification\data\flowers-102\jpg\image_02559.jpg,83,test,columbine
D:\Flower-Classification\data\flowers-102\jpg\image_05106.jpg,1,train,hard-leaved pocket orchid
D:\Flower-Classification\data\flowers-102\jpg\image_02247.jpg,40,test,barbeton daisy
D:\Flower-Classification\data\flowers-102\jpg\image_01318.jpg,50,test,petunia
D:\Flower-Classification\data\flowers-102\jpg\image_06729.jpg,78,test,toad lily
D:\Flower-Classification\data\flowers-102\jpg\image_01852.jpg,77,train,lotus
D:\Flower-Classification\data\flowers-102\jpg\image_01934.jpg,77,val,lotus
D:\Flower-Classification\data\flowers-102\jpg\image_05149.jpg,4,test,english marigold
D:\Flower-Classification\data\flowers-102\jpg\image_04939.jpg,19,train,giant white arum lily
D:\Flower-Classification\data\flowers-102\jpg\image_03805.jpg,36,test,cape flower
D:\Flower-Classification\data\flowers-102\jpg\image_04396.jpg,35,test,ruby-lipped cattleya
D:\Flower-Classification\data\flowers-102\jpg\image_04030.jpg,11,train,colt's foot
D:\Flower-Classification\data\flowers-102\jpg\image_01410.jpg,50,test,petunia
D:\Flower-Classification\data\flowers-102\jpg\image_02785.jpg,55,test,bishop of llandaff
D:\Flower-Classification\data\flowers-102\jpg\image_00738.jpg,88,test,watercress
D:\Flower-Classification\data\flowers-102\jpg\image_01229.jpg,73,test,rose
D:\Flower-Classification\data\flowers-102\jpg\image_07035.jpg,38,val,siam tulip
D:\Flower-Classification\data\flowers-102\jpg\image_01826.jpg,82,test,hibiscus
D:\Flower-Classification\data\flowers-102\jpg\image_01771.jpg,82,test,hibiscus
D:\Flower-Classification\data\flowers-102\jpg\image_01689.jpg,81,test,clematis
D:\Flower-Classification\data\flowers-102\jpg\image_02510.jpg,75,test,morning glory
D:\Flower-Classification\data\flowers-102\jpg\image_08124.jpg,56,test,gaura
D:\Flower-Classification\data\flowers-102\jpg\image_01774.jpg,82,test,hibiscus
D:\Flower-Classification\data\flowers-102\jpg\image_02595.jpg,83,test,columbine
D:\Flower-Classification\data\flowers-102\jpg\image_02883.jpg,85,test,tree mallow
D:\Flower-Classification\data\flowers-102\jpg\image_04694.jpg,47,train,buttercup
D:\Flower-Classification\data\flowers-102\jpg\image_06063.jpg,13,test,spear thistle
D:\Flower-Classification\data\flowers-102\jpg\image_06860.jpg,26,val,prince of wales feathers
D:\Flower-Classification\data\flowers-102\jpg\image_03989.jpg,50,test,petunia
D:\Flower-Classification\data\flowers-102\jpg\image_07366.jpg,93,test,foxglove
D:\Flower-Classification\data\flowers-102\jpg\image_07158.jpg,44,test,bolero deep blue
D:\Flower-Classification\data\flowers-102\jpg\image_02536.jpg,75,test,morning glory
D:\Flower-Classification\data\flowers-102\jpg\image_05260.jpg,27,train,stemless gentian
D:\Flower-Classification\data\flowers-102\jpg\image_04155.jpg,28,test,artichoke
D:\Flower-Classification\data\flowers-102\jpg\image_02486.jpg,75,test,morning glory
D:\Flower-Classification\data\flowers-102\jpg\image_00335.jpg,72,test,water lily
D:\Flower-Classification\data\flowers-102\jpg\image_03431.jpg,22,test,fritillary
D:\Flower-Classification\data\flowers-102\jpg\image_04067.jpg,11,test,colt's foot
D:\Flower-Classification\data\flowers-102\jpg\image_08151.jpg,61,test,japanese anemone
D:\Flower-Classification\data\flowers-102\jpg\image_06727.jpg,78,test,toad lily
D:\Flower-Classification\data\flowers-102\jpg\image_07018.jpg,38,test,siam tulip
D:\Flower-Classification\data\flowers-102\jpg\image_03791.jpg,36,train,cape flower
D:\Flower-Classification\data\flowers-102\jpg\image_04677.jpg,47,test,buttercup
D:\Flower-Classification\data\flowers-102\jpg\image_06404.jpg,8,train,monkshood
D:\Flower-Classification\data\flowers-102\jpg\image_06011.jpg,92,test,ball moss
D:\Flower-Classification\data\flowers-102\jpg\image_07153.jpg,44,train,bolero deep blue
D:\Flower-Classification\data\flowers-102\jpg\image_06478.jpg,32,test,love in the mist
D:\Flower-Classification\data\flowers-102\jpg\image_06620.jpg,2,test,canterbury bells
D:\Flower-Classification\data\flowers-102\jpg\image_08031.jpg,101,val,blackberry lily
D:\Flower-Classification\data\flowers-102\jpg\image_05949.jpg,67,test,bearded iris
D:\Flower-Classification\data\flowers-102\jpg\image_07497.jpg,94,test,bougainvillea
D:\Flower-Classification\data\flowers-102\jpg\image_04661.jpg,47,test,buttercup
D:\Flower-Classification\data\flowers-102\jpg\image_00672.jpg,88,train,watercress
D:\Flower-Classification\data\flowers-102\jpg\image_04325.jpg,17,test,peruvian lily
D:\Flower-Classification\data\flowers-102\jpg\image_03647.jpg,52,test,primula
D:\Flower-Classification\data\flowers-102\jpg\image_06856.jpg,26,train,prince of wales feathers
D:\Flower-Classification\data\flowers-102\jpg\image_02278.jpg,40,test,barbeton daisy
D:\Flower-Classification\data\flowers-102\jpg\image_01916.jpg,77,test,lotus
D:\Flower-Classification\data\flowers-102\jpg\image_00018.jpg,76,test,passion flower
D:\Flower-Classification\data\flowers-102\jpg\image_03746.jpg,36,test,cape flower
D:\Flower-Classification\data\flowers-102\jpg\image_07969.jpg,100,val,trumpet creeper
D:\Flower-Classification\data\flowers-102\jpg\image_07107.jpg,9,train,globe thistle
D:\Flower-Classification\data\flowers-102\jpg\image_05561.jpg,65,test,osteospermum
D:\Flower-Classification\data\flowers-102\jpg\image_03188.jpg,64,test,californian poppy
D:\Flower-Classification\data\flowers-102\jpg\image_04974.jpg,46,test,marigold
D:\Flower-Classification\data\flowers-102\jpg\image_04154.jpg,28,test,artichoke
D:\Flower-Classification\data\flowers-102\jpg\image_05753.jpg,12,train,king protea
D:\Flower-Classification\data\flowers-102\jpg\image_04484.jpg,70,test,gazania
D:\Flower-Classification\data\flowers-102\jpg\image_02903.jpg,85,test,tree mallow
D:\Flower-Classification\data\flowers-102\jpg\image_03324.jpg,7,test,bird of paradise
D:\Flower-Classification\data\flowers-102\jpg\image_06095.jpg,13,test,spear thistle
D:\Flower-Classification\data\flowers-102\jpg\image_06711.jpg,78,test,toad lily
D:\Flower-Classification\data\flowers-102\jpg\image_01222.jpg,73,test,rose
D:\Flower-Classification\data\flowers-102\jpg\image_06303.jpg,49,test,common dandelion
D:\Flower-Classification\data\flowers-102\jpg\image_05329.jpg,69,test,tree poppy
D:\Flower-Classification\data\flowers-102\jpg\image_06163.jpg,18,test,balloon flower
D:\Flower-Classification\data\flowers-102\jpg\image_07877.jpg,98,val,bromelia
D:\Flower-Classification\data\flowers-102\jpg\image_01052.jpg,45,train,wallflower
D:\Flower-Classification\data\flowers-102\jpg\image_03651.jpg,52,train,primula
D:\Flower-Classification\data\flowers-102\jpg\image_02952.jpg,59,test,pink-yellow dahlia?
D:\Flower-Classification\data\flowers-102\jpg\image_03070.jpg,91,test,bee balm
D:\Flower-Classification\data\flowers-102\jpg\image_07811.jpg,97,val,mexican petunia
D:\Flower-Classification\data\flowers-102\jpg\image_02005.jpg,79,test,anthurium
D:\Flower-Classification\data\flowers-102\jpg\image_05662.jpg,3,train,sweet pea
D:\Flower-Classification\data\flowers-102\jpg\image_02259.jpg,40,val,barbeton daisy
D:\Flower-Classification\data\flowers-102\jpg\image_06682.jpg,15,val,globe-flower
D:\Flower-Classification\data\flowers-102\jpg\image_06448.jpg,32,test,love in the mist
D:\Flower-Classification\data\flowers-102\jpg\image_00513.jpg,87,test,cyclamen
D:\Flower-Classification\data\flowers-102\jpg\image_03943.jpg,50,test,petunia
D:\Flower-Classification\data\flowers-102\jpg\image_06886.jpg,26,train,prince of wales feathers
D:\Flower-Classification\data\flowers-102\jpg\image_05018.jpg,46,test,marigold
D:\Flower-Classification\data\flowers-102\jpg\image_07008.jpg,38,val,siam tulip
D:\Flower-Classification\data\flowers-102\jpg\image_03736.jpg,36,test,cape flower
D:\Flower-Classification\data\flowers-102\jpg\image_01979.jpg,79,test,anthurium
D:\Flower-Classification\data\flowers-102\jpg\image_08138.jpg,56,val,gaura
D:\Flower-Classification\data\flowers-102\jpg\image_01476.jpg,50,test,petunia
D:\Flower-Classification\data\flowers-102\jpg\image_04973.jpg,46,test,marigold
D:\Flower-Classification\data\flowers-102\jpg\image_04109.jpg,28,test,artichoke
D:\Flower-Classification\data\flowers-102\jpg\image_06664.jpg,15,test,globe-flower
D:\Flower-Classification\data\flowers-102\jpg\image_07317.jpg,93,test,foxglove
D:\Flower-Classification\data\flowers-102\jpg\image_00415.jpg,72,test,water lily
D:\Flower-Classification\data\flowers-102\jpg\image_07332.jpg,93,test,foxglove
D:\Flower-Classification\data\flowers-102\jpg\image_05299.jpg,69,test,tree poppy
D:\Flower-Classification\data\flowers-102\jpg\image_04558.jpg,39,train,lenten rose
D:\Flower-Classification\data\flowers-102\jpg\image_04766.jpg,54,test,pelargonium
D:\Flower-Classification\data\flowers-102\jpg\image_01503.jpg,43,test,poinsettia
D:\Flower-Classification\data\flowers-102\jpg\image_04581.jpg,39,val,lenten rose
D:\Flower-Classification\data\flowers-102\jpg\image_02380.jpg,42,test,sword lily
D:\Flower-Classification\data\flowers-102\jpg\image_01803.jpg,82,test,hibiscus
D:\Flower-Classification\data\flowers-102\jpg\image_01080.jpg,45,test,wallflower
D:\Flower-Classification\data\flowers-102\jpg\image_04977.jpg,46,test,marigold
D:\Flower-Classification\data\flowers-102\jpg\image_07803.jpg,97,train,mexican petunia
D:\Flower-Classification\data\flowers-102\jpg\image_07050.jpg,66,test,spring crocus
D:\Flower-Classification\data\flowers-102\jpg\image_05862.jpg,62,test,black-eyed susan
D:\Flower-Classification\data\flowers-102\jpg\image_06989.jpg,34,train,alpine sea holly
D:\Flower-Classification\data\flowers-102\jpg\image_02366.jpg,42,test,sword lily
D:\Flower-Classification\data\flowers-102\jpg\image_03848.jpg,16,train,purple coneflower
D:\Flower-Classification\data\flowers-102\jpg\image_03661.jpg,52,test,primula
D:\Flower-Classification\data\flowers-102\jpg\image_00940.jpg,80,test,frangipani
D:\Flower-Classification\data\flowers-102\jpg\image_02220.jpg,40,test,barbeton daisy
D:\Flower-Classification\data\flowers-102\jpg\image_00040.jpg,76,test,passion flower
D:\Flower-Classification\data\flowers-102\jpg\image_04200.jpg,51,test,wild pansy
D:\Flower-Classification\data\flowers-102\jpg\image_05147.jpg,4,test,english marigold
D:\Flower-Classification\data\flowers-102\jpg\image_06569.jpg,49,test,common dandelion
D:\Flower-Classification\data\flowers-102\jpg\image_00264.jpg,72,test,water lily
D:\Flower-Classification\data\flowers-102\jpg\image_04987.jpg,46,test,marigold
D:\Flower-Classification\data\flowers-102\jpg\image_02075.jpg,74,train,thorn apple
D:\Flower-Classification\data\flowers-102\jpg\image_00670.jpg,88,test,watercress
D:\Flower-Classification\data\flowers-102\jpg\image_06309.jpg,49,test,common dandelion
D:\Flower-Classification\data\flowers-102\jpg\image_07276.jpg,61,test,japanese anemone
D:\Flower-Classification\data\flowers-102\jpg\image_03330.jpg,7,test,bird of paradise
D:\Flower-Classification\data\flowers-102\jpg\image_04096.jpg,28,test,artichoke
D:\Flower-Classification\data\flowers-102\jpg\image_05794.jpg,37,train,great masterwort
D:\Flower-Classification\data\flowers-102\jpg\image_05250.jpg,27,test,stemless gentian
D:\Flower-Classification\data\flowers-102\jpg\image_01433.jpg,50,test,petunia
D:\Flower-Classification\data\flowers-102\jpg\image_06965.jpg,33,test,mexican aster
D:\Flower-Classification\data\flowers-102\jpg\image_04579.jpg,39,test,lenten rose
D:\Flower-Classification\data\flowers-102\jpg\image_06705.jpg,78,test,toad lily
D:\Flower-Classification\data\flowers-102\jpg\image_02415.jpg,42,test,sword lily
D:\Flower-Classification\data\flowers-102\jpg\image_08128.jpg,56,test,gaura
D:\Flower-Classification\data\flowers-102\jpg\image_00041.jpg,76,test,passion flower
D:\Flower-Classification\data\flowers-102\jpg\image_06471.jpg,32,test,love in the mist
D:\Flower-Classification\data\flowers-102\jpg\image_00982.jpg,45,test,wallflower
D:\Flower-Classification\data\flowers-102\jpg\image_00435.jpg,72,test,water lily
D:\Flower-Classification\data\flowers-102\jpg\image_00538.jpg,87,test,cyclamen
D:\Flower-Classification\data\flowers-102\jpg\image_00076.jpg,76,test,passion flower
D:\Flower-Classification\data\flowers-102\jpg\image_05798.jpg,37,train,great masterwort
D:\Flower-Classification\data\flowers-102\jpg\image_07032.jpg,38,val,siam tulip
D:\Flower-Classification\data\flowers-102\jpg\image_00350.jpg,72,test,water lily
D:\Flower-Classification\data\flowers-102\jpg\image_05464.jpg,86,test,magnolia
D:\Flower-Classification\data\flowers-102\jpg\image_00687.jpg,88,test,watercress
D:\Flower-Classification\data\flowers-102\jpg\image_04169.jpg,51,test,wild pansy
D:\Flower-Classification\data\flowers-102\jpg\image_07568.jpg,94,test,bougainvillea
D:\Flower-Classification\data\flowers-102\jpg\image_02438.jpg,42,test,sword lily
D:\Flower-Classification\data\flowers-102\jpg\image_06976.jpg,34,test,alpine sea holly
D:\Flower-Classification\data\flowers-102\jpg\image_01952.jpg,77,test,lotus
D:\Flower-Classification\data\flowers-102\jpg\image_07336.jpg,93,val,foxglove
D:\Flower-Classification\data\flowers-102\jpg\image_00287.jpg,72,test,water lily
D:\Flower-Classification\data\flowers-102\jpg\image_08079.jpg,66,test,spring crocus
D:\Flower-Classification\data\flowers-102\jpg\image_00048.jpg,76,test,passion flower
D:\Flower-Classification\data\flowers-102\jpg\image_08076.jpg,30,train,carnation
D:\Flower-Classification\data\flowers-102\jpg\image_04392.jpg,35,val,ruby-lipped cattleya
D:\Flower-Classification\data\flowers-102\jpg\image_02579.jpg,83,test,columbine
D:\Flower-Classification\data\flowers-102\jpg\image_04214.jpg,51,test,wild pansy
D:\Flower-Classification\data\flowers-102\jpg\image_04905.jpg,19,val,giant white arum lily
D:\Flower-Classification\data\flowers-102\jpg\image_06549.jpg,49,train,common dandelion
D:\Flower-Classification\data\flowers-102\jpg\image_06525.jpg,25,train,corn poppy
D:\Flower-Classification\data\flowers-102\jpg\image_01279.jpg,73,test,rose
D:\Flower-Classification\data\flowers-102\jpg\image_06782.jpg,20,test,fire lily
D:\Flower-Classification\data\flowers-102\jpg\image_07842.jpg,98,val,bromelia
D:\Flower-Classification\data\flowers-102\jpg\image_00524.jpg,87,val,cyclamen
D:\Flower-Classification\data\flowers-102\jpg\image_05312.jpg,69,test,tree poppy
D:\Flower-Classification\data\flowers-102\jpg\image_06400.jpg,8,val,monkshood
D:\Flower-Classification\data\flowers-102\jpg\image_03908.jpg,16,train,purple coneflower
D:\Flower-Classification\data\flowers-102\jpg\image_05127.jpg,1,test,hard-leaved pocket orchid
D:\Flower-Classification\data\flowers-102\jpg\image_05735.jpg,41,test,daffodil
D:\Flower-Classification\data\flowers-102\jpg\image_00522.jpg,87,test,cyclamen
D:\Flower-Classification\data\flowers-102\jpg\image_03089.jpg,91,test,bee balm
D:\Flower-Classification\data\flowers-102\jpg\image_07939.jpg,99,test,blanket flower
D:\Flower-Classification\data\flowers-102\jpg\image_02987.jpg,59,val,pink-yellow dahlia?
D:\Flower-Classification\data\flowers-102\jpg\image_08033.jpg,101,train,blackberry lily
D:\Flower-Classification\data\flowers-102\jpg\image_05049.jpg,58,test,orange dahlia
D:\Flower-Classification\data\flowers-102\jpg\image_02475.jpg,75,train,morning glory
D:\Flower-Classification\data\flowers-102\jpg\image_05248.jpg,27,test,stemless gentian
D:\Flower-Classification\data\flowers-102\jpg\image_03337.jpg,7,val,bird of paradise
D:\Flower-Classification\data\flowers-102\jpg\image_07342.jpg,93,test,foxglove
D:\Flower-Classification\data\flowers-102\jpg\image_01164.jpg,73,test,rose
D:\Flower-Classification\data\flowers-102\jpg\image_00505.jpg,87,test,cyclamen
D:\Flower-Classification\data\flowers-102\jpg\image_07548.jpg,94,test,bougainvillea
D:\Flower-Classification\data\flowers-102\jpg\image_04294.jpg,17,test,peruvian lily
D:\Flower-Classification\data\flowers-102\jpg\image_05040.jpg,58,train,orange dahlia
D:\Flower-Classification\data\flowers-102\jpg\image_05930.jpg,67,test,bearded iris
D:\Flower-Classification\data\flowers-102\jpg\image_01565.jpg,43,test,poinsettia
D:\Flower-Classification\data\flowers-102\jpg\image_00162.jpg,76,test,passion flower
D:\Flower-Classification\data\flowers-102\jpg\image_07041.jpg,38,val,siam tulip
D:\Flower-Classification\data\flowers-102\jpg\image_01260.jpg,73,test,rose
D:\Flower-Classification\data\flowers-102\jpg\image_07786.jpg,97,val,mexican petunia
D:\Flower-Classification\data\flowers-102\jpg\image_00933.jpg,80,test,frangipani
D:\Flower-Classification\data\flowers-102\jpg\image_02878.jpg,85,test,tree mallow
D:\Flower-Classification\data\flowers-102\jpg\image_03679.jpg,52,test,primula
D:\Flower-Classification\data\flowers-102\jpg\image_05958.jpg,68,val,windflower
D:\Flower-Classification\data\flowers-102\jpg\image_03954.jpg,50,test,petunia
D:\Flower-Classification\data\flowers-102\jpg\image_01677.jpg,81,test,clematis
D:\Flower-Classification\data\flowers-102\jpg\image_01972.jpg,79,train,anthurium
D:\Flower-Classification\data\flowers-102\jpg\image_01714.jpg,82,test,hibiscus
D:\Flower-Classification\data\flowers-102\jpg\image_02896.jpg,85,test,tree mallow
D:\Flower-Classification\data\flowers-102\jpg\image_05377.jpg,21,test,pincushion flower
D:\Flower-Classification\data\flowers-102\jpg\image_07357.jpg,93,test,foxglove
D:\Flower-Classification\data\flowers-102\jpg\image_05387.jpg,21,test,pincushion flower
D:\Flower-Classification\data\flowers-102\jpg\image_06069.jpg,13,test,spear thistle
D:\Flower-Classification\data\flowers-102\jpg\image_03024.jpg,59,test,pink-yellow dahlia?
D:\Flower-Classification\data\flowers-102\jpg\image_03069.jpg,91,train,bee balm
D:\Flower-Classification\data\flowers-102\jpg\image_02565.jpg,83,train,columbine
D:\Flower-Classification\data\flowers-102\jpg\image_04390.jpg,35,test,ruby-lipped cattleya
D:\Flower-Classification\data\flowers-102\jpg\image_07767.jpg,97,val,mexican petunia
D:\Flower-Classification\data\flowers-102\jpg\image_02118.jpg,74,test,thorn apple
D:\Flower-Classification\data\flowers-102\jpg\image_06678.jpg,15,val,globe-flower
D:\Flower-Classification\data\flowers-102\jpg\image_05818.jpg,37,test,great masterwort
D:\Flower-Classification\data\flowers-102\jpg\image_04991.jpg,46,val,marigold
D:\Flower-Classification\data\flowers-102\jpg\image_05337.jpg,69,test,tree poppy
D:\Flower-Classification\data\flowers-102\jpg\image_01426.jpg,50,test,petunia
D:\Flower-Classification\data\flowers-102\jpg\image_00926.jpg,80,test,frangipani
D:\Flower-Classification\data\flowers-102\jpg\image_03778.jpg,36,test,cape flower
D:\Flower-Classification\data\flowers-102\jpg\image_01025.jpg,45,test,wallflower
D:\Flower-Classification\data\flowers-102\jpg\image_01613.jpg,81,train,clematis
D:\Flower-Classification\data\flowers-102\jpg\image_07175.jpg,5,test,tiger lily
D:\Flower-Classification\data\flowers-102\jpg\image_04005.jpg,11,test,colt's foot
D:\Flower-Classification\data\flowers-102\jpg\image_07047.jpg,66,test,spring crocus
D:\Flower-Classification\data\flowers-102\jpg\image_02890.jpg,85,test,tree mallow
D:\Flower-Classification\data\flowers-102\jpg\image_02672.jpg,57,val,geranium
D:\Flower-Classification\data\flowers-102\jpg\image_01818.jpg,82,test,hibiscus
D:\Flower-Classification\data\flowers-102\jpg\image_05549.jpg,65,test,osteospermum
D:\Flower-Classification\data\flowers-102\jpg\image_01584.jpg,81,test,clematis
D:\Flower-Classification\data\flowers-102\jpg\image_02501.jpg,75,test,morning glory
D:\Flower-Classification\data\flowers-102\jpg\image_03262.jpg,64,train,californian poppy
D:\Flower-Classification\data\flowers-102\jpg\image_01161.jpg,73,test,rose
D:\Flower-Classification\data\flowers-102\jpg\image_06321.jpg,49,test,common dandelion
D:\Flower-Classification\data\flowers-102\jpg\image_04018.jpg,11,test,colt's foot
D:\Flower-Classification\data\flowers-102\jpg\image_05168.jpg,4,val,english marigold
D:\Flower-Classification\data\flowers-102\jpg\image_02747.jpg,57,test,geranium
D:\Flower-Classification\data\flowers-102\jpg\image_04475.jpg,89,train,canna lily
D:\Flower-Classification\data\flowers-102\jpg\image_07189.jpg,5,test,tiger lily
D:\Flower-Classification\data\flowers-102\jpg\image_03426.jpg,22,test,fritillary
D:\Flower-Classification\data\flowers-102\jpg\image_06077.jpg,13,test,spear thistle
D:\Flower-Classification\data\flowers-102\jpg\image_06831.jpg,23,train,red ginger
D:\Flower-Classification\data\flowers-102\jpg\image_03318.jpg,7,val,bird of paradise
D:\Flower-Classification\data\flowers-102\jpg\image_01178.jpg,73,test,rose
D:\Flower-Classification\data\flowers-102\jpg\image_05621.jpg,31,val,garden phlox
D:\Flower-Classification\data\flowers-102\jpg\image_05668.jpg,3,test,sweet pea
D:\Flower-Classification\data\flowers-102\jpg\image_00785.jpg,80,test,frangipani
D:\Flower-Classification\data\flowers-102\jpg\image_00680.jpg,88,test,watercress
D:\Flower-Classification\data\flowers-102\jpg\image_07650.jpg,95,test,camellia
D:\Flower-Classification\data\flowers-102\jpg\image_01340.jpg,50,test,petunia
D:\Flower-Classification\data\flowers-102\jpg\image_04505.jpg,70,test,gazania
D:\Flower-Classification\data\flowers-102\jpg\image_07275.jpg,61,test,japanese anemone
D:\Flower-Classification\data\flowers-102\jpg\image_06492.jpg,25,test,corn poppy
D:\Flower-Classification\data\flowers-102\jpg\image_03601.jpg,71,val,azalea
D:\Flower-Classification\data\flowers-102\jpg\image_00547.jpg,87,test,cyclamen
D:\Flower-Classification\data\flowers-102\jpg\image_03173.jpg,10,test,snapdragon
D:\Flower-Classification\data\flowers-102\jpg\image_04298.jpg,17,train,peruvian lily
D:\Flower-Classification\data\flowers-102\jpg\image_08178.jpg,61,test,japanese anemone
D:\Flower-Classification\data\flowers-102\jpg\image_00277.jpg,72,test,water lily
D:\Flower-Classification\data\flowers-102\jpg\image_04891.jpg,90,test,hippeastrum
D:\Flower-Classification\data\flowers-102\jpg\image_04656.jpg,47,val,buttercup
D:\Flower-Classification\data\flowers-102\jpg\image_05754.jpg,12,test,king protea
D:\Flower-Classification\data\flowers-102\jpg\image_03258.jpg,64,test,californian poppy
D:\Flower-Classification\data\flowers-102\jpg\image_07515.jpg,94,test,bougainvillea
D:\Flower-Classification\data\flowers-102\jpg\image_07206.jpg,6,test,moon orchid
D:\Flower-Classification\data\flowers-102\jpg\image_03532.jpg,29,test,sweet william
D:\Flower-Classification\data\flowers-102\jpg\image_00057.jpg,76,test,passion flower
D:\Flower-Classification\data\flowers-102\jpg\image_02684.jpg,57,train,geranium
D:\Flower-Classification\data\flowers-102\jpg\image_06359.jpg,14,val,yellow iris
D:\Flower-Classification\data\flowers-102\jpg\image_08050.jpg,23,test,red ginger
D:\Flower-Classification\data\flowers-102\jpg\image_06262.jpg,60,test,cautleya spicata
D:\Flower-Classification\data\flowers-102\jpg\image_00259.jpg,72,test,water lily
D:\Flower-Classification\data\flowers-102\jpg\image_01715.jpg,82,train,hibiscus
D:\Flower-Classification\data\flowers-102\jpg\image_06699.jpg,78,train,toad lily
D:\Flower-Classification\data\flowers-102\jpg\image_01980.jpg,79,test,anthurium
D:\Flower-Classification\data\flowers-102\jpg\image_00012.jpg,76,test,passion flower
D:\Flower-Classification\data\flowers-102\jpg\image_07417.jpg,93,test,foxglove
D:\Flower-Classification\data\flowers-102\jpg\image_08139.jpg,56,test,gaura
D:\Flower-Classification\data\flowers-102\jpg\image_00975.jpg,45,test,wallflower
D:\Flower-Classification\data\flowers-102\jpg\image_07676.jpg,95,test,camellia
D:\Flower-Classification\data\flowers-102\jpg\image_00945.jpg,80,train,frangipani
D:\Flower-Classification\data\flowers-102\jpg\image_02942.jpg,59,test,pink-yellow dahlia?
D:\Flower-Classification\data\flowers-102\jpg\image_04431.jpg,89,test,canna lily
D:\Flower-Classification\data\flowers-102\jpg\image_02798.jpg,55,test,bishop of llandaff
D:\Flower-Classification\data\flowers-102\jpg\image_05284.jpg,69,test,tree poppy
D:\Flower-Classification\data\flowers-102\jpg\image_04753.jpg,54,test,pelargonium
D:\Flower-Classification\data\flowers-102\jpg\image_04046.jpg,11,test,colt's foot
D:\Flower-Classification\data\flowers-102\jpg\image_06210.jpg,48,test,oxeye daisy
D:\Flower-Classification\data\flowers-102\jpg\image_01648.jpg,81,test,clematis
D:\Flower-Classification\data\flowers-102\jpg\image_00070.jpg,76,test,passion flower
D:\Flower-Classification\data\flowers-102\jpg\image_01888.jpg,77,test,lotus
D:\Flower-Classification\data\flowers-102\jpg\image_06108.jpg,63,val,silverbush
D:\Flower-Classification\data\flowers-102\jpg\image_04117.jpg,28,test,artichoke
D:\Flower-Classification\data\flowers-102\jpg\image_01043.jpg,45,test,wallflower
D:\Flower-Classification\data\flowers-102\jpg\image_08166.jpg,61,train,japanese anemone
D:\Flower-Classification\data\flowers-102\jpg\image_01509.jpg,43,test,poinsettia
D:\Flower-Classification\data\flowers-102\jpg\image_03936.jpg,50,test,petunia
D:\Flower-Classification\data\flowers-102\jpg\image_01900.jpg,77,train,lotus
D:\Flower-Classification\data\flowers-102\jpg\image_06342.jpg,49,test,common dandelion
D:\Flower-Classification\data\flowers-102\jpg\image_06488.jpg,25,test,corn poppy
D:\Flower-Classification\data\flowers-102\jpg\image_07728.jpg,96,test,mallow
D:\Flower-Classification\data\flowers-102\jpg\image_07367.jpg,93,test,foxglove
D:\Flower-Classification\data\flowers-102\jpg\image_07092.jpg,9,test,globe thistle
D:\Flower-Classification\data\flowers-102\jpg\image_07150.jpg,44,test,bolero deep blue
D:\Flower-Classification\data\flowers-102\jpg\image_07086.jpg,9,test,globe thistle
D:\Flower-Classification\data\flowers-102\jpg\image_07217.jpg,6,test,moon orchid
D:\Flower-Classification\data\flowers-102\jpg\image_00256.jpg,72,test,water lily
D:\Flower-Classification\data\flowers-102\jpg\image_06593.jpg,24,train,grape hyacinth
D:\Flower-Classification\data\flowers-102\jpg\image_01806.jpg,82,test,hibiscus
D:\Flower-Classification\data\flowers-102\jpg\image_04187.jpg,51,test,wild pansy
D:\Flower-Classification\data\flowers-102\jpg\image_05420.jpg,53,test,sunflower
D:\Flower-Classification\data\flowers-102\jpg\image_07062.jpg,66,test,spring crocus
D:\Flower-Classification\data\flowers-102\jpg\image_06358.jpg,14,test,yellow iris
D:\Flower-Classification\data\flowers-102\jpg\image_04601.jpg,39,test,lenten rose
D:\Flower-Classification\data\flowers-102\jpg\image_06244.jpg,48,test,oxeye daisy
D:\Flower-Classification\data\flowers-102\jpg\image_03397.jpg,22,test,fritillary
D:\Flower-Classification\data\flowers-102\jpg\image_05338.jpg,69,test,tree poppy
D:\Flower-Classification\data\flowers-102\jpg\image_02470.jpg,75,test,morning glory
D:\Flower-Classification\data\flowers-102\jpg\image_02791.jpg,55,test,bishop of llandaff
D:\Flower-Classification\data\flowers-102\jpg\image_02696.jpg,57,val,geranium
D:\Flower-Classification\data\flowers-102\jpg\image_04510.jpg,70,test,gazania
D:\Flower-Classification\data\flowers-102\jpg\image_00310.jpg,72,test,water lily
D:\Flower-Classification\data\flowers-102\jpg\image_02755.jpg,55,test,bishop of llandaff
D:\Flower-Classification\data\flowers-102\jpg\image_07127.jpg,44,val,bolero deep blue
D:\Flower-Classification\data\flowers-102\jpg\image_03956.jpg,50,test,petunia
D:\Flower-Classification\data\flowers-102\jpg\image_01270.jpg,73,train,rose
D:\Flower-Classification\data\flowers-102\jpg\image_05161.jpg,4,train,english marigold
D:\Flower-Classification\data\flowers-102\jpg\image_06785.jpg,20,test,fire lily
D:\Flower-Classification\data\flowers-102\jpg\image_01109.jpg,45,test,wallflower
D:\Flower-Classification\data\flowers-102\jpg\image_06622.jpg,2,test,canterbury bells
D:\Flower-Classification\data\flowers-102\jpg\image_06648.jpg,2,test,canterbury bells
D:\Flower-Classification\data\flowers-102\jpg\image_02852.jpg,55,train,bishop of llandaff
D:\Flower-Classification\data\flowers-102\jpg\image_05499.jpg,86,test,magnolia
D:\Flower-Classification\data\flowers-102\jpg\image_02756.jpg,55,test,bishop of llandaff
D:\Flower-Classification\data\flowers-102\jpg\image_06809.jpg,20,val,fire lily
D:\Flower-Classification\data\flowers-102\jpg\image_01729.jpg,82,test,hibiscus
D:\Flower-Classification\data\flowers-102\jpg\image_02132.jpg,74,test,thorn apple
D:\Flower-Classification\data\flowers-102\jpg\image_04333.jpg,35,train,ruby-lipped cattleya
D:\Flower-Classification\data\flowers-102\jpg\image_02680.jpg,57,test,geranium
D:\Flower-Classification\data\flowers-102\jpg\image_07273.jpg,61,test,japanese anemone
D:\Flower-Classification\data\flowers-102\jpg\image_06240.jpg,48,test,oxeye daisy
D:\Flower-Classification\data\flowers-102\jpg\image_02131.jpg,74,test,thorn apple
D:\Flower-Classification\data\flowers-102\jpg\image_05141.jpg,1,test,hard-leaved pocket orchid
D:\Flower-Classification\data\flowers-102\jpg\image_01220.jpg,73,test,rose
D:\Flower-Classification\data\flowers-102\jpg\image_04480.jpg,89,train,canna lily
D:\Flower-Classification\data\flowers-102\jpg\image_02505.jpg,75,test,morning glory
D:\Flower-Classification\data\flowers-102\jpg\image_02397.jpg,42,test,sword lily
D:\Flower-Classification\data\flowers-102\jpg\image_04881.jpg,90,test,hippeastrum
D:\Flower-Classification\data\flowers-102\jpg\image_01499.jpg,43,test,poinsettia
D:\Flower-Classification\data\flowers-102\jpg\image_00222.jpg,76,val,passion flower
D:\Flower-Classification\data\flowers-102\jpg\image_02800.jpg,55,test,bishop of llandaff
D:\Flower-Classification\data\flowers-102\jpg\image_03509.jpg,29,test,sweet william
D:\Flower-Classification\data\flowers-102\jpg\image_00652.jpg,88,test,watercress
D:\Flower-Classification\data\flowers-102\jpg\image_00578.jpg,87,val,cyclamen
D:\Flower-Classification\data\flowers-102\jpg\image_00051.jpg,76,test,passion flower
D:\Flower-Classification\data\flowers-102\jpg\image_01331.jpg,50,test,petunia
D:\Flower-Classification\data\flowers-102\jpg\image_04576.jpg,39,test,lenten rose
D:\Flower-Classification\data\flowers-102\jpg\image_08149.jpg,56,test,gaura
D:\Flower-Classification\data\flowers-102\jpg\image_02697.jpg,57,test,geranium
D:\Flower-Classification\data\flowers-102\jpg\image_04225.jpg,51,test,wild pansy
D:\Flower-Classification\data\flowers-102\jpg\image_05442.jpg,53,test,sunflower
D:\Flower-Classification\data\flowers-102\jpg\image_08030.jpg,101,val,blackberry lily
D:\Flower-Classification\data\flowers-102\jpg\image_02549.jpg,75,test,morning glory
D:\Flower-Classification\data\flowers-102\jpg\image_05262.jpg,27,test,stemless gentian
D:\Flower-Classification\data\flowers-102\jpg\image_04861.jpg,90,test,hippeastrum
D:\Flower-Classification\data\flowers-102\jpg\image_05445.jpg,53,test,sunflower
D:\Flower-Classification\data\flowers-102\jpg\image_07895.jpg,99,test,blanket flower
D:\Flower-Classification\data\flowers-102\jpg\image_06337.jpg,49,test,common dandelion
D:\Flower-Classification\data\flowers-102\jpg\image_00081.jpg,76,test,passion flower
D:\Flower-Classification\data\flowers-102\jpg\image_07133.jpg,44,val,bolero deep blue
D:\Flower-Classification\data\flowers-102\jpg\image_04678.jpg,47,test,buttercup
D:\Flower-Classification\data\flowers-102\jpg\image_05031.jpg,58,test,orange dahlia
D:\Flower-Classification\data\flowers-102\jpg\image_07629.jpg,95,test,camellia
D:\Flower-Classification\data\flowers-102\jpg\image_06085.jpg,13,test,spear thistle
D:\Flower-Classification\data\flowers-102\jpg\image_05788.jpg,12,test,king protea
D:\Flower-Classification\data\flowers-102\jpg\image_00140.jpg,76,test,passion flower
D:\Flower-Classification\data\flowers-102\jpg\image_00701.jpg,88,test,watercress
D:\Flower-Classification\data\flowers-102\jpg\image_05175.jpg,4,test,english marigold
D:\Flower-Classification\data\flowers-102\jpg\image_03838.jpg,16,test,purple coneflower
D:\Flower-Classification\data\flowers-102\jpg\image_07319.jpg,93,test,foxglove
D:\Flower-Classification\data\flowers-102\jpg\image_00126.jpg,76,train,passion flower
D:\Flower-Classification\data\flowers-102\jpg\image_04097.jpg,28,test,artichoke
D:\Flower-Classification\data\flowers-102\jpg\image_07036.jpg,38,test,siam tulip
D:\Flower-Classification\data\flowers-102\jpg\image_05768.jpg,12,val,king protea
D:\Flower-Classification\data\flowers-102\jpg\image_07241.jpg,56,test,gaura
D:\Flower-Classification\data\flowers-102\jpg\image_02404.jpg,42,train,sword lily
D:\Flower-Classification\data\flowers-102\jpg\image_06867.jpg,26,val,prince of wales feathers
D:\Flower-Classification\data\flowers-102\jpg\image_00437.jpg,72,test,water lily
D:\Flower-Classification\data\flowers-102\jpg\image_01170.jpg,73,test,rose
D:\Flower-Classification\data\flowers-102\jpg\image_04322.jpg,17,test,peruvian lily
D:\Flower-Classification\data\flowers-102\jpg\image_01452.jpg,50,val,petunia
D:\Flower-Classification\data\flowers-102\jpg\image_01699.jpg,82,test,hibiscus
D:\Flower-Classification\data\flowers-102\jpg\image_03558.jpg,71,test,azalea
D:\Flower-Classification\data\flowers-102\jpg\image_07227.jpg,6,test,moon orchid
D:\Flower-Classification\data\flowers-102\jpg\image_06776.jpg,20,test,fire lily
D:\Flower-Classification\data\flowers-102\jpg\image_04160.jpg,51,test,wild pansy
D:\Flower-Classification\data\flowers-102\jpg\image_04153.jpg,28,val,artichoke
D:\Flower-Classification\data\flowers-102\jpg\image_04395.jpg,35,train,ruby-lipped cattleya
D:\Flower-Classification\data\flowers-102\jpg\image_05407.jpg,53,train,sunflower
D:\Flower-Classification\data\flowers-102\jpg\image_03663.jpg,52,test,primula
D:\Flower-Classification\data\flowers-102\jpg\image_00026.jpg,76,test,passion flower
D:\Flower-Classification\data\flowers-102\jpg\image_02049.jpg,79,test,anthurium
D:\Flower-Classification\data\flowers-102\jpg\image_00666.jpg,88,train,watercress
D:\Flower-Classification\data\flowers-102\jpg\image_05101.jpg,1,val,hard-leaved pocket orchid
D:\Flower-Classification\data\flowers-102\jpg\image_07770.jpg,97,test,mexican petunia
D:\Flower-Classification\data\flowers-102\jpg\image_08112.jpg,92,train,ball moss
D:\Flower-Classification\data\flowers-102\jpg\image_02748.jpg,57,train,geranium
D:\Flower-Classification\data\flowers-102\jpg\image_00955.jpg,45,test,wallflower
D:\Flower-Classification\data\flowers-102\jpg\image_01529.jpg,43,test,poinsettia
D:\Flower-Classification\data\flowers-102\jpg\image_07118.jpg,9,test,globe thistle
D:\Flower-Classification\data\flowers-102\jpg\image_02424.jpg,42,test,sword lily
D:\Flower-Classification\data\flowers-102\jpg\image_05522.jpg,86,test,magnolia
D:\Flower-Classification\data\flowers-102\jpg\image_03508.jpg,29,val,sweet william
D:\Flower-Classification\data\flowers-102\jpg\image_05395.jpg,21,test,pincushion flower
D:\Flower-Classification\data\flowers-102\jpg\image_06792.jpg,20,val,fire lily
D:\Flower-Classification\data\flowers-102\jpg\image_05305.jpg,69,val,tree poppy
D:\Flower-Classification\data\flowers-102\jpg\image_03057.jpg,91,test,bee balm
D:\Flower-Classification\data\flowers-102\jpg\image_01733.jpg,82,test,hibiscus
D:\Flower-Classification\data\flowers-102\jpg\image_06129.jpg,63,train,silverbush
D:\Flower-Classification\data\flowers-102\jpg\image_00688.jpg,88,test,watercress
D:\Flower-Classification\data\flowers-102\jpg\image_06420.jpg,8,train,monkshood
D:\Flower-Classification\data\flowers-102\jpg\image_00632.jpg,88,test,watercress
D:\Flower-Classification\data\flowers-102\jpg\image_03513.jpg,29,test,sweet william
D:\Flower-Classification\data\flowers-102\jpg\image_00655.jpg,88,test,watercress
D:\Flower-Classification\data\flowers-102\jpg\image_03914.jpg,50,test,petunia
D:\Flower-Classification\data\flowers-102\jpg\image_00790.jpg,80,test,frangipani
D:\Flower-Classification\data\flowers-102\jpg\image_08051.jpg,23,train,red ginger
D:\Flower-Classification\data\flowers-102\jpg\image_07985.jpg,100,test,trumpet creeper
D:\Flower-Classification\data\flowers-102\jpg\image_00332.jpg,72,test,water lily
D:\Flower-Classification\data\flowers-102\jpg\image_00726.jpg,88,test,watercress
D:\Flower-Classification\data\flowers-102\jpg\image_05409.jpg,53,test,sunflower
D:\Flower-Classification\data\flowers-102\jpg\image_07789.jpg,97,test,mexican petunia
D:\Flower-Classification\data\flowers-102\jpg\image_07243.jpg,56,test,gaura
D:\Flower-Classification\data\flowers-102\jpg\image_00596.jpg,87,test,cyclamen
D:\Flower-Classification\data\flowers-102\jpg\image_00065.jpg,76,test,passion flower
D:\Flower-Classification\data\flowers-102\jpg\image_01005.jpg,45,test,wallflower
D:\Flower-Classification\data\flowers-102\jpg\image_06406.jpg,8,test,monkshood
D:\Flower-Classification\data\flowers-102\jpg\image_05564.jpg,65,train,osteospermum
D:\Flower-Classification\data\flowers-102\jpg\image_05894.jpg,62,test,black-eyed susan
D:\Flower-Classification\data\flowers-102\jpg\image_02459.jpg,75,test,morning glory
D:\Flower-Classification\data\flowers-102\jpg\image_06453.jpg,32,train,love in the mist
D:\Flower-Classification\data\flowers-102\jpg\image_05500.jpg,86,val,magnolia
D:\Flower-Classification\data\flowers-102\jpg\image_04311.jpg,17,test,peruvian lily
D:\Flower-Classification\data\flowers-102\jpg\image_03204.jpg,64,test,californian poppy
D:\Flower-Classification\data\flowers-102\jpg\image_03934.jpg,50,test,petunia
D:\Flower-Classification\data\flowers-102\jpg\image_05780.jpg,12,test,king protea
D:\Flower-Classification\data\flowers-102\jpg\image_00440.jpg,72,test,water lily
D:\Flower-Classification\data\flowers-102\jpg\image_01862.jpg,77,test,lotus
D:\Flower-Classification\data\flowers-102\jpg\image_06535.jpg,49,test,common dandelion
D:\Flower-Classification\data\flowers-102\jpg\image_04555.jpg,70,test,gazania
D:\Flower-Classification\data\flowers-102\jpg\image_00866.jpg,80,test,frangipani
D:\Flower-Classification\data\flowers-102\jpg\image_05252.jpg,27,test,stemless gentian
D:\Flower-Classification\data\flowers-102\jpg\image_02112.jpg,74,test,thorn apple
D:\Flower-Classification\data\flowers-102\jpg\image_07680.jpg,95,test,camellia
D:\Flower-Classification\data\flowers-102\jpg\image_03102.jpg,10,train,snapdragon
D:\Flower-Classification\data\flowers-102\jpg\image_05576.jpg,65,train,osteospermum
D:\Flower-Classification\data\flowers-102\jpg\image_00808.jpg,80,test,frangipani
D:\Flower-Classification\data\flowers-102\jpg\image_01867.jpg,77,test,lotus
D:\Flower-Classification\data\flowers-102\jpg\image_00323.jpg,72,test,water lily
D:\Flower-Classification\data\flowers-102\jpg\image_04292.jpg,17,test,peruvian lily
D:\Flower-Classification\data\flowers-102\jpg\image_05669.jpg,3,test,sweet pea
D:\Flower-Classification\data\flowers-102\jpg\image_01117.jpg,45,test,wallflower
D:\Flower-Classification\data\flowers-102\jpg\image_02581.jpg,83,val,columbine
D:\Flower-Classification\data\flowers-102\jpg\image_04459.jpg,89,test,canna lily
D:\Flower-Classification\data\flowers-102\jpg\image_04466.jpg,89,test,canna lily
D:\Flower-Classification\data\flowers-102\jpg\image_06431.jpg,8,test,monkshood
D:\Flower-Classification\data\flowers-102\jpg\image_01483.jpg,50,test,petunia
D:\Flower-Classification\data\flowers-102\jpg\image_01017.jpg,45,test,wallflower
D:\Flower-Classification\data\flowers-102\jpg\image_04806.jpg,84,train,desert-rose
D:\Flower-Classification\data\flowers-102\jpg\image_00750.jpg,88,test,watercress
D:\Flower-Classification\data\flowers-102\jpg\image_06041.jpg,92,test,ball moss
D:\Flower-Classification\data\flowers-102\jpg\image_07929.jpg,99,test,blanket flower
D:\Flower-Classification\data\flowers-102\jpg\image_02063.jpg,79,test,anthurium
D:\Flower-Classification\data\flowers-102\jpg\image_03517.jpg,29,test,sweet william
D:\Flower-Classification\data\flowers-102\jpg\image_06651.jpg,2,train,canterbury bells
D:\Flower-Classification\data\flowers-102\jpg\image_07512.jpg,94,val,bougainvillea
D:\Flower-Classification\data\flowers-102\jpg\image_05297.jpg,69,test,tree poppy
D:\Flower-Classification\data\flowers-102\jpg\image_02803.jpg,55,val,bishop of llandaff
D:\Flower-Classification\data\flowers-102\jpg\image_00776.jpg,88,test,watercress
D:\Flower-Classification\data\flowers-102\jpg\image_03134.jpg,10,test,snapdragon
D:\Flower-Classification\data\flowers-102\jpg\image_00747.jpg,88,test,watercress
D:\Flower-Classification\data\flowers-102\jpg\image_05987.jpg,68,test,windflower
D:\Flower-Classification\data\flowers-102\jpg\image_05547.jpg,65,test,osteospermum
D:\Flower-Classification\data\flowers-102\jpg\image_07307.jpg,93,train,foxglove
D:\Flower-Classification\data\flowers-102\jpg\image_07256.jpg,56,val,gaura
D:\Flower-Classification\data\flowers-102\jpg\image_06344.jpg,49,test,common dandelion
D:\Flower-Classification\data\flowers-102\jpg\image_03608.jpg,71,test,azalea
D:\Flower-Classification\data\flowers-102\jpg\image_00423.jpg,72,test,water lily
D:\Flower-Classification\data\flowers-102\jpg\image_06510.jpg,25,val,corn poppy
D:\Flower-Classification\data\flowers-102\jpg\image_06564.jpg,49,val,common dandelion
D:\Flower-Classification\data\flowers-102\jpg\image_02122.jpg,74,test,thorn apple
D:\Flower-Classification\data\flowers-102\jpg\image_01317.jpg,50,train,petunia
D:\Flower-Classification\data\flowers-102\jpg\image_04816.jpg,84,val,desert-rose
D:\Flower-Classification\data\flowers-102\jpg\image_05436.jpg,53,test,sunflower
D:\Flower-Classification\data\flowers-102\jpg\image_05590.jpg,31,train,garden phlox
D:\Flower-Classification\data\flowers-102\jpg\image_01128.jpg,45,test,wallflower
D:\Flower-Classification\data\flowers-102\jpg\image_01444.jpg,50,test,petunia
D:\Flower-Classification\data\flowers-102\jpg\image_04378.jpg,35,test,ruby-lipped cattleya
D:\Flower-Classification\data\flowers-102\jpg\image_07300.jpg,89,train,canna lily
D:\Flower-Classification\data\flowers-102\jpg\image_02383.jpg,42,test,sword lily
D:\Flower-Classification\data\flowers-102\jpg\image_03737.jpg,36,test,cape flower
D:\Flower-Classification\data\flowers-102\jpg\image_05050.jpg,58,test,orange dahlia
D:\Flower-Classification\data\flowers-102\jpg\image_04608.jpg,39,val,lenten rose
D:\Flower-Classification\data\flowers-102\jpg\image_04201.jpg,51,test,wild pansy
D:\Flower-Classification\data\flowers-102\jpg\image_06585.jpg,24,val,grape hyacinth
D:\Flower-Classification\data\flowers-102\jpg\image_04313.jpg,17,test,peruvian lily
D:\Flower-Classification\data\flowers-102\jpg\image_01521.jpg,43,val,poinsettia
D:\Flower-Classification\data\flowers-102\jpg\image_02994.jpg,59,test,pink-yellow dahlia?
D:\Flower-Classification\data\flowers-102\jpg\image_01935.jpg,77,test,lotus
D:\Flower-Classification\data\flowers-102\jpg\image_04415.jpg,89,test,canna lily
D:\Flower-Classification\data\flowers-102\jpg\image_01520.jpg,43,test,poinsettia
D:\Flower-Classification\data\flowers-102\jpg\image_05240.jpg,27,train,stemless gentian
D:\Flower-Classification\data\flowers-102\jpg\image_07688.jpg,96,test,mallow
D:\Flower-Classification\data\flowers-102\jpg\image_04171.jpg,51,test,wild pansy
D:\Flower-Classification\data\flowers-102\jpg\image_07253.jpg,56,val,gaura
D:\Flower-Classification\data\flowers-102\jpg\image_05316.jpg,69,test,tree poppy
D:\Flower-Classification\data\flowers-102\jpg\image_05232.jpg,27,train,stemless gentian
D:\Flower-Classification\data\flowers-102\jpg\image_02736.jpg,57,test,geranium
D:\Flower-Classification\data\flowers-102\jpg\image_02441.jpg,42,test,sword lily
D:\Flower-Classification\data\flowers-102\jpg\image_03101.jpg,10,train,snapdragon
D:\Flower-Classification\data\flowers-102\jpg\image_01140.jpg,45,test,wallflower
D:\Flower-Classification\data\flowers-102\jpg\image_07605.jpg,95,test,camellia
D:\Flower-Classification\data\flowers-102\jpg\image_00961.jpg,45,test,wallflower
D:\Flower-Classification\data\flowers-102\jpg\image_05974.jpg,68,train,windflower
D:\Flower-Classification\data\flowers-102\jpg\image_03965.jpg,50,test,petunia
D:\Flower-Classification\data\flowers-102\jpg\image_06449.jpg,32,train,love in the mist
D:\Flower-Classification\data\flowers-102\jpg\image_04532.jpg,70,test,gazania
D:\Flower-Classification\data\flowers-102\jpg\image_02871.jpg,85,test,tree mallow
D:\Flower-Classification\data\flowers-102\jpg\image_07164.jpg,5,test,tiger lily
D:\Flower-Classification\data\flowers-102\jpg\image_01225.jpg,73,test,rose
D:\Flower-Classification\data\flowers-102\jpg\image_02088.jpg,74,test,thorn apple
D:\Flower-Classification\data\flowers-102\jpg\image_08041.jpg,101,train,blackberry lily
D:\Flower-Classification\data\flowers-102\jpg\image_00713.jpg,88,test,watercress
D:\Flower-Classification\data\flowers-102\jpg\image_06084.jpg,13,test,spear thistle
D:\Flower-Classification\data\flowers-102\jpg\image_04906.jpg,19,test,giant white arum lily
D:\Flower-Classification\data\flowers-102\jpg\image_04247.jpg,17,test,peruvian lily
D:\Flower-Classification\data\flowers-102\jpg\image_01027.jpg,45,test,wallflower
D:\Flower-Classification\data\flowers-102\jpg\image_01501.jpg,43,test,poinsettia
D:\Flower-Classification\data\flowers-102\jpg\image_00037.jpg,76,test,passion flower
D:\Flower-Classification\data\flowers-102\jpg\image_02315.jpg,40,test,barbeton daisy
D:\Flower-Classification\data\flowers-102\jpg\image_06414.jpg,8,test,monkshood
D:\Flower-Classification\data\flowers-102\jpg\image_06533.jpg,49,test,common dandelion
D:\Flower-Classification\data\flowers-102\jpg\image_00989.jpg,45,test,wallflower
D:\Flower-Classification\data\flowers-102\jpg\image_03979.jpg,50,test,petunia
D:\Flower-Classification\data\flowers-102\jpg\image_08143.jpg,56,test,gaura
D:\Flower-Classification\data\flowers-102\jpg\image_07185.jpg,5,test,tiger lily
D:\Flower-Classification\data\flowers-102\jpg\image_00135.jpg,76,test,passion flower
D:\Flower-Classification\data\flowers-102\jpg\image_03616.jpg,71,test,azalea
D:\Flower-Classification\data\flowers-102\jpg\image_07448.jpg,93,train,foxglove
D:\Flower-Classification\data\flowers-102\jpg\image_04141.jpg,28,test,artichoke
D:\Flower-Classification\data\flowers-102\jpg\image_02687.jpg,57,test,geranium
D:\Flower-Classification\data\flowers-102\jpg\image_06179.jpg,18,train,balloon flower
D:\Flower-Classification\data\flowers-102\jpg\image_01734.jpg,82,test,hibiscus
D:\Flower-Classification\data\flowers-102\jpg\image_07970.jpg,100,test,trumpet creeper
D:\Flower-Classification\data\flowers-102\jpg\image_08009.jpg,101,val,blackberry lily
D:\Flower-Classification\data\flowers-102\jpg\image_06392.jpg,14,val,yellow iris
D:\Flower-Classification\data\flowers-102\jpg\image_03316.jpg,7,test,bird of paradise
D:\Flower-Classification\data\flowers-102\jpg\image_06289.jpg,60,test,cautleya spicata
D:\Flower-Classification\data\flowers-102\jpg\image_00812.jpg,80,test,frangipani
D:\Flower-Classification\data\flowers-102\jpg\image_06869.jpg,26,train,prince of wales feathers
D:\Flower-Classification\data\flowers-102\jpg\image_01333.jpg,50,test,petunia
D:\Flower-Classification\data\flowers-102\jpg\image_06418.jpg,8,test,monkshood
D:\Flower-Classification\data\flowers-102\jpg\image_00369.jpg,72,test,water lily
D:\Flower-Classification\data\flowers-102\jpg\image_04264.jpg,17,test,peruvian lily
D:\Flower-Classification\data\flowers-102\jpg\image_03278.jpg,64,test,californian poppy
D:\Flower-Classification\data\flowers-102\jpg\image_05763.jpg,12,test,king protea
D:\Flower-Classification\data\flowers-102\jpg\image_01327.jpg,50,test,petunia
D:\Flower-Classification\data\flowers-102\jpg\image_03688.jpg,52,val,primula
D:\Flower-Classification\data\flowers-102\jpg\image_05379.jpg,21,train,pincushion flower
D:\Flower-Classification\data\flowers-102\jpg\image_06333.jpg,49,train,common dandelion
D:\Flower-Classification\data\flowers-102\jpg\image_03116.jpg,10,val,snapdragon
D:\Flower-Classification\data\flowers-102\jpg\image_00021.jpg,76,test,passion flower
D:\Flower-Classification\data\flowers-102\jpg\image_00155.jpg,76,test,passion flower
D:\Flower-Classification\data\flowers-102\jpg\image_02787.jpg,55,test,bishop of llandaff
D:\Flower-Classification\data\flowers-102\jpg\image_00208.jpg,76,test,passion flower
D:\Flower-Classification\data\flowers-102\jpg\image_06582.jpg,24,train,grape hyacinth
D:\Flower-Classification\data\flowers-102\jpg\image_00805.jpg,80,test,frangipani
D:\Flower-Classification\data\flowers-102\jpg\image_08039.jpg,101,test,blackberry lily
D:\Flower-Classification\data\flowers-102\jpg\image_03543.jpg,29,test,sweet william
D:\Flower-Classification\data\flowers-102\jpg\image_05285.jpg,69,val,tree poppy
D:\Flower-Classification\data\flowers-102\jpg\image_06082.jpg,13,test,spear thistle
D:\Flower-Classification\data\flowers-102\jpg\image_00575.jpg,87,test,cyclamen
D:\Flower-Classification\data\flowers-102\jpg\image_00928.jpg,80,test,frangipani
D:\Flower-Classification\data\flowers-102\jpg\image_03548.jpg,71,train,azalea
D:\Flower-Classification\data\flowers-102\jpg\image_07781.jpg,97,train,mexican petunia
D:\Flower-Classification\data\flowers-102\jpg\image_06027.jpg,92,train,ball moss
D:\Flower-Classification\data\flowers-102\jpg\image_04349.jpg,35,test,ruby-lipped cattleya
D:\Flower-Classification\data\flowers-102\jpg\image_01876.jpg,77,test,lotus
D:\Flower-Classification\data\flowers-102\jpg\image_02317.jpg,42,test,sword lily
D:\Flower-Classification\data\flowers-102\jpg\image_00338.jpg,72,test,water lily
D:\Flower-Classification\data\flowers-102\jpg\image_05171.jpg,4,test,english marigold
D:\Flower-Classification\data\flowers-102\jpg\image_01926.jpg,77,test,lotus
D:\Flower-Classification\data\flowers-102\jpg\image_04307.jpg,17,test,peruvian lily
D:\Flower-Classification\data\flowers-102\jpg\image_03659.jpg,52,val,primula
D:\Flower-Classification\data\flowers-102\jpg\image_00703.jpg,88,test,watercress
D:\Flower-Classification\data\flowers-102\jpg\image_04541.jpg,70,test,gazania
D:\Flower-Classification\data\flowers-102\jpg\image_06571.jpg,24,test,grape hyacinth
D:\Flower-Classification\data\flowers-102\jpg\image_07763.jpg,97,test,mexican petunia
D:\Flower-Classification\data\flowers-102\jpg\image_01924.jpg,77,test,lotus
D:\Flower-Classification\data\flowers-102\jpg\image_06696.jpg,78,val,toad lily
D:\Flower-Classification\data\flowers-102\jpg\image_06636.jpg,2,test,canterbury bells
D:\Flower-Classification\data\flowers-102\jpg\image_01398.jpg,50,test,petunia
D:\Flower-Classification\data\flowers-102\jpg\image_00078.jpg,76,test,passion flower
D:\Flower-Classification\data\flowers-102\jpg\image_00690.jpg,88,test,watercress
D:\Flower-Classification\data\flowers-102\jpg\image_01532.jpg,43,test,poinsettia
D:\Flower-Classification\data\flowers-102\jpg\image_03304.jpg,7,test,bird of paradise
D:\Flower-Classification\data\flowers-102\jpg\image_05981.jpg,68,test,windflower
D:\Flower-Classification\data\flowers-102\jpg\image_02487.jpg,75,test,morning glory
D:\Flower-Classification\data\flowers-102\jpg\image_00179.jpg,76,test,passion flower
D:\Flower-Classification\data\flowers-102\jpg\image_00412.jpg,72,test,water lily
D:\Flower-Classification\data\flowers-102\jpg\image_04033.jpg,11,val,colt's foot
D:\Flower-Classification\data\flowers-102\jpg\image_04833.jpg,90,test,hippeastrum
D:\Flower-Classification\data\flowers-102\jpg\image_00352.jpg,72,test,water lily
D:\Flower-Classification\data\flowers-102\jpg\image_06235.jpg,48,test,oxeye daisy
D:\Flower-Classification\data\flowers-102\jpg\image_05314.jpg,69,test,tree poppy
D:\Flower-Classification\data\flowers-102\jpg\image_03630.jpg,71,test,azalea
D:\Flower-Classification\data\flowers-102\jpg\image_05073.jpg,58,test,orange dahlia
D:\Flower-Classification\data\flowers-102\jpg\image_03654.jpg,52,test,primula
D:\Flower-Classification\data\flowers-102\jpg\image_00355.jpg,72,test,water lily
D:\Flower-Classification\data\flowers-102\jpg\image_06122.jpg,63,train,silverbush
D:\Flower-Classification\data\flowers-102\jpg\image_01938.jpg,77,test,lotus
D:\Flower-Classification\data\flowers-102\jpg\image_03475.jpg,29,test,sweet william
D:\Flower-Classification\data\flowers-102\jpg\image_01899.jpg,77,test,lotus
D:\Flower-Classification\data\flowers-102\jpg\image_03046.jpg,91,train,bee balm
D:\Flower-Classification\data\flowers-102\jpg\image_06614.jpg,2,train,canterbury bells
D:\Flower-Classification\data\flowers-102\jpg\image_03281.jpg,64,val,californian poppy
D:\Flower-Classification\data\flowers-102\jpg\image_02129.jpg,74,test,thorn apple
D:\Flower-Classification\data\flowers-102\jpg\image_03420.jpg,22,val,fritillary
D:\Flower-Classification\data\flowers-102\jpg\image_03492.jpg,29,test,sweet william
D:\Flower-Classification\data\flowers-102\jpg\image_08129.jpg,56,test,gaura
D:\Flower-Classification\data\flowers-102\jpg\image_03773.jpg,36,test,cape flower
D:\Flower-Classification\data\flowers-102\jpg\image_04393.jpg,35,test,ruby-lipped cattleya
D:\Flower-Classification\data\flowers-102\jpg\image_00131.jpg,76,test,passion flower
D:\Flower-Classification\data\flowers-102\jpg\image_04036.jpg,11,train,colt's foot
D:\Flower-Classification\data\flowers-102\jpg\image_00870.jpg,80,test,frangipani
D:\Flower-Classification\data\flowers-102\jpg\image_00146.jpg,76,test,passion flower
D:\Flower-Classification\data\flowers-102\jpg\image_01858.jpg,77,test,lotus
D:\Flower-Classification\data\flowers-102\jpg\image_08186.jpg,61,test,japanese anemone
D:\Flower-Classification\data\flowers-102\jpg\image_00507.jpg,87,test,cyclamen
D:\Flower-Classification\data\flowers-102\jpg\image_01844.jpg,77,test,lotus
D:\Flower-Classification\data\flowers-102\jpg\image_07474.jpg,94,test,bougainvillea
D:\Flower-Classification\data\flowers-102\jpg\image_06372.jpg,14,test,yellow iris
D:\Flower-Classification\data\flowers-102\jpg\image_02170.jpg,74,test,thorn apple
D:\Flower-Classification\data\flowers-102\jpg\image_03156.jpg,10,val,snapdragon
D:\Flower-Classification\data\flowers-102\jpg\image_07727.jpg,96,test,mallow
D:\Flower-Classification\data\flowers-102\jpg\image_05392.jpg,21,val,pincushion flower
D:\Flower-Classification\data\flowers-102\jpg\image_04242.jpg,51,test,wild pansy
D:\Flower-Classification\data\flowers-102\jpg\image_01864.jpg,77,val,lotus
D:\Flower-Classification\data\flowers-102\jpg\image_05144.jpg,1,test,hard-leaved pocket orchid
D:\Flower-Classification\data\flowers-102\jpg\image_03177.jpg,10,test,snapdragon
D:\Flower-Classification\data\flowers-102\jpg\image_03145.jpg,10,test,snapdragon
D:\Flower-Classification\data\flowers-102\jpg\image_01670.jpg,81,test,clematis
D:\Flower-Classification\data\flowers-102\jpg\image_04953.jpg,46,test,marigold
D:\Flower-Classification\data\flowers-102\jpg\image_08158.jpg,61,test,japanese anemone
D:\Flower-Classification\data\flowers-102\jpg\image_00969.jpg,45,val,wallflower
D:\Flower-Classification\data\flowers-102\jpg\image_05185.jpg,4,val,english marigold
D:\Flower-Classification\data\flowers-102\jpg\image_06199.jpg,48,test,oxeye daisy
D:\Flower-Classification\data\flowers-102\jpg\image_01999.jpg,79,test,anthurium
D:\Flower-Classification\data\flowers-102\jpg\image_03215.jpg,64,train,californian poppy
D:\Flower-Classification\data\flowers-102\jpg\image_00214.jpg,76,test,passion flower
D:\Flower-Classification\data\flowers-102\jpg\image_05948.jpg,67,test,bearded iris
D:\Flower-Classification\data\flowers-102\jpg\image_02531.jpg,75,test,morning glory
D:\Flower-Classification\data\flowers-102\jpg\image_02516.jpg,75,test,morning glory
D:\Flower-Classification\data\flowers-102\jpg\image_01514.jpg,43,test,poinsettia
D:\Flower-Classification\data\flowers-102\jpg\image_06951.jpg,33,test,mexican aster
D:\Flower-Classification\data\flowers-102\jpg\image_06353.jpg,14,test,yellow iris
D:\Flower-Classification\data\flowers-102\jpg\image_06164.jpg,18,test,balloon flower
D:\Flower-Classification\data\flowers-102\jpg\image_05882.jpg,62,test,black-eyed susan
D:\Flower-Classification\data\flowers-102\jpg\image_04257.jpg,17,test,peruvian lily
D:\Flower-Classification\data\flowers-102\jpg\image_03624.jpg,71,test,azalea
D:\Flower-Classification\data\flowers-102\jpg\image_01801.jpg,82,test,hibiscus
D:\Flower-Classification\data\flowers-102\jpg\image_04443.jpg,89,train,canna lily
D:\Flower-Classification\data\flowers-102\jpg\image_07363.jpg,93,test,foxglove
D:\Flower-Classification\data\flowers-102\jpg\image_03211.jpg,64,test,californian poppy
D:\Flower-Classification\data\flowers-102\jpg\image_00587.jpg,87,train,cyclamen
D:\Flower-Classification\data\flowers-102\jpg\image_02095.jpg,74,val,thorn apple
D:\Flower-Classification\data\flowers-102\jpg\image_00227.jpg,76,test,passion flower
D:\Flower-Classification\data\flowers-102\jpg\image_05256.jpg,27,val,stemless gentian
D:\Flower-Classification\data\flowers-102\jpg\image_05435.jpg,53,test,sunflower
D:\Flower-Classification\data\flowers-102\jpg\image_04509.jpg,70,test,gazania
D:\Flower-Classification\data\flowers-102\jpg\image_03393.jpg,22,test,fritillary
D:\Flower-Classification\data\flowers-102\jpg\image_05908.jpg,67,test,bearded iris
D:\Flower-Classification\data\flowers-102\jpg\image_06574.jpg,24,train,grape hyacinth
D:\Flower-Classification\data\flowers-102\jpg\image_03972.jpg,50,test,petunia
D:\Flower-Classification\data\flowers-102\jpg\image_03365.jpg,7,test,bird of paradise
D:\Flower-Classification\data\flowers-102\jpg\image_02080.jpg,74,train,thorn apple
D:\Flower-Classification\data\flowers-102\jpg\image_01765.jpg,82,test,hibiscus
D:\Flower-Classification\data\flowers-102\jpg\image_00294.jpg,72,test,water lily
D:\Flower-Classification\data\flowers-102\jpg\image_03384.jpg,22,test,fritillary
D:\Flower-Classification\data\flowers-102\jpg\image_06317.jpg,49,test,common dandelion
D:\Flower-Classification\data\flowers-102\jpg\image_06313.jpg,49,val,common dandelion
D:\Flower-Classification\data\flowers-102\jpg\image_06808.jpg,20,val,fire lily
D:\Flower-Classification\data\flowers-102\jpg\image_04430.jpg,89,test,canna lily
D:\Flower-Classification\data\flowers-102\jpg\image_04058.jpg,11,train,colt's foot
D:\Flower-Classification\data\flowers-102\jpg\image_07722.jpg,96,test,mallow
D:\Flower-Classification\data\flowers-102\jpg\image_03516.jpg,29,test,sweet william
D:\Flower-Classification\data\flowers-102\jpg\image_03452.jpg,22,test,fritillary
D:\Flower-Classification\data\flowers-102\jpg\image_04773.jpg,84,test,desert-rose
D:\Flower-Classification\data\flowers-102\jpg\image_01223.jpg,73,test,rose
D:\Flower-Classification\data\flowers-102\jpg\image_00626.jpg,88,test,watercress
D:\Flower-Classification\data\flowers-102\jpg\image_03306.jpg,7,val,bird of paradise
D:\Flower-Classification\data\flowers-102\jpg\image_07329.jpg,93,test,foxglove
D:\Flower-Classification\data\flowers-102\jpg\image_05081.jpg,58,train,orange dahlia
D:\Flower-Classification\data\flowers-102\jpg\image_07880.jpg,98,test,bromelia
D:\Flower-Classification\data\flowers-102\jpg\image_07695.jpg,96,test,mallow
D:\Flower-Classification\data\flowers-102\jpg\image_07754.jpg,97,test,mexican petunia
D:\Flower-Classification\data\flowers-102\jpg\image_04497.jpg,70,test,gazania
D:\Flower-Classification\data\flowers-102\jpg\image_02773.jpg,55,test,bishop of llandaff
D:\Flower-Classification\data\flowers-102\jpg\image_05879.jpg,62,test,black-eyed susan
D:\Flower-Classification\data\flowers-102\jpg\image_04012.jpg,11,test,colt's foot
D:\Flower-Classification\data\flowers-102\jpg\image_08035.jpg,101,val,blackberry lily
D:\Flower-Classification\data\flowers-102\jpg\image_04947.jpg,19,val,giant white arum lily
D:\Flower-Classification\data\flowers-102\jpg\image_01125.jpg,45,test,wallflower
D:\Flower-Classification\data\flowers-102\jpg\image_01835.jpg,77,val,lotus
D:\Flower-Classification\data\flowers-102\jpg\image_08099.jpg,6,test,moon orchid
D:\Flower-Classification\data\flowers-102\jpg\image_00206.jpg,76,test,passion flower
D:\Flower-Classification\data\flowers-102\jpg\image_06106.jpg,63,test,silverbush
D:\Flower-Classification\data\flowers-102\jpg\image_00043.jpg,76,test,passion flower
D:\Flower-Classification\data\flowers-102\jpg\image_05469.jpg,86,test,magnolia
D:\Flower-Classification\data\flowers-102\jpg\image_06930.jpg,33,test,mexican aster
D:\Flower-Classification\data\flowers-102\jpg\image_06373.jpg,14,test,yellow iris
D:\Flower-Classification\data\flowers-102\jpg\image_07866.jpg,98,test,bromelia
D:\Flower-Classification\data\flowers-102\jpg\image_08024.jpg,101,train,blackberry lily
D:\Flower-Classification\data\flowers-102\jpg\image_03747.jpg,36,test,cape flower
D:\Flower-Classification\data\flowers-102\jpg\image_01194.jpg,73,test,rose
D:\Flower-Classification\data\flowers-102\jpg\image_07485.jpg,94,test,bougainvillea
D:\Flower-Classification\data\flowers-102\jpg\image_00851.jpg,80,test,frangipani
D:\Flower-Classification\data\flowers-102\jpg\image_00638.jpg,88,test,watercress
D:\Flower-Classification\data\flowers-102\jpg\image_00733.jpg,88,test,watercress
D:\Flower-Classification\data\flowers-102\jpg\image_00090.jpg,76,test,passion flower
D:\Flower-Classification\data\flowers-102\jpg\image_01091.jpg,45,test,wallflower
D:\Flower-Classification\data\flowers-102\jpg\image_06503.jpg,25,test,corn poppy
D:\Flower-Classification\data\flowers-102\jpg\image_05415.jpg,53,test,sunflower
D:\Flower-Classification\data\flowers-102\jpg\image_00819.jpg,80,test,frangipani
D:\Flower-Classification\data\flowers-102\jpg\image_02055.jpg,79,val,anthurium
D:\Flower-Classification\data\flowers-102\jpg\image_01187.jpg,73,test,rose
D:\Flower-Classification\data\flowers-102\jpg\image_07223.jpg,6,test,moon orchid
D:\Flower-Classification\data\flowers-102\jpg\image_04189.jpg,51,train,wild pansy
D:\Flower-Classification\data\flowers-102\jpg\image_07496.jpg,94,test,bougainvillea
D:\Flower-Classification\data\flowers-102\jpg\image_00439.jpg,72,test,water lily
D:\Flower-Classification\data\flowers-102\jpg\image_06152.jpg,18,test,balloon flower
D:\Flower-Classification\data\flowers-102\jpg\image_03196.jpg,64,test,californian poppy
D:\Flower-Classification\data\flowers-102\jpg\image_06909.jpg,30,train,carnation
D:\Flower-Classification\data\flowers-102\jpg\image_00348.jpg,72,test,water lily
D:\Flower-Classification\data\flowers-102\jpg\image_01880.jpg,77,test,lotus
D:\Flower-Classification\data\flowers-102\jpg\image_06086.jpg,13,test,spear thistle
D:\Flower-Classification\data\flowers-102\jpg\image_03472.jpg,29,test,sweet william
D:\Flower-Classification\data\flowers-102\jpg\image_07992.jpg,100,test,trumpet creeper
D:\Flower-Classification\data\flowers-102\jpg\image_03128.jpg,10,val,snapdragon
D:\Flower-Classification\data\flowers-102\jpg\image_05226.jpg,27,train,stemless gentian
D:\Flower-Classification\data\flowers-102\jpg\image_04748.jpg,54,test,pelargonium
D:\Flower-Classification\data\flowers-102\jpg\image_06346.jpg,14,test,yellow iris
D:\Flower-Classification\data\flowers-102\jpg\image_07986.jpg,100,train,trumpet creeper
D:\Flower-Classification\data\flowers-102\jpg\image_04371.jpg,35,test,ruby-lipped cattleya
D:\Flower-Classification\data\flowers-102\jpg\image_02849.jpg,55,test,bishop of llandaff
D:\Flower-Classification\data\flowers-102\jpg\image_01522.jpg,43,val,poinsettia
D:\Flower-Classification\data\flowers-102\jpg\image_05365.jpg,21,test,pincushion flower
D:\Flower-Classification\data\flowers-102\jpg\image_03701.jpg,52,test,primula
D:\Flower-Classification\data\flowers-102\jpg\image_08105.jpg,5,train,tiger lily
D:\Flower-Classification\data\flowers-102\jpg\image_05648.jpg,3,val,sweet pea
D:\Flower-Classification\data\flowers-102\jpg\image_05286.jpg,69,test,tree poppy
D:\Flower-Classification\data\flowers-102\jpg\image_00818.jpg,80,test,frangipani
D:\Flower-Classification\data\flowers-102\jpg\image_01180.jpg,73,test,rose
D:\Flower-Classification\data\flowers-102\jpg\image_02655.jpg,57,test,geranium
D:\Flower-Classification\data\flowers-102\jpg\image_06292.jpg,60,train,cautleya spicata
D:\Flower-Classification\data\flowers-102\jpg\image_02488.jpg,75,test,morning glory
D:\Flower-Classification\data\flowers-102\jpg\image_05446.jpg,53,val,sunflower
D:\Flower-Classification\data\flowers-102\jpg\image_02334.jpg,42,val,sword lily
D:\Flower-Classification\data\flowers-102\jpg\image_06499.jpg,25,test,corn poppy
D:\Flower-Classification\data\flowers-102\jpg\image_03317.jpg,7,test,bird of paradise
D:\Flower-Classification\data\flowers-102\jpg\image_01661.jpg,81,test,clematis
D:\Flower-Classification\data\flowers-102\jpg\image_00729.jpg,88,test,watercress
D:\Flower-Classification\data\flowers-102\jpg\image_02865.jpg,85,test,tree mallow
D:\Flower-Classification\data\flowers-102\jpg\image_01865.jpg,77,test,lotus
D:\Flower-Classification\data\flowers-102\jpg\image_07469.jpg,94,test,bougainvillea
D:\Flower-Classification\data\flowers-102\jpg\image_02031.jpg,79,test,anthurium
D:\Flower-Classification\data\flowers-102\jpg\image_06610.jpg,24,test,grape hyacinth
D:\Flower-Classification\data\flowers-102\jpg\image_02820.jpg,55,test,bishop of llandaff
D:\Flower-Classification\data\flowers-102\jpg\image_05480.jpg,86,test,magnolia
D:\Flower-Classification\data\flowers-102\jpg\image_03702.jpg,52,test,primula
D:\Flower-Classification\data\flowers-102\jpg\image_07869.jpg,98,test,bromelia
D:\Flower-Classification\data\flowers-102\jpg\image_05806.jpg,37,test,great masterwort
D:\Flower-Classification\data\flowers-102\jpg\image_00804.jpg,80,test,frangipani
D:\Flower-Classification\data\flowers-102\jpg\image_06487.jpg,25,train,corn poppy
D:\Flower-Classification\data\flowers-102\jpg\image_08065.jpg,30,train,carnation
D:\Flower-Classification\data\flowers-102\jpg\image_01272.jpg,73,test,rose
D:\Flower-Classification\data\flowers-102\jpg\image_01792.jpg,82,test,hibiscus
D:\Flower-Classification\data\flowers-102\jpg\image_06269.jpg,60,test,cautleya spicata
D:\Flower-Classification\data\flowers-102\jpg\image_01922.jpg,77,test,lotus
D:\Flower-Classification\data\flowers-102\jpg\image_00599.jpg,88,test,watercress
D:\Flower-Classification\data\flowers-102\jpg\image_04702.jpg,54,test,pelargonium
D:\Flower-Classification\data\flowers-102\jpg\image_08145.jpg,56,test,gaura
D:\Flower-Classification\data\flowers-102\jpg\image_01548.jpg,43,test,poinsettia
D:\Flower-Classification\data\flowers-102\jpg\image_02128.jpg,74,test,thorn apple
D:\Flower-Classification\data\flowers-102\jpg\image_07405.jpg,93,test,foxglove
D:\Flower-Classification\data\flowers-102\jpg\image_03321.jpg,7,test,bird of paradise
D:\Flower-Classification\data\flowers-102\jpg\image_07935.jpg,99,val,blanket flower
D:\Flower-Classification\data\flowers-102\jpg\image_01697.jpg,82,test,hibiscus
D:\Flower-Classification\data\flowers-102\jpg\image_03004.jpg,59,test,pink-yellow dahlia?
D:\Flower-Classification\data\flowers-102\jpg\image_03039.jpg,91,test,bee balm
D:\Flower-Classification\data\flowers-102\jpg\image_02445.jpg,42,train,sword lily
D:\Flower-Classification\data\flowers-102\jpg\image_06173.jpg,18,test,balloon flower
D:\Flower-Classification\data\flowers-102\jpg\image_03886.jpg,16,val,purple coneflower
D:\Flower-Classification\data\flowers-102\jpg\image_07335.jpg,93,test,foxglove
D:\Flower-Classification\data\flowers-102\jpg\image_07344.jpg,93,test,foxglove
D:\Flower-Classification\data\flowers-102\jpg\image_05020.jpg,58,test,orange dahlia
D:\Flower-Classification\data\flowers-102\jpg\image_05319.jpg,69,test,tree poppy
D:\Flower-Classification\data\flowers-102\jpg\image_04330.jpg,35,test,ruby-lipped cattleya
D:\Flower-Classification\data\flowers-102\jpg\image_08160.jpg,61,test,japanese anemone
D:\Flower-Classification\data\flowers-102\jpg\image_02674.jpg,57,test,geranium
D:\Flower-Classification\data\flowers-102\jpg\image_05422.jpg,53,test,sunflower
D:\Flower-Classification\data\flowers-102\jpg\image_06415.jpg,8,train,monkshood
D:\Flower-Classification\data\flowers-102\jpg\image_07304.jpg,93,test,foxglove
D:\Flower-Classification\data\flowers-102\jpg\image_03361.jpg,7,test,bird of paradise
D:\Flower-Classification\data\flowers-102\jpg\image_04420.jpg,89,test,canna lily
D:\Flower-Classification\data\flowers-102\jpg\image_07584.jpg,94,test,bougainvillea
D:\Flower-Classification\data\flowers-102\jpg\image_03269.jpg,64,train,californian poppy
D:\Flower-Classification\data\flowers-102\jpg\image_00788.jpg,80,test,frangipani
D:\Flower-Classification\data\flowers-102\jpg\image_08061.jpg,90,val,hippeastrum
D:\Flower-Classification\data\flowers-102\jpg\image_06277.jpg,60,test,cautleya spicata
D:\Flower-Classification\data\flowers-102\jpg\image_08188.jpg,61,test,japanese anemone
D:\Flower-Classification\data\flowers-102\jpg\image_04750.jpg,54,test,pelargonium
D:\Flower-Classification\data\flowers-102\jpg\image_05496.jpg,86,test,magnolia
D:\Flower-Classification\data\flowers-102\jpg\image_04106.jpg,28,test,artichoke
D:\Flower-Classification\data\flowers-102\jpg\image_06252.jpg,60,train,cautleya spicata
D:\Flower-Classification\data\flowers-102\jpg\image_03012.jpg,59,train,pink-yellow dahlia?
D:\Flower-Classification\data\flowers-102\jpg\image_01149.jpg,73,test,rose
D:\Flower-Classification\data\flowers-102\jpg\image_05970.jpg,68,test,windflower
D:\Flower-Classification\data\flowers-102\jpg\image_05612.jpg,31,val,garden phlox
D:\Flower-Classification\data\flowers-102\jpg\image_03007.jpg,59,test,pink-yellow dahlia?
D:\Flower-Classification\data\flowers-102\jpg\image_02840.jpg,55,test,bishop of llandaff
D:\Flower-Classification\data\flowers-102\jpg\image_07516.jpg,94,test,bougainvillea
D:\Flower-Classification\data\flowers-102\jpg\image_02410.jpg,42,test,sword lily
D:\Flower-Classification\data\flowers-102\jpg\image_06975.jpg,34,test,alpine sea holly
D:\Flower-Classification\data\flowers-102\jpg\image_07081.jpg,66,test,spring crocus
D:\Flower-Classification\data\flowers-102\jpg\image_03552.jpg,71,test,azalea
D:\Flower-Classification\data\flowers-102\jpg\image_06759.jpg,0,test,pink primrose
D:\Flower-Classification\data\flowers-102\jpg\image_01932.jpg,77,train,lotus
D:\Flower-Classification\data\flowers-102\jpg\image_07129.jpg,44,val,bolero deep blue
D:\Flower-Classification\data\flowers-102\jpg\image_04885.jpg,90,train,hippeastrum
D:\Flower-Classification\data\flowers-102\jpg\image_07799.jpg,97,val,mexican petunia
D:\Flower-Classification\data\flowers-102\jpg\image_00476.jpg,87,test,cyclamen
D:\Flower-Classification\data\flowers-102\jpg\image_06200.jpg,48,val,oxeye daisy
D:\Flower-Classification\data\flowers-102\jpg\image_05030.jpg,58,test,orange dahlia
D:\Flower-Classification\data\flowers-102\jpg\image_05300.jpg,69,test,tree poppy
D:\Flower-Classification\data\flowers-102\jpg\image_07536.jpg,94,test,bougainvillea
D:\Flower-Classification\data\flowers-102\jpg\image_06472.jpg,32,test,love in the mist
D:\Flower-Classification\data\flowers-102\jpg\image_06845.jpg,23,train,red ginger
D:\Flower-Classification\data\flowers-102\jpg\image_00619.jpg,88,test,watercress
D:\Flower-Classification\data\flowers-102\jpg\image_00546.jpg,87,test,cyclamen
D:\Flower-Classification\data\flowers-102\jpg\image_03002.jpg,59,test,pink-yellow dahlia?
D:\Flower-Classification\data\flowers-102\jpg\image_06103.jpg,63,val,silverbush
D:\Flower-Classification\data\flowers-102\jpg\image_07813.jpg,97,test,mexican petunia
D:\Flower-Classification\data\flowers-102\jpg\image_02608.jpg,83,val,columbine
D:\Flower-Classification\data\flowers-102\jpg\image_06836.jpg,23,test,red ginger
D:\Flower-Classification\data\flowers-102\jpg\image_07385.jpg,93,test,foxglove
D:\Flower-Classification\data\flowers-102\jpg\image_05537.jpg,65,test,osteospermum
D:\Flower-Classification\data\flowers-102\jpg\image_07053.jpg,66,val,spring crocus
D:\Flower-Classification\data\flowers-102\jpg\image_07188.jpg,5,test,tiger lily
D:\Flower-Classification\data\flowers-102\jpg\image_05170.jpg,4,test,english marigold
D:\Flower-Classification\data\flowers-102\jpg\image_05177.jpg,4,test,english marigold
D:\Flower-Classification\data\flowers-102\jpg\image_04024.jpg,11,test,colt's foot
D:\Flower-Classification\data\flowers-102\jpg\image_07626.jpg,95,test,camellia
D:\Flower-Classification\data\flowers-102\jpg\image_06398.jpg,8,train,monkshood
D:\Flower-Classification\data\flowers-102\jpg\image_07024.jpg,38,test,siam tulip
D:\Flower-Classification\data\flowers-102\jpg\image_00223.jpg,76,test,passion flower
D:\Flower-Classification\data\flowers-102\jpg\image_04645.jpg,47,train,buttercup
D:\Flower-Classification\data\flowers-102\jpg\image_02786.jpg,55,test,bishop of llandaff
D:\Flower-Classification\data\flowers-102\jpg\image_01623.jpg,81,test,clematis
D:\Flower-Classification\data\flowers-102\jpg\image_00657.jpg,88,test,watercress
D:\Flower-Classification\data\flowers-102\jpg\image_01741.jpg,82,test,hibiscus
D:\Flower-Classification\data\flowers-102\jpg\image_02463.jpg,75,test,morning glory
D:\Flower-Classification\data\flowers-102\jpg\image_06661.jpg,15,test,globe-flower
D:\Flower-Classification\data\flowers-102\jpg\image_07957.jpg,100,val,trumpet creeper
D:\Flower-Classification\data\flowers-102\jpg\image_02599.jpg,83,test,columbine
D:\Flower-Classification\data\flowers-102\jpg\image_07537.jpg,94,test,bougainvillea
D:\Flower-Classification\data\flowers-102\jpg\image_00908.jpg,80,test,frangipani
D:\Flower-Classification\data\flowers-102\jpg\image_07519.jpg,94,test,bougainvillea
D:\Flower-Classification\data\flowers-102\jpg\image_04047.jpg,11,test,colt's foot
D:\Flower-Classification\data\flowers-102\jpg\image_04739.jpg,54,test,pelargonium
D:\Flower-Classification\data\flowers-102\jpg\image_01809.jpg,82,test,hibiscus
D:\Flower-Classification\data\flowers-102\jpg\image_07099.jpg,9,val,globe thistle
D:\Flower-Classification\data\flowers-102\jpg\image_07154.jpg,44,val,bolero deep blue
D:\Flower-Classification\data\flowers-102\jpg\image_07203.jpg,6,train,moon orchid
D:\Flower-Classification\data\flowers-102\jpg\image_05172.jpg,4,test,english marigold
D:\Flower-Classification\data\flowers-102\jpg\image_06157.jpg,18,val,balloon flower
D:\Flower-Classification\data\flowers-102\jpg\image_02741.jpg,57,test,geranium
D:\Flower-Classification\data\flowers-102\jpg\image_00764.jpg,88,test,watercress
D:\Flower-Classification\data\flowers-102\jpg\image_06750.jpg,0,train,pink primrose
D:\Flower-Classification\data\flowers-102\jpg\image_02454.jpg,75,train,morning glory
D:\Flower-Classification\data\flowers-102\jpg\image_06500.jpg,25,test,corn poppy
D:\Flower-Classification\data\flowers-102\jpg\image_05675.jpg,3,test,sweet pea
D:\Flower-Classification\data\flowers-102\jpg\image_01407.jpg,50,test,petunia
D:\Flower-Classification\data\flowers-102\jpg\image_06957.jpg,33,test,mexican aster
D:\Flower-Classification\data\flowers-102\jpg\image_01020.jpg,45,test,wallflower
D:\Flower-Classification\data\flowers-102\jpg\image_06151.jpg,18,test,balloon flower
D:\Flower-Classification\data\flowers-102\jpg\image_07950.jpg,100,test,trumpet creeper
D:\Flower-Classification\data\flowers-102\jpg\image_08141.jpg,56,test,gaura
D:\Flower-Classification\data\flowers-102\jpg\image_03087.jpg,91,test,bee balm
D:\Flower-Classification\data\flowers-102\jpg\image_04910.jpg,19,val,giant white arum lily
D:\Flower-Classification\data\flowers-102\jpg\image_01016.jpg,45,test,wallflower
D:\Flower-Classification\data\flowers-102\jpg\image_05000.jpg,46,train,marigold
D:\Flower-Classification\data\flowers-102\jpg\image_02493.jpg,75,test,morning glory
D:\Flower-Classification\data\flowers-102\jpg\image_05088.jpg,1,test,hard-leaved pocket orchid
D:\Flower-Classification\data\flowers-102\jpg\image_07576.jpg,94,test,bougainvillea
D:\Flower-Classification\data\flowers-102\jpg\image_03429.jpg,22,test,fritillary
D:\Flower-Classification\data\flowers-102\jpg\image_07232.jpg,6,test,moon orchid
D:\Flower-Classification\data\flowers-102\jpg\image_03038.jpg,91,train,bee balm
D:\Flower-Classification\data\flowers-102\jpg\image_02311.jpg,40,test,barbeton daisy
D:\Flower-Classification\data\flowers-102\jpg\image_03157.jpg,10,train,snapdragon
D:\Flower-Classification\data\flowers-102\jpg\image_03803.jpg,36,test,cape flower
D:\Flower-Classification\data\flowers-102\jpg\image_05454.jpg,53,test,sunflower
D:\Flower-Classification\data\flowers-102\jpg\image_01912.jpg,77,test,lotus
D:\Flower-Classification\data\flowers-102\jpg\image_05613.jpg,31,test,garden phlox
D:\Flower-Classification\data\flowers-102\jpg\image_07677.jpg,95,test,camellia
D:\Flower-Classification\data\flowers-102\jpg\image_01710.jpg,82,test,hibiscus
D:\Flower-Classification\data\flowers-102\jpg\image_07422.jpg,93,test,foxglove
D:\Flower-Classification\data\flowers-102\jpg\image_06694.jpg,78,test,toad lily
D:\Flower-Classification\data\flowers-102\jpg\image_05857.jpg,62,test,black-eyed susan
D:\Flower-Classification\data\flowers-102\jpg\image_02848.jpg,55,train,bishop of llandaff
D:\Flower-Classification\data\flowers-102\jpg\image_04065.jpg,11,test,colt's foot
D:\Flower-Classification\data\flowers-102\jpg\image_06938.jpg,33,test,mexican aster
D:\Flower-Classification\data\flowers-102\jpg\image_01464.jpg,50,test,petunia
D:\Flower-Classification\data\flowers-102\jpg\image_01286.jpg,73,test,rose
D:\Flower-Classification\data\flowers-102\jpg\image_05372.jpg,21,test,pincushion flower
D:\Flower-Classification\data\flowers-102\jpg\image_06194.jpg,18,test,balloon flower
D:\Flower-Classification\data\flowers-102\jpg\image_03975.jpg,50,test,petunia
D:\Flower-Classification\data\flowers-102\jpg\image_01731.jpg,82,test,hibiscus
D:\Flower-Classification\data\flowers-102\jpg\image_05348.jpg,21,test,pincushion flower
D:\Flower-Classification\data\flowers-102\jpg\image_04856.jpg,90,test,hippeastrum
D:\Flower-Classification\data\flowers-102\jpg\image_04084.jpg,28,test,artichoke
D:\Flower-Classification\data\flowers-102\jpg\image_06341.jpg,49,test,common dandelion
D:\Flower-Classification\data\flowers-102\jpg\image_01797.jpg,82,val,hibiscus
D:\Flower-Classification\data\flowers-102\jpg\image_07013.jpg,38,train,siam tulip
D:\Flower-Classification\data\flowers-102\jpg\image_06186.jpg,18,train,balloon flower
D:\Flower-Classification\data\flowers-102\jpg\image_05290.jpg,69,test,tree poppy
D:\Flower-Classification\data\flowers-102\jpg\image_02770.jpg,55,train,bishop of llandaff
D:\Flower-Classification\data\flowers-102\jpg\image_02298.jpg,40,test,barbeton daisy
D:\Flower-Classification\data\flowers-102\jpg\image_03707.jpg,52,test,primula
D:\Flower-Classification\data\flowers-102\jpg\image_04855.jpg,90,train,hippeastrum
D:\Flower-Classification\data\flowers-102\jpg\image_03016.jpg,59,test,pink-yellow dahlia?
D:\Flower-Classification\data\flowers-102\jpg\image_03578.jpg,71,test,azalea
D:\Flower-Classification\data\flowers-102\jpg\image_07817.jpg,97,train,mexican petunia
D:\Flower-Classification\data\flowers-102\jpg\image_03984.jpg,50,test,petunia
D:\Flower-Classification\data\flowers-102\jpg\image_02889.jpg,85,test,tree mallow
D:\Flower-Classification\data\flowers-102\jpg\image_01592.jpg,81,test,clematis
D:\Flower-Classification\data\flowers-102\jpg\image_04929.jpg,19,test,giant white arum lily
D:\Flower-Classification\data\flowers-102\jpg\image_07707.jpg,96,train,mallow
D:\Flower-Classification\data\flowers-102\jpg\image_06399.jpg,8,test,monkshood
D:\Flower-Classification\data\flowers-102\jpg\image_07302.jpg,92,test,ball moss
D:\Flower-Classification\data\flowers-102\jpg\image_05864.jpg,62,test,black-eyed susan
D:\Flower-Classification\data\flowers-102\jpg\image_03842.jpg,16,test,purple coneflower
D:\Flower-Classification\data\flowers-102\jpg\image_06736.jpg,0,train,pink primrose
D:\Flower-Classification\data\flowers-102\jpg\image_06322.jpg,49,test,common dandelion
D:\Flower-Classification\data\flowers-102\jpg\image_05035.jpg,58,test,orange dahlia
D:\Flower-Classification\data\flowers-102\jpg\image_03250.jpg,64,test,californian poppy
D:\Flower-Classification\data\flowers-102\jpg\image_00916.jpg,80,test,frangipani
D:\Flower-Classification\data\flowers-102\jpg\image_06045.jpg,92,train,ball moss
D:\Flower-Classification\data\flowers-102\jpg\image_05390.jpg,21,test,pincushion flower
D:\Flower-Classification\data\flowers-102\jpg\image_02973.jpg,59,test,pink-yellow dahlia?
D:\Flower-Classification\data\flowers-102\jpg\image_02594.jpg,83,test,columbine
D:\Flower-Classification\data\flowers-102\jpg\image_05388.jpg,21,val,pincushion flower
D:\Flower-Classification\data\flowers-102\jpg\image_02126.jpg,74,test,thorn apple
D:\Flower-Classification\data\flowers-102\jpg\image_03433.jpg,22,test,fritillary
D:\Flower-Classification\data\flowers-102\jpg\image_02074.jpg,74,test,thorn apple
D:\Flower-Classification\data\flowers-102\jpg\image_06288.jpg,60,test,cautleya spicata
D:\Flower-Classification\data\flowers-102\jpg\image_06832.jpg,23,train,red ginger
D:\Flower-Classification\data\flowers-102\jpg\image_01065.jpg,45,test,wallflower
D:\Flower-Classification\data\flowers-102\jpg\image_02872.jpg,85,test,tree mallow
D:\Flower-Classification\data\flowers-102\jpg\image_05531.jpg,65,test,osteospermum
D:\Flower-Classification\data\flowers-102\jpg\image_06051.jpg,13,val,spear thistle
D:\Flower-Classification\data\flowers-102\jpg\image_05942.jpg,67,test,bearded iris
D:\Flower-Classification\data\flowers-102\jpg\image_06223.jpg,48,val,oxeye daisy
D:\Flower-Classification\data\flowers-102\jpg\image_07091.jpg,9,test,globe thistle
D:\Flower-Classification\data\flowers-102\jpg\image_01280.jpg,73,test,rose
D:\Flower-Classification\data\flowers-102\jpg\image_02652.jpg,57,test,geranium
D:\Flower-Classification\data\flowers-102\jpg\image_03054.jpg,91,test,bee balm
D:\Flower-Classification\data\flowers-102\jpg\image_00433.jpg,72,val,water lily
D:\Flower-Classification\data\flowers-102\jpg\image_02917.jpg,85,test,tree mallow
D:\Flower-Classification\data\flowers-102\jpg\image_06059.jpg,13,val,spear thistle
D:\Flower-Classification\data\flowers-102\jpg\image_03014.jpg,59,test,pink-yellow dahlia?
D:\Flower-Classification\data\flowers-102\jpg\image_04043.jpg,11,test,colt's foot
D:\Flower-Classification\data\flowers-102\jpg\image_02212.jpg,40,test,barbeton daisy
D:\Flower-Classification\data\flowers-102\jpg\image_01707.jpg,82,test,hibiscus
D:\Flower-Classification\data\flowers-102\jpg\image_05998.jpg,68,test,windflower
D:\Flower-Classification\data\flowers-102\jpg\image_07945.jpg,100,test,trumpet creeper
D:\Flower-Classification\data\flowers-102\jpg\image_03505.jpg,29,train,sweet william
D:\Flower-Classification\data\flowers-102\jpg\image_01674.jpg,81,test,clematis
D:\Flower-Classification\data\flowers-102\jpg\image_07374.jpg,93,test,foxglove
D:\Flower-Classification\data\flowers-102\jpg\image_07762.jpg,97,train,mexican petunia
D:\Flower-Classification\data\flowers-102\jpg\image_05988.jpg,68,test,windflower
D:\Flower-Classification\data\flowers-102\jpg\image_06857.jpg,26,train,prince of wales feathers
D:\Flower-Classification\data\flowers-102\jpg\image_05296.jpg,69,test,tree poppy
D:\Flower-Classification\data\flowers-102\jpg\image_07909.jpg,99,test,blanket flower
D:\Flower-Classification\data\flowers-102\jpg\image_06049.jpg,13,val,spear thistle
D:\Flower-Classification\data\flowers-102\jpg\image_01683.jpg,81,val,clematis
D:\Flower-Classification\data\flowers-102\jpg\image_04372.jpg,35,test,ruby-lipped cattleya
D:\Flower-Classification\data\flowers-102\jpg\image_01976.jpg,79,test,anthurium
D:\Flower-Classification\data\flowers-102\jpg\image_05195.jpg,4,test,english marigold
D:\Flower-Classification\data\flowers-102\jpg\image_03209.jpg,64,test,californian poppy
D:\Flower-Classification\data\flowers-102\jpg\image_03995.jpg,11,test,colt's foot
D:\Flower-Classification\data\flowers-102\jpg\image_02810.jpg,55,test,bishop of llandaff
D:\Flower-Classification\data\flowers-102\jpg\image_06798.jpg,20,train,fire lily
D:\Flower-Classification\data\flowers-102\jpg\image_04691.jpg,47,test,buttercup
D:\Flower-Classification\data\flowers-102\jpg\image_02331.jpg,42,test,sword lily
D:\Flower-Classification\data\flowers-102\jpg\image_01753.jpg,82,test,hibiscus
D:\Flower-Classification\data\flowers-102\jpg\image_06013.jpg,92,train,ball moss
D:\Flower-Classification\data\flowers-102\jpg\image_06146.jpg,63,test,silverbush
D:\Flower-Classification\data\flowers-102\jpg\image_07553.jpg,94,test,bougainvillea
D:\Flower-Classification\data\flowers-102\jpg\image_06707.jpg,78,test,toad lily
D:\Flower-Classification\data\flowers-102\jpg\image_02023.jpg,79,test,anthurium
D:\Flower-Classification\data\flowers-102\jpg\image_06064.jpg,13,test,spear thistle
D:\Flower-Classification\data\flowers-102\jpg\image_05899.jpg,62,test,black-eyed susan
D:\Flower-Classification\data\flowers-102\jpg\image_03363.jpg,7,test,bird of paradise
D:\Flower-Classification\data\flowers-102\jpg\image_08089.jpg,70,test,gazania
D:\Flower-Classification\data\flowers-102\jpg\image_07418.jpg,93,val,foxglove
D:\Flower-Classification\data\flowers-102\jpg\image_01002.jpg,45,test,wallflower
D:\Flower-Classification\data\flowers-102\jpg\image_07439.jpg,93,test,foxglove
D:\Flower-Classification\data\flowers-102\jpg\image_07210.jpg,6,val,moon orchid
D:\Flower-Classification\data\flowers-102\jpg\image_05801.jpg,37,test,great masterwort
D:\Flower-Classification\data\flowers-102\jpg\image_00324.jpg,72,test,water lily
D:\Flower-Classification\data\flowers-102\jpg\image_02830.jpg,55,val,bishop of llandaff
D:\Flower-Classification\data\flowers-102\jpg\image_04553.jpg,70,test,gazania
D:\Flower-Classification\data\flowers-102\jpg\image_02691.jpg,57,test,geranium
D:\Flower-Classification\data\flowers-102\jpg\image_06649.jpg,2,test,canterbury bells
D:\Flower-Classification\data\flowers-102\jpg\image_05833.jpg,37,val,great masterwort
D:\Flower-Classification\data\flowers-102\jpg\image_02513.jpg,75,test,morning glory
D:\Flower-Classification\data\flowers-102\jpg\image_07358.jpg,93,test,foxglove
D:\Flower-Classification\data\flowers-102\jpg\image_00667.jpg,88,train,watercress
D:\Flower-Classification\data\flowers-102\jpg\image_06482.jpg,32,test,love in the mist
D:\Flower-Classification\data\flowers-102\jpg\image_07713.jpg,96,test,mallow
D:\Flower-Classification\data\flowers-102\jpg\image_07981.jpg,100,test,trumpet creeper
D:\Flower-Classification\data\flowers-102\jpg\image_05276.jpg,27,val,stemless gentian
D:\Flower-Classification\data\flowers-102\jpg\image_03770.jpg,36,val,cape flower
D:\Flower-Classification\data\flowers-102\jpg\image_02698.jpg,57,test,geranium
D:\Flower-Classification\data\flowers-102\jpg\image_04611.jpg,39,test,lenten rose
D:\Flower-Classification\data\flowers-102\jpg\image_01141.jpg,45,test,wallflower
D:\Flower-Classification\data\flowers-102\jpg\image_04867.jpg,90,test,hippeastrum
D:\Flower-Classification\data\flowers-102\jpg\image_03951.jpg,50,test,petunia
D:\Flower-Classification\data\flowers-102\jpg\image_02700.jpg,57,test,geranium
D:\Flower-Classification\data\flowers-102\jpg\image_04728.jpg,54,test,pelargonium
D:\Flower-Classification\data\flowers-102\jpg\image_02928.jpg,59,test,pink-yellow dahlia?
D:\Flower-Classification\data\flowers-102\jpg\image_02422.jpg,42,test,sword lily
D:\Flower-Classification\data\flowers-102\jpg\image_01244.jpg,73,test,rose
D:\Flower-Classification\data\flowers-102\jpg\image_06387.jpg,14,train,yellow iris
D:\Flower-Classification\data\flowers-102\jpg\image_00535.jpg,87,train,cyclamen
D:\Flower-Classification\data\flowers-102\jpg\image_03478.jpg,29,val,sweet william
D:\Flower-Classification\data\flowers-102\jpg\image_05961.jpg,68,test,windflower
D:\Flower-Classification\data\flowers-102\jpg\image_02864.jpg,85,test,tree mallow
D:\Flower-Classification\data\flowers-102\jpg\image_03112.jpg,10,test,snapdragon
D:\Flower-Classification\data\flowers-102\jpg\image_05793.jpg,37,test,great masterwort
D:\Flower-Classification\data\flowers-102\jpg\image_03673.jpg,52,test,primula
D:\Flower-Classification\data\flowers-102\jpg\image_00033.jpg,76,test,passion flower
D:\Flower-Classification\data\flowers-102\jpg\image_02183.jpg,74,train,thorn apple
D:\Flower-Classification\data\flowers-102\jpg\image_05089.jpg,1,test,hard-leaved pocket orchid
D:\Flower-Classification\data\flowers-102\jpg\image_07753.jpg,97,val,mexican petunia
D:\Flower-Classification\data\flowers-102\jpg\image_06281.jpg,60,val,cautleya spicata
D:\Flower-Classification\data\flowers-102\jpg\image_04278.jpg,17,test,peruvian lily
D:\Flower-Classification\data\flowers-102\jpg\image_03292.jpg,7,test,bird of paradise
D:\Flower-Classification\data\flowers-102\jpg\image_03243.jpg,64,test,californian poppy
D:\Flower-Classification\data\flowers-102\jpg\image_02637.jpg,83,test,columbine
D:\Flower-Classification\data\flowers-102\jpg\image_02030.jpg,79,test,anthurium
D:\Flower-Classification\data\flowers-102\jpg\image_07872.jpg,98,train,bromelia
D:\Flower-Classification\data\flowers-102\jpg\image_01895.jpg,77,test,lotus
D:\Flower-Classification\data\flowers-102\jpg\image_02818.jpg,55,test,bishop of llandaff
D:\Flower-Classification\data\flowers-102\jpg\image_06984.jpg,34,val,alpine sea holly
D:\Flower-Classification\data\flowers-102\jpg\image_05905.jpg,67,val,bearded iris
D:\Flower-Classification\data\flowers-102\jpg\image_03231.jpg,64,test,californian poppy
D:\Flower-Classification\data\flowers-102\jpg\image_07614.jpg,95,test,camellia
D:\Flower-Classification\data\flowers-102\jpg\image_02008.jpg,79,test,anthurium
D:\Flower-Classification\data\flowers-102\jpg\image_03276.jpg,64,val,californian poppy
D:\Flower-Classification\data\flowers-102\jpg\image_00768.jpg,88,test,watercress
D:\Flower-Classification\data\flowers-102\jpg\image_01735.jpg,82,test,hibiscus
D:\Flower-Classification\data\flowers-102\jpg\image_05542.jpg,65,test,osteospermum
D:\Flower-Classification\data\flowers-102\jpg\image_04224.jpg,51,train,wild pansy
D:\Flower-Classification\data\flowers-102\jpg\image_05173.jpg,4,test,english marigold
D:\Flower-Classification\data\flowers-102\jpg\image_03728.jpg,52,test,primula
D:\Flower-Classification\data\flowers-102\jpg\image_07354.jpg,93,train,foxglove
D:\Flower-Classification\data\flowers-102\jpg\image_04099.jpg,28,test,artichoke
D:\Flower-Classification\data\flowers-102\jpg\image_03481.jpg,29,test,sweet william
D:\Flower-Classification\data\flowers-102\jpg\image_01723.jpg,82,test,hibiscus
D:\Flower-Classification\data\flowers-102\jpg\image_01315.jpg,50,test,petunia
D:\Flower-Classification\data\flowers-102\jpg\image_05277.jpg,27,test,stemless gentian
D:\Flower-Classification\data\flowers-102\jpg\image_01156.jpg,73,test,rose
D:\Flower-Classification\data\flowers-102\jpg\image_07671.jpg,95,test,camellia
D:\Flower-Classification\data\flowers-102\jpg\image_02175.jpg,74,test,thorn apple
D:\Flower-Classification\data\flowers-102\jpg\image_04552.jpg,70,test,gazania
D:\Flower-Classification\data\flowers-102\jpg\image_03845.jpg,16,test,purple coneflower
D:\Flower-Classification\data\flowers-102\jpg\image_04793.jpg,84,test,desert-rose
D:\Flower-Classification\data\flowers-102\jpg\image_03893.jpg,16,test,purple coneflower
D:\Flower-Classification\data\flowers-102\jpg\image_05048.jpg,58,test,orange dahlia
D:\Flower-Classification\data\flowers-102\jpg\image_01309.jpg,73,test,rose
D:\Flower-Classification\data\flowers-102\jpg\image_02064.jpg,79,test,anthurium
D:\Flower-Classification\data\flowers-102\jpg\image_00800.jpg,80,test,frangipani
D:\Flower-Classification\data\flowers-102\jpg\image_04897.jpg,19,train,giant white arum lily
D:\Flower-Classification\data\flowers-102\jpg\image_02654.jpg,57,test,geranium
D:\Flower-Classification\data\flowers-102\jpg\image_03224.jpg,64,test,californian poppy
D:\Flower-Classification\data\flowers-102\jpg\image_05731.jpg,41,train,daffodil
D:\Flower-Classification\data\flowers-102\jpg\image_07836.jpg,98,test,bromelia
D:\Flower-Classification\data\flowers-102\jpg\image_01898.jpg,77,test,lotus
D:\Flower-Classification\data\flowers-102\jpg\image_05182.jpg,4,train,english marigold
D:\Flower-Classification\data\flowers-102\jpg\image_03520.jpg,29,test,sweet william
D:\Flower-Classification\data\flowers-102\jpg\image_00466.jpg,87,test,cyclamen
D:\Flower-Classification\data\flowers-102\jpg\image_05036.jpg,58,train,orange dahlia
D:\Flower-Classification\data\flowers-102\jpg\image_02601.jpg,83,train,columbine
D:\Flower-Classification\data\flowers-102\jpg\image_03930.jpg,50,test,petunia
D:\Flower-Classification\data\flowers-102\jpg\image_06583.jpg,24,test,grape hyacinth
D:\Flower-Classification\data\flowers-102\jpg\image_05202.jpg,4,test,english marigold
D:\Flower-Classification\data\flowers-102\jpg\image_07069.jpg,66,train,spring crocus
D:\Flower-Classification\data\flowers-102\jpg\image_04807.jpg,84,train,desert-rose
D:\Flower-Classification\data\flowers-102\jpg\image_07757.jpg,97,test,mexican petunia
D:\Flower-Classification\data\flowers-102\jpg\image_04255.jpg,17,test,peruvian lily
D:\Flower-Classification\data\flowers-102\jpg\image_05178.jpg,4,val,english marigold
D:\Flower-Classification\data\flowers-102\jpg\image_03605.jpg,71,val,azalea
D:\Flower-Classification\data\flowers-102\jpg\image_05863.jpg,62,test,black-eyed susan
D:\Flower-Classification\data\flowers-102\jpg\image_04673.jpg,47,test,buttercup
D:\Flower-Classification\data\flowers-102\jpg\image_07014.jpg,38,test,siam tulip
D:\Flower-Classification\data\flowers-102\jpg\image_06029.jpg,92,test,ball moss
D:\Flower-Classification\data\flowers-102\jpg\image_06362.jpg,14,test,yellow iris
D:\Flower-Classification\data\flowers-102\jpg\image_04663.jpg,47,train,buttercup
D:\Flower-Classification\data\flowers-102\jpg\image_02072.jpg,74,test,thorn apple
D:\Flower-Classification\data\flowers-102\jpg\image_05772.jpg,12,val,king protea
D:\Flower-Classification\data\flowers-102\jpg\image_03974.jpg,50,test,petunia
D:\Flower-Classification\data\flowers-102\jpg\image_03381.jpg,22,test,fritillary
D:\Flower-Classification\data\flowers-102\jpg\image_06385.jpg,14,test,yellow iris
D:\Flower-Classification\data\flowers-102\jpg\image_05189.jpg,4,test,english marigold
D:\Flower-Classification\data\flowers-102\jpg\image_03391.jpg,22,test,fritillary
D:\Flower-Classification\data\flowers-102\jpg\image_00566.jpg,87,test,cyclamen
D:\Flower-Classification\data\flowers-102\jpg\image_02858.jpg,55,test,bishop of llandaff
D:\Flower-Classification\data\flowers-102\jpg\image_07004.jpg,34,test,alpine sea holly
D:\Flower-Classification\data\flowers-102\jpg\image_05717.jpg,41,test,daffodil
D:\Flower-Classification\data\flowers-102\jpg\image_06275.jpg,60,train,cautleya spicata
D:\Flower-Classification\data\flowers-102\jpg\image_01966.jpg,79,train,anthurium
D:\Flower-Classification\data\flowers-102\jpg\image_04120.jpg,28,test,artichoke
D:\Flower-Classification\data\flowers-102\jpg\image_01400.jpg,50,test,petunia
D:\Flower-Classification\data\flowers-102\jpg\image_06733.jpg,78,test,toad lily
D:\Flower-Classification\data\flowers-102\jpg\image_07571.jpg,94,train,bougainvillea
D:\Flower-Classification\data\flowers-102\jpg\image_05037.jpg,58,test,orange dahlia
D:\Flower-Classification\data\flowers-102\jpg\image_01295.jpg,73,train,rose
D:\Flower-Classification\data\flowers-102\jpg\image_06945.jpg,33,val,mexican aster
D:\Flower-Classification\data\flowers-102\jpg\image_00998.jpg,45,test,wallflower
D:\Flower-Classification\data\flowers-102\jpg\image_03398.jpg,22,test,fritillary
D:\Flower-Classification\data\flowers-102\jpg\image_07646.jpg,95,test,camellia
D:\Flower-Classification\data\flowers-102\jpg\image_03277.jpg,64,test,californian poppy
D:\Flower-Classification\data\flowers-102\jpg\image_00671.jpg,88,test,watercress
D:\Flower-Classification\data\flowers-102\jpg\image_01323.jpg,50,test,petunia
D:\Flower-Classification\data\flowers-102\jpg\image_00518.jpg,87,test,cyclamen
D:\Flower-Classification\data\flowers-102\jpg\image_02916.jpg,85,train,tree mallow
D:\Flower-Classification\data\flowers-102\jpg\image_01607.jpg,81,test,clematis
D:\Flower-Classification\data\flowers-102\jpg\image_07087.jpg,9,train,globe thistle
D:\Flower-Classification\data\flowers-102\jpg\image_01780.jpg,82,test,hibiscus
D:\Flower-Classification\data\flowers-102\jpg\image_01954.jpg,77,test,lotus
D:\Flower-Classification\data\flowers-102\jpg\image_05573.jpg,65,train,osteospermum
D:\Flower-Classification\data\flowers-102\jpg\image_03254.jpg,64,test,californian poppy
D:\Flower-Classification\data\flowers-102\jpg\image_01821.jpg,82,train,hibiscus
D:\Flower-Classification\data\flowers-102\jpg\image_06338.jpg,49,test,common dandelion
D:\Flower-Classification\data\flowers-102\jpg\image_01848.jpg,77,test,lotus
D:\Flower-Classification\data\flowers-102\jpg\image_05416.jpg,53,test,sunflower
D:\Flower-Classification\data\flowers-102\jpg\image_04627.jpg,47,test,buttercup
D:\Flower-Classification\data\flowers-102\jpg\image_06601.jpg,24,train,grape hyacinth
D:\Flower-Classification\data\flowers-102\jpg\image_04892.jpg,90,test,hippeastrum
D:\Flower-Classification\data\flowers-102\jpg\image_04210.jpg,51,test,wild pansy
D:\Flower-Classification\data\flowers-102\jpg\image_01208.jpg,73,test,rose
D:\Flower-Classification\data\flowers-102\jpg\image_01105.jpg,45,test,wallflower
D:\Flower-Classification\data\flowers-102\jpg\image_02866.jpg,85,train,tree mallow
D:\Flower-Classification\data\flowers-102\jpg\image_05639.jpg,3,test,sweet pea
D:\Flower-Classification\data\flowers-102\jpg\image_07297.jpg,36,test,cape flower
D:\Flower-Classification\data\flowers-102\jpg\image_01705.jpg,82,train,hibiscus
D:\Flower-Classification\data\flowers-102\jpg\image_06556.jpg,49,train,common dandelion
D:\Flower-Classification\data\flowers-102\jpg\image_00278.jpg,72,test,water lily
D:\Flower-Classification\data\flowers-102\jpg\image_02452.jpg,75,test,morning glory
D:\Flower-Classification\data\flowers-102\jpg\image_03305.jpg,7,test,bird of paradise
D:\Flower-Classification\data\flowers-102\jpg\image_03907.jpg,16,test,purple coneflower
D:\Flower-Classification\data\flowers-102\jpg\image_04803.jpg,84,test,desert-rose
D:\Flower-Classification\data\flowers-102\jpg\image_00396.jpg,72,test,water lily
D:\Flower-Classification\data\flowers-102\jpg\image_05408.jpg,53,test,sunflower
D:\Flower-Classification\data\flowers-102\jpg\image_04281.jpg,17,test,peruvian lily
D:\Flower-Classification\data\flowers-102\jpg\image_01930.jpg,77,test,lotus
D:\Flower-Classification\data\flowers-102\jpg\image_00027.jpg,76,test,passion flower
D:\Flower-Classification\data\flowers-102\jpg\image_07308.jpg,93,test,foxglove
